jurisdiccion,anio,cosechada,produccion,rendimiento_kgha,log_rend,temp_temporada,lluvia_temporada,temp_anom,lluvia_rel,cultivo
Buenos Aires,1981,460900,924500,2005.8581037101324,7.603827230082854,21.821999999999996,16.53,-0.2514285714285762,-5.149258829155001,Soja
Buenos Aires,1982,648100,950000,1465.8231754358894,7.290172258143053,22.308,8.86,0.234571428571428,-49.16046178017625,Soja
Buenos Aires,1983,713000,1670000,2342.215988779804,7.758852763978642,21.97,24.41,-0.10342857142857298,40.06694446341963,Soja
Buenos Aires,1984,825000,1600000,1939.3939393939395,7.5701308008753285,21.532,11.61,-0.5414285714285718,-33.38069540269145,Soja
Buenos Aires,1985,849350,1988000,2340.613410254901,7.758168315133337,21.924,16.87,-0.14942857142857235,-3.1983058952114285,Soja
Buenos Aires,1986,819000,1726400,2107.936507936508,7.653464789632938,21.96,21.83,-0.11342857142857099,25.262654552906593,Soja
Buenos Aires,1987,984200,2150000,2184.515342410079,7.689149271671967,21.622,25.410000000000004,-0.45142857142857196,45.80504132795957,Soja
Buenos Aires,1988,1109150,2100000,1893.3417481855474,7.546098667501409,22.97,14.11,0.896571428571427,-19.03545324134164,Soja
Buenos Aires,1989,1245000,2800000,2248.995983935743,7.718239166246624,21.804000000000002,28.53,-0.2694285714285698,63.707903545324115,Soja
Buenos Aires,1990,1264400,2799000,2213.698196773173,7.702419788156128,21.659999999999997,21.26,-0.41342857142857525,21.991939340118847,Soja
Buenos Aires,1991,1177510,2533100,2151.2343844213638,7.673797088659828,21.407999999999998,19.94,-0.6654285714285741,14.417651478926153,Soja
Buenos Aires,1992,1270420,2341100,1842.7764046535792,7.519028628906411,21.47,17.650000000000002,-0.603428571428573,1.2774096591297246,Soja
Buenos Aires,1993,1365330,2429300,1779.276804875012,7.483962271332171,20.919999999999998,23.04,-1.1534285714285737,32.20575175899991,Soja
Buenos Aires,1994,1363980,2608200,1912.1981260722298,7.556008710665629,22.1,14.319999999999999,0.02657142857142958,-17.830452899788252,Soja
Buenos Aires,1995,1279415,2377800,1858.5056451581386,7.527528027213532,22.630000000000003,12.799999999999999,0.5565714285714307,-26.552360133888943,Soja
Buenos Aires,1996,1390830,2531800,1820.351876217798,7.506785099964554,22.683999999999997,15.23,0.6105714285714257,-12.608784753056913,Soja
Buenos Aires,1997,1560890,3859680,2472.743114505186,7.813083386066558,20.682000000000002,20.89,-1.3914285714285697,19.868843500239073,Soja
Buenos Aires,1998,1699930,4579260,2693.7932738406876,7.898705618257851,21.762,20.130000000000003,-0.3114285714285714,15.507889883188742,Soja
Buenos Aires,1999,1744160,3777100,2165.5696725071093,7.680438734003246,22.606,11.11,0.5325714285714298,-36.249743834961414,Soja
Buenos Aires,2000,2304368,5725568,2484.6587003464724,7.817890585173227,21.907999999999998,21.080000000000002,-0.16542857142857414,20.959081904501666,Soja
Buenos Aires,2001,2151310,5776800,2685.2475933268565,7.8955282162211144,21.284,22.479999999999997,-0.7894285714285729,28.99241751485755,Soja
Buenos Aires,2002,2450723,7142260,2914.348133183554,7.977401448796885,21.74,21.150000000000002,-0.3334285714285734,21.36074868501947,Soja
Buenos Aires,2003,3133613,7852000,2505.7337967387803,7.826336903452373,21.892000000000003,16.509999999999998,-0.18142857142856883,-5.264020766445821,Soja
Buenos Aires,2004,3251098,10004030,3077.1234825895745,8.031750505355163,21.968,16.79,-0.10542857142857187,-3.657353644374628,Soja
Buenos Aires,2005,3665000,10526712,2872.2270122783084,7.962842970316752,21.43,19.4,-0.6434285714285721,11.319079172074575,Soja
Buenos Aires,2006,4009918,11653275,2906.113042710599,7.974571743136418,22.518,22.55,0.44457142857142884,29.394084295375357,Soja
Buenos Aires,2007,4147880,12245801,2952.303586410407,7.9903410213575325,21.604,14.920000000000002,-0.46942857142857264,-14.387594781064283,Soja
Buenos Aires,2008,5059042,6733393,1330.9620675218746,7.193657318756751,23.536,10.969999999999999,1.4625714285714295,-37.053077395997,Soja
Buenos Aires,2009,5284478,16003570,3028.410753152913,8.015793256993193,21.93,25.27,-0.14342857142857213,45.00170776692396,Soja
Buenos Aires,2010,5843343,15465224,2646.6397745263284,7.881046104763136,22.200000000000003,10.4,0.126571428571431,-40.32379260878476,Soja
Buenos Aires,2011,5795495,15396122,2656.5672129818076,7.884790046900421,22.796,14.83,0.7225714285714275,-14.904023498872876,Soja
Buenos Aires,2012,6537850,17601828,2692.2960912226495,7.8981496740262855,21.77,16.93,-0.30342857142857227,-2.8540200833390372,Soja
Buenos Aires,2013,6428159,17143374,2666.9181642831177,7.8886788391529725,22.148000000000003,24.93,0.0745714285714314,43.050754832980374,Soja
Buenos Aires,2014,6495062,19592375,3016.5031527027763,8.011853543032856,21.902,15.690000000000001,-0.17142857142857082,-9.969260195368534,Soja
Buenos Aires,2015,6735119,21951941,3259.3248909187796,8.089275364239711,22.534,15.870000000000001,0.4605714285714271,-8.93640275975135,Soja
Buenos Aires,2016,5621678,17383411,3092.2103685056313,8.036641443778981,22.574,16.259999999999998,0.5005714285714298,-6.698544982580801,Soja
Buenos Aires,2017,5239391,11844661,2260.694229539273,7.72342722630791,22.232000000000003,12.020000000000001,0.15857142857143103,-31.02807568823007,Soja
Buenos Aires,2018,5459730,17667049,3235.88327627923,8.082057207156765,21.372,21.75,-0.701428571428572,24.803606803743406,Soja
Buenos Aires,2019,5116458,15160896,2963.162406492929,7.994012357577689,22.637999999999998,13.420000000000002,0.5645714285714263,-22.994740077874166,Soja
Buenos Aires,2020,5228595,13532893,2588.2465557190794,7.858735919907997,22.116,13.85,0.042571428571427816,-20.52735842612201,Soja
Buenos Aires,2021,4949131,13537109,2735.2496832272172,7.91397800254562,22.312,14.150000000000002,0.23857142857142932,-18.805929366760022,Soja
Buenos Aires,2022,4407182,8490928,1926.6116080524926,7.563518095454595,24.846,6.2,2.7725714285714282,-64.42379943985246,Soja
Catamarca,1981,2000,2600,1300.0,7.170119543449628,23.128000000000004,10.41,-0.23268421052631183,-15.740819630229186,Soja
Catamarca,1986,5000,5000,1000.0,6.907755278982137,24.262,11.870000000000001,0.901315789473685,-3.9234898185226075,Soja
Catamarca,1987,7900,12400,1569.620253164557,7.358588992120152,23.458,14.66,0.09731578947368291,18.658941807957753,Soja
Catamarca,1988,4000,4000,1000.0,6.907755278982137,24.616,11.67,1.2553157894736842,-5.542302121496123,Soja
Catamarca,1989,10000,20000,2000.0,7.600902459542082,23.52,11.98,0.15931578947368408,-3.0331430518871882,Soja
Catamarca,1990,14000,33600,2400.0,7.783224016336037,23.868000000000002,13.08,0.5073157894736866,5.870324614467082,Soja
Catamarca,1991,15700,36700,2337.579617834395,7.756871321688399,22.756,17.15,-0.6046842105263153,38.81315497997784,Soja
Catamarca,1992,7000,14000,2000.0,7.600902459542082,23.052000000000003,13.719999999999999,-0.30868421052631234,11.050523983982274,Soja
Catamarca,1993,10000,24000,2400.0,7.783224016336037,23.616000000000003,8.45,0.2553157894736877,-31.60518019936952,Soja
Catamarca,1994,14000,29400,2100.0,7.649692623711514,24.204,8.33,0.8433157894736851,-32.576467581153615,Soja
Catamarca,1995,12000,15600,1300.0,7.170119543449628,23.804000000000002,8.02,0.44331578947368655,-35.08562665076255,Soja
Catamarca,1996,15000,34500,2300.0,7.7406644019172415,23.25,11.1,-0.1106842105263155,-10.155917184970608,Soja
Catamarca,1997,14000,42000,3000.0,8.006367567650246,23.165999999999997,9.96,-0.19468421052631868,-19.383147311919558,Soja
Catamarca,1998,18000,52200,2900.0,7.9724660159745655,23.062000000000005,13.440000000000001,-0.2986842105263108,8.784186759819379,Soja
Catamarca,1999,12600,35300,2801.5873015873017,7.937941428963956,21.369999999999997,16.56,-1.990684210526318,34.03765868620601,Soja
Catamarca,2000,23000,64400,2800.0,7.937374696163295,23.077999999999996,14.21,-0.28268421052631965,15.016614126267381,Soja
Catamarca,2001,35000,98000,2800.0,7.937374696163295,22.718,13.87,-0.6426842105263155,12.264633211212406,Soja
Catamarca,2002,40000,112000,2800.0,7.937374696163295,23.506,9.780000000000001,0.14531578947368473,-20.840078384595706,Soja
Catamarca,2003,37000,107300,2900.0,7.9724660159745655,24.169999999999998,7.1499999999999995,0.8093157894736827,-42.12746016869728,Soja
Catamarca,2004,40394,90270,2234.7378323513394,7.711879199206004,23.652,9.46,0.2913157894736855,-23.430178069353314,Soja
Catamarca,2005,46000,126280,2745.217391304348,7.917615546182833,23.854,8.1,0.4933157894736837,-34.43810172957315,Soja
Catamarca,2006,46000,128800,2800.0,7.937374696163295,23.588,9.37,0.22731578947368547,-24.15864360569141,Soja
Catamarca,2007,50000,150000,3000.0,8.006367567650246,22.592,15.69,-0.7686842105263167,26.99582516827128,Soja
Catamarca,2008,50000,115000,2300.0,7.7406644019172415,23.750000000000004,9.15,0.38931578947368806,-25.939337138962248,Soja
Catamarca,2009,53000,132500,2500.0,7.824046010856292,24.518,8.56,1.1573157894736852,-30.71483343273408,Soja
Catamarca,2010,53000,116600,2200.0,7.696212639346407,21.766,12.719999999999999,-1.5946842105263173,2.9564624691147623,Soja
Catamarca,2011,37000,70300,1900.0,7.549609165154532,24.062,8.52,0.7013157894736857,-31.03859589332879,Soja
Catamarca,2012,21900,24075,1099.3150684931506,7.002442599843871,23.724,7.68,0.3633157894736847,-37.8376075658175,Soja
Catamarca,2013,13530,25370,1875.0923872875092,7.536413210410631,22.902000000000005,16.53,-0.4586842105263109,33.79483684076001,Soja
Catamarca,2014,25930,58874,2270.4974932510604,7.727754246485892,22.762,17.4,-0.598684210526315,40.83667035869472,Soja
Catamarca,2015,56092,161667,2882.1757113313843,7.966300743240651,22.806,14.14,-0.5546842105263146,14.45002982022665,Soja
Catamarca,2016,28160,73227,2600.390625,7.863416953109232,23.598,13.540000000000001,0.23731578947368348,9.593592911306125,Soja
Catamarca,2017,38070,89016,2338.2190701339637,7.75714483744313,23.291999999999998,12.23,-0.06868421052631746,-1.0096276731703102,Soja
Catamarca,2018,41600,135800,3264.423076923077,8.090838326839515,22.07,20.86,-1.2906842105263152,68.84212320013631,Soja
Catamarca,2019,39580,92615,2339.944416371905,7.757882454382404,24.168,11.370000000000001,0.8073157894736838,-7.970520575956364,Soja
Catamarca,2020,39530,106251,2687.857323551733,7.896499621198485,22.486,15.95,-0.8746842105263148,29.10028116213683,Soja
Catamarca,2021,37120,84640,2280.1724137931033,7.732006339174126,23.354,13.07,-0.006684210526316292,5.789383999318409,Soja
Catamarca,2022,41350,63948,1546.5054413542925,7.343753110615082,24.157999999999998,19.729999999999997,0.7973157894736822,59.69583368833602,Soja
Chaco,1983,3400,3800,1117.6470588235295,7.018980914092362,26.668,31.990000000000002,0.14750000000000085,22.027045068757054,Soja
Chaco,1984,5200,8870,1705.7692307692307,7.441771449716243,26.274,29.749999999999996,-0.2464999999999975,13.48248173790314,Soja
Chaco,1985,8780,10800,1230.0683371298405,7.114825005465286,28.802000000000003,25.16,2.2815000000000047,-4.026244015944758,Soja
Chaco,1986,11000,17000,1545.4545454545455,7.343073350239982,25.65,28.54,-0.8704999999999998,8.866891724361547,Soja
Chaco,1987,14000,25000,1785.7142857142858,7.487573774235079,26.798000000000002,24.4,0.2775000000000034,-6.9252922889130435,Soja
Chaco,1988,60000,105000,1750.0,7.4673710669175595,27.806,21.35,1.2855000000000025,-18.559630752798906,Soja
Chaco,1989,68000,110000,1617.6470588235295,7.388727939598446,26.406,26.580000000000002,-0.1144999999999996,1.3903988098644016,Soja
Chaco,1990,50000,76700,1534.0,7.335633981927201,26.428000000000004,23.14,-0.09249999999999403,-11.731609162518353,Soja
Chaco,1991,70000,133100,1901.4285714285713,7.550360762333844,25.65,31.17,-0.8704999999999998,18.89912456371232,Soja
Chaco,1992,128000,230500,1800.78125,7.495975877499223,25.714,23.689999999999998,-0.8064999999999998,-9.633613701817634,Soja
Chaco,1993,144000,201600,1400.0,7.24422751560335,24.974,36.49,-1.5464999999999982,39.192462474490284,Soja
Chaco,1994,132000,170300,1290.1515151515152,7.162514944064409,26.421999999999997,28.9,-0.09850000000000136,10.240125116820199,Soja
Chaco,1995,70500,103600,1469.5035460992908,7.292679898989297,27.240000000000002,27.05,0.7195000000000036,3.183231294463207,Soja
Chaco,1996,123000,246000,2000.0,7.600902459542082,25.99,29.86,-0.5305,13.902080830043296,Soja
Chaco,1997,85800,159600,1860.13986013986,7.528406957503929,25.529999999999998,39.59,-0.9905000000000008,51.017527798439865,Soja
Chaco,1998,195000,430000,2205.128205128205,7.698540929105999,26.448,26.64,-0.07249999999999801,1.6192710419408396,Soja
Chaco,1999,350000,629200,1797.7142857142858,7.4942712956828,26.712,22.18,0.19150000000000134,-15.39356487574145,Soja
Chaco,2000,406400,830800,2044.291338582677,7.622806474719822,25.824,27.830000000000002,-0.6964999999999968,6.158570311456968,Soja
Chaco,2001,548300,1154978,2106.4709100857194,7.652769271727572,26.648000000000003,27.95,0.12750000000000483,6.616314775609844,Soja
Chaco,2002,729100,1572570,2156.864627623097,7.676410884856919,25.454,27.529999999999998,-1.0664999999999978,5.014209151074733,Soja
Chaco,2003,723425,824595,1139.8486366935065,7.038650757742926,26.169999999999998,23.93,-0.35050000000000026,-8.718124773511848,Soja
Chaco,2004,627936,862198,1373.066681954849,7.224801971198155,26.32,22.650000000000002,-0.20049999999999812,-13.600732391142634,Soja
Chaco,2005,554567,1348380,2431.410451757858,7.796226800770782,27.381999999999998,23.05,0.8614999999999995,-12.074917510633021,Soja
Chaco,2006,671722,1254960,1868.2728867001526,7.532769693076675,26.496000000000002,30.64,-0.02449999999999619,16.877419847037057,Soja
Chaco,2007,711250,1647879,2316.8773286467485,7.747975578985365,27.163999999999998,14.7,0.6434999999999995,-43.92630314127138,Soja
Chaco,2008,593339,645397,1087.7373643060712,6.9918550051748465,26.97,18.779999999999998,0.44950000000000045,-28.36299136007324,Soja
Chaco,2009,639840,1546513,2417.0308202050514,7.790295132051663,26.27,37.14,-0.25049999999999883,41.671911655318425,Soja
Chaco,2010,691852,1642321,2373.8039349456244,7.772248983277794,26.268,21.95,-0.2524999999999977,-16.27090843203448,Soja
Chaco,2011,383087,292035,762.3203084416856,6.6363668196490515,27.426,17.79,0.9055,-32.13938318933456,Soja
Chaco,2012,423580,553794,1307.4130034468105,7.175805657164666,26.166000000000004,25.15,-0.3544999999999945,-4.064389387957512,Soja
Chaco,2013,576330,1384537,2402.3337324102513,7.784195932376861,26.75,31.29,0.2295000000000016,19.356869027865198,Soja
Chaco,2014,572635,1191340,2080.4526443546065,7.640340766498291,26.186,26.790000000000003,-0.33449999999999847,2.191451622131968,Soja
Chaco,2015,532757,1020146,1914.8429771922283,7.557390902008604,25.562,33.52,-0.9584999999999972,27.86328698670635,Soja
Chaco,2016,457348,1414659,3093.1784986487314,8.036954481543235,25.976,26.0,-0.5444999999999993,-0.8220327668745586,Soja
Chaco,2017,496315,1064920,2145.6534660447496,7.671199431141602,26.164000000000005,23.349999999999998,-0.3564999999999934,-10.930556350250809,Soja
Chaco,2018,399760,1038828,2598.6291775065038,7.862739345549421,25.196,37.919999999999995,-1.324499999999997,44.64725067231217,Soja
Chaco,2019,504874,1404299,2781.484093060843,7.930739910664138,26.672000000000004,23.01,0.15150000000000574,-12.227498998683972,Soja
Chaco,2020,562438,1088975,1936.1689644014095,7.568466539029009,27.067999999999994,20.16,0.5474999999999959,-23.098930022315034,Soja
Chaco,2021,614710,1649432,2683.2685331294433,7.894790932308597,28.308,18.16,1.7875000000000014,-30.728004424863155,Soja
Chaco,2022,561722,1057294,1882.237120853376,7.540216306285983,28.868000000000002,12.85,2.3475000000000037,-50.98319696362839,Soja
Corrientes,1981,28500,48200,1691.2280701754387,7.433210212764087,26.168,21.27,-0.3165000000000049,-18.98454535932279,Soja
Corrientes,1982,20000,37700,1885.0,7.541683099882111,25.282,38.5,-1.2025000000000041,46.64292447889389,Soja
Corrientes,1983,26500,45000,1698.1132075471698,7.43727303576028,26.668,31.990000000000002,0.1834999999999951,21.846939067008186,Soja
Corrientes,1984,20000,29400,1470.0,7.293017679772782,26.274,29.749999999999996,-0.21050000000000324,13.31498709732708,Soja
Corrientes,1985,25000,27000,1080.0,6.984716320118266,28.802000000000003,25.16,2.317499999999999,-4.167896626260514,Soja
Corrientes,1986,6900,14000,2028.9855072463768,7.615291196994182,25.65,28.54,-0.8345000000000056,8.70620947084757,Soja
Corrientes,1987,9000,18000,2000.0,7.600902459542082,26.798000000000002,24.4,0.31349999999999767,-7.062666044545185,Soja
Corrientes,1988,10000,20000,2000.0,7.600902459542082,27.806,21.35,1.3214999999999968,-18.679832788977023,Soja
Corrientes,1989,12000,24000,2000.0,7.600902459542082,26.406,26.580000000000002,-0.07850000000000534,1.2407514973766132,Soja
Corrientes,1990,7000,9800,1400.0,7.24422751560335,26.428000000000004,23.14,-0.05649999999999977,-11.86188902749079,Soja
Corrientes,1992,2100,3700,1761.904761904762,7.474150753902938,25.714,23.689999999999998,-0.7705000000000055,-9.76699010636375,Soja
Corrientes,1993,2040,3800,1862.7450980392157,7.529806537858352,24.974,36.49,-1.510500000000004,38.98702114895683,Soja
Corrientes,1994,2240,4112,1835.7142857142858,7.515188941268052,26.421999999999997,28.9,-0.0625000000000071,10.077416037403442,Soja
Corrientes,1996,3000,5600,1866.6666666666667,7.5319095880551306,25.99,29.86,-0.4945000000000057,13.733966881552506,Soja
Corrientes,1997,2900,5050,1741.3793103448277,7.462432785276977,25.529999999999998,39.59,-0.9545000000000066,50.79463324985478,Soja
Corrientes,1998,4120,8600,2087.378640776699,7.643664318880164,26.448,26.64,-0.03650000000000375,1.4692859251359325,Soja
Corrientes,1999,3600,7900,2194.4444444444443,7.693684192993048,26.712,22.18,0.2274999999999956,-15.518439871639844,Soja
Corrientes,2000,3015,5840,1936.9817578772802,7.568886245643124,25.824,27.830000000000002,-0.6605000000000025,6.0018854090290175,Soja
Corrientes,2001,3765,4800,1274.9003984063745,7.150623335644125,26.648000000000003,27.95,0.1634999999999991,6.458954264547634,Soja
Corrientes,2002,9235,18620,2016.242555495398,7.608990937179855,25.454,27.529999999999998,-1.0305000000000035,4.859213270232421,Soja
Corrientes,2003,16465,21314,1294.5034922563013,7.165882496952574,26.169999999999998,23.93,-0.314500000000006,-8.852852395326483,Soja
Corrientes,2004,19374,32107,1657.2210178589862,7.4128973928762525,26.32,22.650000000000002,-0.16450000000000387,-13.728253520858525,Soja
Corrientes,2005,18595,34210,1839.7418660930357,7.517380550594617,27.381999999999998,23.05,0.8974999999999937,-12.20469066912977,Soja
Corrientes,2006,19000,33600,1768.421052631579,7.477842366784855,26.496000000000002,30.64,0.011499999999998067,16.70491444242359,Soja
Corrientes,2007,27071,45806,1692.0690037309298,7.433707321681476,27.163999999999998,14.7,0.6794999999999938,-44.00906519896779,Soja
Corrientes,2008,23455,24090,1027.073118738009,6.934468403828496,26.97,18.779999999999998,0.4854999999999947,-28.468724111334375,Soja
Corrientes,2009,19895,34845,1751.4450867052024,7.468196489993727,26.27,37.14,-0.21450000000000458,41.46281078301608,Soja
Corrientes,2010,16615,29068,1749.5034607282576,7.467087289929969,26.268,21.95,-0.21650000000000347,-16.394488511383887,Soja
Corrientes,2011,25000,25000,1000.0,6.907755278982137,27.426,17.79,0.9414999999999942,-32.23954216936307,Soja
Corrientes,2012,15000,18000,1200.0,7.090076835776092,26.166000000000004,25.15,-0.3185000000000002,-4.205985697553749,Soja
Corrientes,2013,25000,50000,2000.0,7.600902459542082,26.75,31.29,0.26549999999999585,19.180704076482847,Soja
Corrientes,2014,20000,40000,2000.0,7.600902459542082,26.186,26.790000000000003,-0.2985000000000042,2.0406219945342086,Soja
Corrientes,2015,23000,41400,1800.0,7.495541943884256,25.562,33.52,-0.922500000000003,27.67456697487074,Soja
Corrientes,2016,20000,40000,2000.0,7.600902459542082,25.976,26.0,-0.5085000000000051,-0.9684146376301106,Soja
Corrientes,2017,20000,40000,2000.0,7.600902459542082,26.164000000000005,23.349999999999998,-0.3204999999999991,-11.062018530333207,Soja
Corrientes,2018,5190,13712,2642.003853564547,7.879292943659764,25.196,37.919999999999995,-1.2885000000000026,44.43375834388714,Soja
Corrientes,2019,5190,13074,2519.0751445086707,7.831647106994878,26.672000000000004,23.01,0.1875,-12.357046954302643,Soja
Corrientes,2020,5190,13074,2519.0751445086707,7.831647106994878,27.067999999999994,20.16,0.5834999999999901,-23.21243227287011,Soja
Corrientes,2021,5190,7436,1432.7552986512524,7.2673546516635374,28.308,18.16,1.8234999999999957,-30.83024653151395,Soja
Corrientes,2022,6000,8501,1416.8333333333333,7.256179613389304,28.868000000000002,12.85,2.383499999999998,-51.055543388213344,Soja
Córdoba,1981,480000,978500,2038.5416666666667,7.619989961916332,21.302,19.970000000000002,-0.1819047619047609,-0.24025881345448585,Soja
Córdoba,1982,618500,1330000,2150.363783346807,7.673392308365394,21.106,21.830000000000002,-0.37790476190475886,9.051334506874742,Soja
Córdoba,1983,862500,2113500,2450.4347826086955,7.804020750083467,21.684,24.09,0.20009523809524055,20.341119939102704,Soja
Córdoba,1984,990000,1800000,1818.1818181818182,7.505592279737757,20.608,20.490000000000002,-0.87590476190476,2.357390932013903,Soja
Córdoba,1985,948100,1730000,1824.7020356502478,7.509171984550048,21.753999999999998,17.85,0.2700952380952373,-10.830677006517908,Soja
Córdoba,1986,1061000,1850000,1743.6380772855796,7.463729058440524,21.961999999999996,20.950000000000003,0.4780952380952357,4.655311860697475,Soja
Córdoba,1987,1296400,2950000,2275.532243134835,7.7299692570486105,21.68,20.75,0.1960952380952392,3.6562158047480864,Soja
Córdoba,1988,1156000,1720000,1487.8892733564014,7.305113799557313,23.092000000000002,18.81,1.6080952380952418,-6.035015937960897,Soja
Córdoba,1989,1340000,2650000,1977.6119402985075,7.589645305017448,21.508,22.33,0.024095238095238614,11.54907464674817,Soja
Córdoba,1990,1185300,2642300,2229.224668860204,7.709409121873252,21.916,18.21,0.43209523809523986,-9.03230410580903,Soja
Córdoba,1991,1317800,2969100,2253.073303991501,7.7200504760731725,20.869999999999997,24.279999999999998,-0.6139047619047631,21.29026119225461,Soja
Córdoba,1992,1357700,3183600,2344.84790454445,7.759975819307596,20.759999999999998,22.32,-0.7239047619047625,11.499119843950712,Soja
Córdoba,1993,1552800,3032900,1953.1813498196807,7.577214783616258,20.992,22.39,-0.4919047619047596,11.848803463532986,Soja
Córdoba,1994,1563100,2658700,1700.9148486980998,7.4389215315885195,21.663999999999998,15.11,0.18009523809523742,-24.518292973024415,Soja
Córdoba,1995,1686800,3479400,2062.722314441546,7.631781901220182,21.284,19.150000000000002,-0.19990476190476159,-4.336552642846936,Soja
Córdoba,1996,1818700,2906200,1597.954582943861,7.37647970473576,21.586000000000002,15.470000000000002,0.10209523809524157,-22.719920072315514,Soja
Córdoba,1997,2070300,5820700,2811.5248997729796,7.9414822840945964,19.985999999999997,25.549999999999997,-1.4979047619047634,27.634521147533174,Soja
Córdoba,1998,2459950,5263300,2139.596333258806,7.668372460904835,21.284,20.48,-0.19990476190476159,2.3074361292164225,Soja
Córdoba,1999,2705081,6928610,2561.331804851685,7.848282638467824,19.721999999999998,23.48,-1.7619047619047628,17.2938769684571,Soja
Córdoba,2000,3088960,8154199,2639.7878250284884,7.878453823603185,21.088,26.35,-0.39590476190475954,31.63090537133071,Soja
Córdoba,2001,3447371,9658300,2801.6421789241713,7.937961016716719,21.09,18.23,-0.39390476190476065,-8.932394500214091,Soja
Córdoba,2002,3543401,9851101,2780.125929862299,7.9302515041703545,21.488,21.8,0.00409523809523904,8.901470098482323,Soja
Córdoba,2003,4128670,8376201,2028.7891742377085,7.615194428186531,21.976,16.07,0.4920952380952386,-19.72263190446739,Soja
Córdoba,2004,3925910,11190869,2850.515931338212,7.955255285418731,20.598000000000003,27.299999999999997,-0.885904761904758,36.37661163709023,Soja
Córdoba,2005,4273718,11123165,2602.6904442455025,7.8643009752356114,21.407999999999998,18.51,-0.07590476190476281,-7.533660021884958,Soja
Córdoba,2006,4447482,14173030,3186.7537631405817,8.066758048533309,21.114,25.77,-0.36990476190475974,28.733526809077503,Soja
Córdoba,2007,4665980,12763880,2735.519655034955,7.914076698648952,21.748,18.35,0.2640952380952406,-8.332936866644458,Soja
Córdoba,2008,5127001,11168757,2178.4191187011666,7.686354717808903,22.25,15.49,0.7660952380952395,-22.620010466720586,Soja
Córdoba,2009,5034290,13011805,2584.635569265974,7.857339797996695,22.404000000000003,19.5,0.920095238095243,-2.5881345449355386,Soja
Córdoba,2010,5033512,12230176,2429.750043309721,7.795543668208344,21.154,14.740000000000002,-0.3299047619047606,-26.36662067653075,Soja
Córdoba,2011,4856851,9783900,2014.453397890938,7.6081031710259905,22.032,15.0,0.5480952380952395,-25.067795803796567,Soja
Córdoba,2012,5256042,13180784,2507.739473923534,7.827137018336197,21.497999999999998,14.21,0.01409523809523705,-29.014225224796608,Soja
Córdoba,2013,4965360,14917671,3004.3483251969647,8.007815959955833,21.24,22.63,-0.24390476190476207,13.047718730672253,Soja
Córdoba,2014,5284530,18619067,3523.315602333604,8.167157757733257,20.814,30.78,-0.6699047619047604,53.76088301060946,Soja
Córdoba,2015,5299930,17922969,3381.736928600944,8.126144740685259,21.195999999999998,22.77,-0.28790476190476255,13.747085969836803,Soja
Córdoba,2016,4772498,15659788,3281.2560633865114,8.09598157422745,22.258,15.5,0.7740952380952386,-22.570055663923117,Soja
Córdoba,2017,4181879,10732887,2566.522608616844,7.850307191085596,22.386,11.62,0.9020952380952387,-41.95251914934107,Soja
Córdoba,2018,4352011,15355555,3528.3814769769656,8.168594539676059,21.05,22.27,-0.4339047619047598,11.249345829963353,Soja
Córdoba,2019,4491912,13467681,2998.206776980493,8.005769647925367,22.374000000000002,21.259999999999998,0.8900952380952418,6.203910747418995,Soja
Córdoba,2020,4226048,13625152,3224.088320814151,8.07840549804476,21.272,17.2,-0.21190476190476204,-14.0777391883534,Soja
Córdoba,2021,4172550,11910526,2854.495692082779,7.956650466236169,21.802,16.619999999999997,0.3180952380952391,-16.975117750606607,Soja
Córdoba,2022,3983383,6264013,1572.5359575014504,7.360444854768774,23.323999999999998,15.28,1.8400952380952376,-23.669061325467432,Soja
Entre Ríos,1981,9700,14600,1505.1546391752577,7.31665092218709,24.618,16.54,-0.3100000000000058,-23.916543453261053,Soja
Entre Ríos,1982,13100,20600,1572.5190839694656,7.360434124570567,24.796,20.849999999999998,-0.132000000000005,-4.090685066535249,Soja
Entre Ríos,1983,22000,36200,1645.4545454545455,7.405771944455546,25.168,28.17,0.23999999999999488,29.581074420897014,Soja
Entre Ríos,1984,20000,26000,1300.0,7.170119543449628,24.458000000000002,15.9,-0.4700000000000024,-26.860522424839818,Soja
Entre Ríos,1985,26750,53700,2007.4766355140187,7.604633807154941,25.304000000000002,16.16,0.37599999999999767,-25.664530967635947,Soja
Entre Ríos,1986,32950,54800,1663.1259484066768,7.416454211987591,25.334,25.119999999999997,0.40599999999999525,15.551174634466891,Soja
Entre Ríos,1987,46880,87000,1855.8020477815699,7.526072252367964,24.889999999999997,21.689999999999998,-0.03800000000000736,-0.2267126663381025,Soja
Entre Ríos,1988,35950,54000,1502.0862308762169,7.314610241379356,26.833999999999996,13.469999999999999,1.9059999999999917,-38.03844258255299,Soja
Entre Ríos,1989,51000,115000,2254.901960784314,7.720861774621062,25.094,30.02,0.16599999999999682,38.09101363561689,Soja
Entre Ríos,1990,51000,81800,1603.921568627451,7.380206889866512,25.338,22.55,0.4099999999999966,3.729259076720881,Soja
Entre Ríos,1991,49600,108700,2191.532258064516,7.692356239378419,24.452,22.209999999999997,-0.47600000000000264,2.1652702480696506,Soja
Entre Ríos,1992,73870,152300,2061.730066332747,7.631300747342607,24.503999999999998,20.2,-0.4240000000000066,-7.0806637095449325,Soja
Entre Ríos,1993,92050,183800,1996.7409016838674,7.599271581224637,24.286,17.09,-0.642000000000003,-21.386561524560545,Soja
Entre Ríos,1994,126520,305750,2416.613974075245,7.790122655111971,24.844,22.11,-0.08400000000000318,1.7052735337604652,Soja
Entre Ríos,1995,141900,308220,2172.093023255814,7.683446508523372,25.432,20.64,0.5039999999999942,-5.056678166584517,Soja
Entre Ríos,1996,208300,281450,1351.1761881901105,7.208730742625247,25.593999999999998,14.950000000000001,0.6659999999999933,-31.230491210777057,Soja
Entre Ríos,1997,264900,727200,2745.1868629671576,7.917604425567382,23.442,31.75,-1.4860000000000042,46.048956793165765,Soja
Entre Ríos,1998,376900,764500,2028.3894932342796,7.6149974040781645,25.262,18.83,0.3339999999999961,-13.38261869558075,Soja
Entre Ríos,1999,315493,535000,1695.7587014608882,7.435885531147766,24.856,16.16,-0.07200000000000273,-25.664530967635947,Soja
Entre Ríos,2000,577400,1658000,2871.492899203325,7.962587347448543,24.29,23.470000000000002,-0.6380000000000052,7.961228848365387,Soja
Entre Ríos,2001,788100,1914900,2429.767795964979,7.795550974552654,24.534,17.7,-0.39400000000000546,-18.580581567274525,Soja
Entre Ríos,2002,1047400,2809000,2681.8789383234675,7.894272924240993,24.112000000000002,32.96,-0.8160000000000025,51.61491703630689,Soja
Entre Ríos,2003,1190100,2307370,1938.8034618939585,7.569826289555535,25.232000000000003,12.24,0.3039999999999985,-43.696402168555935,Soja
Entre Ríos,2004,1239782,3053868,2463.229825888745,7.809228705130984,24.316,30.57,-0.6120000000000054,40.6209955643174,Soja
Entre Ríos,2005,1293400,2801724,2166.1697850626256,7.680715810944384,24.82,19.909999999999997,-0.10800000000000409,-8.41465418104158,Soja
Entre Ríos,2006,1420650,3927476,2764.562700172456,7.924637745995543,24.596,40.14,-0.3320000000000043,84.64268112370628,Soja
Entre Ríos,2007,1410445,3289065,2331.9342477019663,7.754453351404767,24.562,12.759999999999998,-0.3660000000000032,-41.30441925414819,Soja
Entre Ríos,2008,947485,1143899,1207.300379425532,7.096142054614389,26.062,17.509999999999998,1.1339999999999968,-19.454575324461977,Soja
Entre Ríos,2009,1465500,4038205,2755.5134766291367,7.9213590841221215,24.434,35.71,-0.4940000000000033,64.26482667980945,Soja
Entre Ríos,2010,1465000,3597310,2455.5017064846415,7.806086380443277,24.85,15.95,-0.07800000000000296,-26.630524067685236,Soja
Entre Ríos,2011,1325200,3099513,2338.902052520374,7.75743688991445,25.400000000000002,18.52,0.47199999999999775,-14.808608509939214,Soja
Entre Ríos,2012,1417550,3528855,2489.4042538182075,7.819798705337895,24.128,20.08,-0.8000000000000043,-7.632659766715955,Soja
Entre Ríos,2013,1502400,3974603,2645.502529286475,7.880616318414973,24.828000000000003,26.89,-0.10000000000000142,23.69311647773944,Soja
Entre Ríos,2014,1560690,4324895,2771.142891926007,7.92701511045009,24.09,24.65,-0.8380000000000045,13.38919007721373,Soja
Entre Ríos,2015,1313500,2561150,1949.8667681766274,7.575516325211615,25.024,23.499999999999996,0.09599999999999653,8.09922786265811,Soja
Entre Ríos,2016,1319150,3701589,2806.041011257249,7.939529876114135,24.342,26.18,-0.5860000000000056,20.427139806144233,Soja
Entre Ríos,2017,1185200,1368200,1154.4043199460007,7.051339749609625,25.798000000000002,11.34,0.8699999999999974,-47.836372597338595,Soja
Entre Ríos,2018,1171200,3252276,2776.875,7.929081473690173,23.581999999999997,34.4,-1.3460000000000072,58.23886972235912,Soja
Entre Ríos,2019,1158550,2489320,2148.6513314056365,7.672595636576143,25.418,21.54,0.4899999999999949,-0.9167077378018695,Soja
Entre Ríos,2020,1090820,1974518,1810.1226600172347,7.501149889929049,24.878,20.07,-0.05000000000000426,-7.6786594381468625,Soja
Entre Ríos,2021,1077600,2565755,2380.9901633259096,7.775271715157837,25.49,21.380000000000003,0.5619999999999941,-1.6527024806965551,Soja
Entre Ríos,2022,653800,634952,971.1716121137963,6.878503190176428,27.683999999999997,11.17,2.755999999999993,-48.6183670116642,Soja
Formosa,1983,5500,11000,2000.0,7.600902459542082,28.369999999999997,23.27,0.9402857142857108,-3.7620194082980007,Soja
Formosa,1985,4200,9180,2185.714285714286,7.689697958325214,30.076,22.01,2.646285714285714,-8.973014489756714,Soja
Formosa,1986,4700,9900,2106.3829787234044,7.652727527406668,27.279999999999994,28.810000000000002,-0.14971428571429257,19.149816108591967,Soja
Formosa,1987,7000,10500,1500.0,7.313220387090301,27.866000000000003,20.98,0.4362857142857166,-13.23279618333013,Soja
Formosa,1988,6000,15000,2500.0,7.824046010856292,27.253999999999998,27.599999999999998,-0.17571428571428882,14.14560654623871,Soja
Formosa,1989,4000,6000,1500.0,7.313220387090301,28.036,18.46,0.6062857142857148,-23.65478634624757,Soja
Formosa,2001,7331,18400,2509.8895102987312,7.827994011355627,27.645999999999997,27.16,0.21628571428571064,12.32589397811028,Soja
Formosa,2002,7810,15100,1933.4186939820743,7.567045058951421,26.877999999999997,27.529999999999998,-0.55171428571429,13.85610681949101,Soja
Formosa,2003,11838,21568,1821.9293799628315,7.5076513174435,26.906,22.62,-0.5237142857142878,-6.450231156669561,Soja
Formosa,2004,13279,41340,3113.1862339031554,8.043401993227569,26.689999999999998,27.349999999999998,-0.7397142857142889,13.111678950711191,Soja
Formosa,2005,11940,25192,2109.8827470686765,7.6543876548164045,27.838,26.19,0.40828571428571436,8.314254907463493,Soja
Formosa,2006,22598,48319,2138.198070625719,7.6677187302432515,27.474,20.73,0.044285714285713595,-14.26672377885765,Soja
Formosa,2007,6095,12132,1990.4840032813781,7.596133105875237,27.124000000000002,20.040000000000003,-0.3057142857142843,-17.120363942513606,Soja
Formosa,2008,3100,4650,1500.0,7.313220387090301,27.863999999999997,14.850000000000001,0.4342857142857106,-38.58470082566503,Soja
Formosa,2009,3100,4650,1500.0,7.313220387090301,27.541999999999994,26.96,0.11228571428570788,11.498751901688276,Soja
Formosa,2010,3100,4650,1500.0,7.313220387090301,26.378000000000004,25.39,-1.051714285714283,5.005686601775405,Soja
Formosa,2011,12000,11400,950.0,6.856461984594587,27.610000000000003,17.509999999999998,0.18028571428571638,-27.583711209252183,Soja
Formosa,2012,10000,12000,1200.0,7.090076835776092,27.348000000000003,21.59,-0.08171428571428407,-10.710012850242967,Soja
Formosa,2013,15000,30000,2000.0,7.600902459542082,27.189999999999998,30.18,-0.23971428571428888,24.815739332082785,Soja
Formosa,2014,17900,35800,2000.0,7.600902459542082,26.7,26.54,-0.7297142857142873,9.761753541202012,Soja
Formosa,2015,17900,35800,2000.0,7.600902459542082,26.089999999999996,40.35,-1.3397142857142903,66.87591391814249,Soja
Formosa,2016,18050,45125,2500.0,7.824046010856292,26.630000000000003,25.200000000000003,-0.799714285714284,4.219901629174494,Soja
Formosa,2017,24500,61250,2500.0,7.824046010856292,26.386000000000003,25.76,-1.0437142857142838,6.535899443156157,Soja
Formosa,2018,24200,60500,2500.0,7.824046010856292,26.832000000000004,28.26,-0.5977142857142823,16.875175398431395,Soja
Formosa,2019,7000,17500,2500.0,7.824046010856292,28.238,17.73,0.8082857142857129,-26.673854925187946,Soja
Formosa,2020,3396,8490,2500.0,7.824046010856292,26.558,32.300000000000004,-0.8717142857142868,33.5834453421562,Soja
Formosa,2021,13735,28712,2090.425919184565,7.6451231132802056,28.839999999999996,18.73,1.4102857142857097,-22.538144543077856,Soja
Formosa,2022,15520,30050,1936.2113402061855,7.5684884252082805,28.387999999999998,12.93,0.9582857142857115,-46.52526475931642,Soja
Jujuy,1987,5000,10000,2000.0,7.600902459542082,22.538,29.47,-0.4916296296296281,27.555306187880735,Soja
Jujuy,1988,2000,3400,1700.0,7.438383530044307,23.832,20.28,0.8023703703703724,-12.221865982686742,Soja
Jujuy,1989,4000,10000,2500.0,7.824046010856292,22.88,27.88,-0.14962962962962933,20.673292722026293,Soja
Jujuy,1990,4000,9000,2250.0,7.718685495198466,22.52,30.9,-0.5096296296296288,33.74478999679384,Soja
Jujuy,1991,5400,11400,2111.1111111111113,7.654969680812358,22.668,20.410000000000004,-0.3616296296296291,-11.659185636421899,Soja
Jujuy,1992,5650,9800,1734.513274336283,7.458482119500314,22.11,25.780000000000005,-0.9196296296296289,11.5838409746714,Soja
Jujuy,1998,8000,20000,2500.0,7.824046010856292,22.616,25.53,-0.4136296296296287,10.501763385700569,Soja
Jujuy,2003,9000,19000,2111.1111111111113,7.654969680812358,23.156,19.88,0.12637037037037047,-13.953190125040072,Soja
Jujuy,2004,5050,10258,2031.2871287128712,7.6164249246619455,23.306,20.540000000000003,0.2763703703703726,-11.096505290157078,Soja
Jujuy,2005,3500,9080,2594.285714285714,7.861066503099971,23.316,20.08,0.2863703703703706,-13.087528053863418,Soja
Jujuy,2006,6000,16150,2691.6666666666665,7.897915859422747,22.666000000000004,28.08,-0.3636296296296244,21.538954793202958,Soja
Jujuy,2007,6000,16500,2750.0,7.919356190660617,22.000000000000004,28.119999999999997,-1.0296296296296248,21.71208720743829,Soja
Jujuy,2008,8250,19715,2389.6969696969695,7.7789218459651375,22.796,22.8,-0.23362962962962897,-1.314523885860841,Soja
Jujuy,2009,10660,28878,2709.0056285178234,7.904336919793466,24.268,22.82,1.2383703703703723,-1.2279576787431745,Soja
Jujuy,2010,12150,34635,2850.617283950617,7.9552908406701475,22.266000000000002,19.619999999999997,-0.7636296296296265,-15.078550817569736,Soja
Jujuy,2011,12150,30670,2524.2798353909466,7.83371108732174,23.072,19.83,0.042370370370370836,-14.169605642834238,Soja
Jujuy,2012,7524,11564,1536.9484316852738,7.3375541916974525,23.542,15.26,0.5123703703703733,-33.949983969220895,Soja
Jujuy,2013,6700,16897,2521.9402985074626,7.832783843963729,23.006,21.41,-0.023629629629628113,-7.330875280538618,Soja
Jujuy,2014,6840,18476,2701.1695906432747,7.901440139916037,22.860000000000003,23.03,-0.16962962962962536,-0.31901250400767633,Soja
Jujuy,2015,6156,14551,2363.7102014294996,7.767987782783646,23.392000000000003,23.79,0.3623703703703747,2.9705033664636282,Soja
Jujuy,2016,6009,12018,2000.0,7.600902459542082,23.639999999999997,21.29,0.6103703703703687,-7.850272523244628,Soja
Jujuy,2017,7025,14753,2100.071174377224,7.649726515697758,22.906,17.700000000000003,-0.12362962962962953,-23.38890670086564,Soja
Jujuy,2018,7240,20272,2800.0,7.937374696163295,22.836000000000002,18.89,-0.19362962962962627,-18.238217377364528,Soja
Jujuy,2019,6730,16825,2500.0,7.824046010856292,23.374000000000002,29.94,0.344370370370374,29.5896120551459,Soja
Jujuy,2020,10767,37685,3500.046438190768,8.16053151544399,22.808,23.99,-0.2216296296296285,3.836165437640271,Soja
Jujuy,2021,9581,23125,2413.6311449744285,7.78888759171189,23.032,32.400000000000006,0.0023703703703716883,40.23725553061883,Soja
Jujuy,2022,7800,11699,1499.871794871795,7.313134913352055,24.394,14.08,1.36437037037037,-39.057390189163186,Soja
La Pampa,1983,2500,4000,1600.0,7.3777589082278725,22.058,18.31,0.008157894736843474,18.273611205548377,Soja
La Pampa,1986,5900,10200,1728.8135593220338,7.455190648360689,22.264000000000003,16.24,0.21415789473684654,4.902427415516408,Soja
La Pampa,1987,15620,22400,1434.0588988476313,7.268264093431592,22.06,13.34,0.010157894736842366,-13.830148908682938,Soja
La Pampa,1988,34950,50000,1430.615164520744,7.2658598157304635,23.032,14.150000000000002,0.9821578947368437,-8.59794655606173,Soja
La Pampa,1989,39700,70000,1763.2241813602016,7.474899333338351,22.020000000000003,17.94,-0.02984210526315323,15.88359284694365,Soja
La Pampa,1990,18000,21800,1211.111111111111,7.099293490881015,22.288000000000004,13.6,0.23815789473684745,-12.150676548582307,Soja
La Pampa,1991,17500,25600,1462.857142857143,7.2881467495381855,21.089999999999996,24.5,-0.95984210526316,58.25797239409805,Soja
La Pampa,1992,17385,38200,2197.2965199884957,7.694983029134842,20.644,25.34,-1.405842105263158,63.68396001903855,Soja
La Pampa,1993,19500,28100,1441.025641025641,7.273110389752136,21.708000000000002,16.990000000000002,-0.3418421052631544,9.747059223499033,Soja
La Pampa,1994,16830,26700,1586.4527629233512,7.369255836185626,22.779999999999998,10.129999999999999,0.7301578947368412,-34.56517304684844,Soja
La Pampa,1995,4500,6620,1471.111111111111,7.29377325215478,22.326,15.329999999999998,0.27615789473684416,-0.9757258448358064,Soja
La Pampa,1996,4600,6840,1486.9565217391305,7.304486707121547,21.471999999999998,24.28,-0.5778421052631586,56.83688039708983,Soja
La Pampa,1997,11710,27465,2345.4312553373184,7.760224568167095,20.068,15.610000000000001,-1.981842105263155,0.8329366968110596,Soja
La Pampa,1998,14800,28940,1955.4054054054054,7.5783528194154055,21.988,15.989999999999998,-0.06184210526315681,3.287550146188889,Soja
La Pampa,1999,36700,78800,2147.1389645776567,7.671891520785446,20.55,21.519999999999996,-1.4998421052631556,39.00863534371386,Soja
La Pampa,2000,144900,253945,1752.5534851621808,7.468829137793785,22.380000000000003,19.27,0.3301578947368462,24.474739919766098,Soja
La Pampa,2001,73800,147700,2001.3550135501355,7.6015797369130444,21.272000000000002,11.04,-0.7778421052631543,-28.687019786496236,Soja
La Pampa,2002,95600,206000,2154.8117154811716,7.675458627714362,22.952,9.15,0.9021578947368454,-40.89549194261236,Soja
La Pampa,2003,153300,295900,1930.2022178734508,7.565380052510533,22.93,11.46,0.8801578947368434,-25.97402597402597,Soja
La Pampa,2004,183034,476482,2603.243113301354,7.864513297983037,21.82,14.36,-0.22984210526315607,-7.241449649826615,Soja
La Pampa,2005,218400,393569,1802.055860805861,7.49668343702514,22.05,13.36,0.00015789473684435507,-13.700958727136737,Soja
La Pampa,2006,238000,510099,2143.2731092436975,7.6700894298377005,21.862000000000002,16.41,-0.18784210526315448,6.000543958659144,Soja
La Pampa,2007,224800,436000,1939.5017793594307,7.570186404311635,22.133999999999997,12.33,0.08415789473684043,-20.35425307676616,Soja
La Pampa,2008,245400,264065,1076.0594947025265,6.9810610316676245,24.064,8.84,2.0141578947368437,-42.897939756578495,Soja
La Pampa,2009,373700,786356,2104.244046026224,7.651711558588443,21.666,20.62,-0.383842105263156,33.19507717413477,Soja
La Pampa,2010,393400,599900,1524.9110320284697,7.329691347686226,22.165999999999997,10.34,0.11615789473684046,-33.20867614061331,Soja
La Pampa,2011,384175,1030664,2682.7982039435155,7.894615634754476,22.511999999999997,17.11,0.46215789473684055,10.52220031277622,Soja
La Pampa,2012,435100,812650,1867.731555964146,7.532479901804687,21.31,12.11,-0.7398421052631576,-21.7753450737744,Soja
La Pampa,2013,506500,1022370,2018.4995064165844,7.610109695763159,22.258000000000003,16.490000000000002,0.20815789473684632,6.517304684843972,Soja
La Pampa,2014,466000,1271770,2729.1201716738196,7.911734554797021,22.110000000000003,12.49,0.06015789473684663,-19.320731624396547,Soja
La Pampa,2015,532925,1807291,3391.267063845757,8.128958895687944,21.232,20.330000000000002,-0.817842105263157,31.321819541714845,Soja
La Pampa,2016,428316,1271870,2969.466468682001,7.996137575485106,22.464,19.7,0.4141578947368423,27.252328823009453,Soja
La Pampa,2017,417600,1121020,2684.434865900383,7.8952255065399175,22.741999999999997,8.06,0.692157894736841,-47.93635683688039,Soja
La Pampa,2018,468400,1583251,3380.1259607173356,8.125668254267104,21.556,14.06,-0.4938421052631554,-9.179302373019649,Soja
La Pampa,2019,498600,1619630,3248.3553951062977,8.085904114971257,22.571999999999996,14.86,0.5221578947368393,-4.011695111171553,Soja
La Pampa,2020,482117,1123733,2330.8304830570173,7.753979913550061,22.342,14.48,0.2921578947368424,-6.466308560549394,Soja
La Pampa,2021,373400,1140710,3054.9276914836637,8.024511202416798,21.34,15.81,-0.7098421052631565,2.124838512273075,Soja
La Pampa,2022,406250,759420,1869.3415384615384,7.533341529370602,23.812,12.33,1.7621578947368448,-20.35425307676616,Soja
Misiones,1981,26000,32100,1234.6153846153845,7.118514771096625,25.296,24.71,-0.009142857142858674,-7.885253758897992,Soja
Misiones,1982,9200,13160,1430.4347826086957,7.265733720824314,23.744,48.64999999999999,-1.5611428571428583,81.35906129622063,Soja
Misiones,1983,35000,58900,1682.857142857143,7.428248308150264,24.456,27.990000000000002,-0.8491428571428585,4.342037526849274,Soja
Misiones,1984,18000,22290,1238.3333333333333,7.12152166848375,24.464,34.76,-0.8411428571428594,29.579464967248303,Soja
Misiones,1985,15000,16600,1106.6666666666667,7.009107773242425,26.767999999999994,22.799999999999997,1.4628571428571355,-15.005414233220337,Soja
Misiones,1986,13000,16400,1261.5384615384614,7.140087256350753,24.315999999999995,33.949999999999996,-0.9891428571428627,26.559920472902164,Soja
Misiones,1987,9550,19000,1989.5287958115184,7.5956531036559385,25.28,23.45,-0.02514285714285691,-12.582322972325299,Soja
Misiones,1988,24000,55000,2291.6666666666665,7.737034633866663,25.715999999999998,22.72,0.4108571428571395,-15.303640849945877,Soja
Misiones,1989,30000,30000,1000.0,6.907755278982137,25.16,24.900000000000002,-0.1451428571428579,-7.176965544174818,Soja
Misiones,1998,2700,3300,1222.2222222222222,7.108425974444288,25.387999999999998,21.17,0.08285714285714008,-21.081781549003253,Soja
Misiones,1999,4000,8800,2200.0,7.696212639346407,25.678000000000004,24.34,0.37285714285714633,-9.264551861253633,Soja
Misiones,2000,4000,8400,2100.0,7.649692623711514,24.144,32.38,-1.1611428571428597,20.70722311966342,Soja
Misiones,2001,2955,5616,1900.507614213198,7.549876294847586,25.802,22.05,0.49685714285714155,-17.80128876502228,Soja
Misiones,2003,2250,5000,2222.222222222222,7.706262975199909,24.912,24.799999999999997,-0.393142857142859,-7.549748815081769,Soja
Misiones,2016,2414,5545,2297.0173985086994,7.739366777109128,24.976000000000003,30.62,-0.3291428571428554,14.146237551701478,Soja
Misiones,2017,2830,7873,2781.9787985865723,7.9309177515293205,24.374000000000002,28.630000000000003,-0.9311428571428557,6.727850460653606,Soja
Misiones,2018,3750,10844,2891.733333333333,7.969611370636237,24.998,32.22,-0.30714285714285694,20.11076988621232,Soja
Misiones,2019,3750,9740,2597.3333333333335,7.862240556654261,25.810000000000002,26.66,0.5048571428571442,-0.6159799762128881,Soja
Misiones,2020,3702,11769,3179.092382495948,8.064351020726356,25.794,26.27,0.48885714285714243,-2.069834732749909,Soja
Misiones,2021,2041,3063,1500.734933855953,7.313710223005067,27.580000000000002,16.89,2.274857142857144,-37.036905543819785,Soja
Misiones,2022,3989,9172,2299.323138631236,7.740370071054525,26.752,13.370000000000001,1.4468571428571408,-50.15887667974367,Soja
Salta,1981,11900,23800,2000.0,7.600902459542082,16.444,21.679999999999996,-0.5399523809523821,-3.557697399777593,Soja
Salta,1982,16400,32800,2000.0,7.600902459542082,17.552000000000003,21.86,0.568047619047622,-2.7569771752369854,Soja
Salta,1983,44500,95000,2134.8314606741574,7.666142981410483,16.98,29.23,-0.003952380952380707,30.028067574008375,Soja
Salta,1984,47000,97100,2065.9574468085107,7.633349052569358,16.727999999999998,26.529999999999998,-0.25595238095238315,18.017264205899487,Soja
Salta,1985,36000,64460,1790.5555555555557,7.490281216913319,17.139999999999997,25.65,0.15604761904761588,14.102631997034365,Soja
Salta,1986,42000,70000,1666.6666666666667,7.418580902748128,17.298000000000002,23.58,0.3140476190476207,4.894349414817545,Soja
Salta,1987,95000,235500,2478.9473684210525,7.815589300838068,17.194,28.37,0.21004761904761793,26.202404278981106,Soja
Salta,1988,40000,62000,1550.0,7.346010209913293,17.292,20.299999999999997,0.30804761904762046,-9.696552454588792,Soja
Salta,1989,111000,280000,2522.5225225225226,7.833014680839052,16.956,27.29,-0.027952380952381617,21.398082931737548,Soja
Salta,1990,95500,216600,2268.062827225131,7.726681366062343,17.203999999999997,24.32,0.22004761904761594,8.18619922681778,Soja
Salta,1991,135000,270000,2000.0,7.600902459542082,17.098,17.230000000000004,0.11404761904761784,-23.353280728697754,Soja
Salta,1992,187200,318200,1699.7863247863247,7.438257830842332,16.534,22.68,-0.4499523809523822,0.8907482921145959,Soja
Salta,1993,188500,301600,1600.0,7.3777589082278725,16.768,20.47,-0.21595238095238045,-8.94031668696712,Soja
Salta,1994,164400,333700,2029.8053527980535,7.615695182117386,17.12,25.07,0.13604761904761986,11.522533495736909,Soja
Salta,1995,114700,148900,1298.1691368788142,7.168710194536775,16.866,14.48,-0.11795238095238147,-35.586506381401264,Soja
Salta,1996,163400,343100,2099.7552019583845,7.649576046420639,16.462,22.43,-0.5219523809523814,-0.22136313085844295,Soja
Salta,1997,157000,237100,1510.1910828025477,7.319991466705189,18.002000000000002,14.41,1.0180476190476213,-35.89789757983372,Soja
Salta,1998,257000,660000,2568.093385214008,7.850919029107389,16.434,25.64,-0.5499523809523801,14.058147540115451,Soja
Salta,1999,208000,535700,2575.480769230769,7.853791502167733,16.058,22.509999999999998,-0.9259523809523813,0.1345125244929246,Soja
Salta,2000,298000,671200,2252.3489932885905,7.719728947629729,16.906,25.770000000000003,-0.07795238095238233,14.636445480061443,Soja
Salta,2001,325980,750000,2300.754647524388,7.740992455721006,16.808,20.340000000000003,-0.1759523809523813,-9.518614626913081,Soja
Salta,2002,289500,743000,2566.493955094991,7.850296026686846,17.169999999999998,20.19,0.18604761904761702,-10.185881480696912,Soja
Salta,2003,421200,821200,1949.667616334283,7.575414183867095,17.01,17.89,0.02604761904762043,-20.417306572048933,Soja
Salta,2004,439483,733750,1669.5753874438828,7.4203246140658585,17.104000000000003,16.650000000000002,0.12004761904762162,-25.933379229995225,Soja
Salta,2005,474700,1367338,2880.425531914894,7.9656933163525405,17.294,20.3,0.31004761904761935,-9.69655245458878,Soja
Salta,2006,477000,1361000,2853.249475890985,7.956213790745262,17.238,26.439999999999998,0.2540476190476184,17.616904093629195,Soja
Salta,2007,477000,1450000,3039.832285115304,8.019557623508415,16.022,29.860000000000003,-0.9619523809523827,32.830588359900446,Soja
Salta,2008,575300,1311296,2279.325569268208,7.731634875237623,16.54,18.97,-0.443952380952382,-15.612985224805387,Soja
Salta,2009,586385,1662913,2835.872336434254,7.950104871277109,18.328000000000003,22.939999999999998,1.3440476190476218,2.04734417200656,Soja
Salta,2010,599515,1775489,2961.542246649375,7.993465440902922,15.947999999999999,23.980000000000004,-1.0359523809523825,6.67372769157446,Soja
Salta,2011,528374,668035,1264.3222414426145,7.142291480065841,16.802,24.24,-0.18195238095238153,7.830323571466402,Soja
Salta,2012,318174,267607,841.0712377504133,6.734676362390845,16.945999999999998,19.16,-0.03795238095238318,-14.767780543345864,Soja
Salta,2013,471915,869009,1841.452380195586,7.518309876303187,16.913999999999998,23.550000000000004,-0.06995238095238321,4.760896044060825,Soja
Salta,2014,439988,1145936,2604.471031028119,7.8649848744618875,16.996000000000002,23.15,0.012047619047621083,2.9815177673039095,Soja
Salta,2015,407427,872479,2141.4363800140886,7.6692320884722145,17.466,25.6,0.48204761904761995,13.880209712439772,Soja
Salta,2016,457260,1114335,2436.9833355202727,7.798516215489505,17.3,23.22,0.3160476190476196,3.292908965736374,Soja
Salta,2017,466320,1041705,2233.8844570252186,7.711497258070131,16.768,18.4,-0.21595238095238045,-18.14859926918393,Soja
Salta,2018,439512,1186684,2700.003640401172,7.901008400288242,17.15,19.189999999999998,0.16604761904761745,-14.634327172589112,Soja
Salta,2019,390409,955757,2448.091616740393,7.803064068070963,17.522,25.41,0.5380476190476173,13.035005030980251,Soja
Salta,2020,334717,895575,2675.618507575056,7.891935850388462,16.744,21.08,-0.23995238095238136,-6.2267648149128885,Soja
Salta,2021,315947,538034,1702.9248576501755,7.440102556171998,16.889999999999997,26.46,-0.09395238095238412,17.705873007467044,Soja
Salta,2022,309261,522675,1690.0773133372782,7.432529554407584,17.33,17.63,0.34604761904761716,-21.573902451940906,Soja
San Luis,1998,3500,4200,1200.0,7.090076835776092,22.259999999999998,15.18,-0.20112000000000307,-10.800329063344694,Soja
San Luis,1999,8000,12800,1600.0,7.3777589082278725,20.78,19.91,-1.68112,16.993771300975435,Soja
San Luis,2000,9000,10800,1200.0,7.090076835776092,22.686,14.64,0.22487999999999886,-13.973439887178285,Soja
San Luis,2001,14000,40600,2900.0,7.9724660159745655,21.896,13.22,-0.5651200000000003,-22.317546127629573,Soja
San Luis,2002,25000,45000,1800.0,7.495541943884256,22.496,14.219999999999999,0.03487999999999758,-16.441414972382194,Soja
San Luis,2003,35000,57750,1650.0,7.408530566894626,23.308,13.72,0.8468799999999987,-19.37948055000588,Soja
San Luis,2004,25246,51290,2031.6089677572684,7.616583353052644,21.944,18.29,-0.517120000000002,7.474438829474672,Soja
San Luis,2005,42000,48781,1161.452380952381,7.0574265534814185,22.880000000000003,13.770000000000001,0.4188800000000015,-19.0856739922435,Soja
San Luis,2006,79900,176020,2203.003754693367,7.697577051155574,21.369999999999997,32.83,-1.0911200000000036,92.91338582677164,Soja
San Luis,2007,105000,257950,2456.6666666666665,7.806560696515272,21.444,28.95,-1.017120000000002,70.11399694441178,Soja
San Luis,2008,125000,295900,2367.2,7.769463101086,22.288,24.92,-0.17312000000000083,46.43318838876485,Soja
San Luis,2009,155000,268300,1730.967741935484,7.456435919494469,23.116,14.21,0.6548799999999986,-16.500176283934653,Soja
San Luis,2010,171400,402420,2347.8413068844807,7.761251592158159,21.574,15.889999999999999,-0.8871199999999995,-6.628275943119066,Soja
San Luis,2011,170700,296890,1739.2501464557704,7.461209349010026,23.526,10.31,1.0648799999999987,-39.41708778939946,Soja
San Luis,2012,394090,678444,1721.5458397827908,7.450977910238639,22.078,16.93,-0.3831200000000017,-0.5170995416617807,Soja
San Luis,2013,354730,848815,2392.8480816395568,7.78023960141323,22.302,18.240000000000002,-0.15912000000000148,7.180632271712306,Soja
San Luis,2014,343500,962870,2803.1149927219794,7.938486575197348,22.083999999999996,24.029999999999998,-0.377120000000005,41.20343166059464,Soja
San Luis,2015,388126,1228333,3164.778963532461,8.05983849439305,21.740000000000002,21.049999999999997,-0.7211199999999991,23.692560817957432,Soja
San Luis,2016,307340,837463,2724.874731567645,7.910177735973769,22.541999999999998,18.29,0.08087999999999695,7.474438829474672,Soja
San Luis,2017,325750,701480,2153.430544896393,7.674817451778274,22.772,10.66,0.3108799999999974,-37.360441885062876,Soja
San Luis,2018,305300,668660,2190.173599737963,7.691736088955643,22.602,11.77,0.14087999999999923,-30.837936302738278,Soja
San Luis,2019,289800,379245,1308.6438923395444,7.176746683321665,24.509999999999998,8.46,2.048879999999997,-50.28793042660712,Soja
San Luis,2020,198000,471280,2380.2020202020203,7.774940645501034,22.363999999999997,18.46,-0.09712000000000387,8.47338112586673,Soja
San Luis,2021,218200,487250,2233.0430797433546,7.711120543970837,22.523999999999997,13.78,0.06287999999999627,-19.026912680691044,Soja
San Luis,2022,196500,314120,1598.5750636132316,7.376867926179495,24.442,13.72,1.980879999999999,-19.37948055000588,Soja
Santa Fe,1981,872200,1952000,2238.0188030268287,7.713346290546509,24.618,16.54,-0.3100000000000058,-23.916543453261053,Soja
Santa Fe,1982,855200,1420000,1660.4303086997193,7.414832069866608,24.796,20.849999999999998,-0.132000000000005,-4.090685066535249,Soja
Santa Fe,1983,1065500,2697000,2531.2060065696855,7.836451150583195,25.168,28.17,0.23999999999999488,29.581074420897014,Soja
Santa Fe,1984,1245000,2700000,2168.6746987951806,7.68187152207575,24.458000000000002,15.9,-0.4700000000000024,-26.860522424839818,Soja
Santa Fe,1985,1293600,3001000,2319.882498453927,7.749271816159607,25.304000000000002,16.16,0.37599999999999767,-25.664530967635947,Soja
Santa Fe,1986,1380000,2706000,1960.8695652173913,7.58114330956162,25.334,25.119999999999997,0.40599999999999525,15.551174634466891,Soja
Santa Fe,1987,1691800,4000000,2364.3456673365645,7.768256589214251,24.889999999999997,21.689999999999998,-0.03800000000000736,-0.2267126663381025,Soja
Santa Fe,1988,1391000,2230000,1603.1631919482386,7.379733951512859,26.833999999999996,13.469999999999999,1.9059999999999917,-38.03844258255299,Soja
Santa Fe,1989,1900000,4300000,2263.157894736842,7.724516415509259,25.094,30.02,0.16599999999999682,38.09101363561689,Soja
Santa Fe,1990,1934500,4643800,2400.5169294391317,7.783439380409835,25.338,22.55,0.4099999999999966,3.729259076720881,Soja
Santa Fe,1991,1981000,4840800,2443.6143361938416,7.801233507591698,24.452,22.209999999999997,-0.47600000000000264,2.1652702480696506,Soja
Santa Fe,1992,1897000,4398500,2318.6610437532945,7.748745161739852,24.503999999999998,20.2,-0.4240000000000066,-7.0806637095449325,Soja
Santa Fe,1993,2187600,5163600,2360.39495337356,7.766584237142074,24.286,17.09,-0.642000000000003,-21.386561524560545,Soja
Santa Fe,1994,2354520,5650097,2399.6810390228156,7.783091107096835,24.844,22.11,-0.08400000000000318,1.7052735337604652,Soja
Santa Fe,1995,2423800,5705900,2354.1133756910635,7.763919449655776,25.432,20.64,0.5039999999999942,-5.056678166584517,Soja
Santa Fe,1996,2447800,4163900,1701.078519486886,7.439017752110548,25.593999999999998,14.950000000000001,0.6659999999999933,-31.230491210777057,Soja
Santa Fe,1997,2546200,7310500,2871.141308616762,7.962464898212085,23.442,31.75,-1.4860000000000042,46.048956793165765,Soja
Santa Fe,1998,2741200,7300000,2663.067269808843,7.887233846406951,25.262,18.83,0.3339999999999961,-13.38261869558075,Soja
Santa Fe,1999,2863400,6637500,2318.0484738422856,7.748480935606104,24.856,16.16,-0.07200000000000273,-25.664530967635947,Soja
Santa Fe,2000,3087650,8657700,2803.977134714103,7.938794093597018,24.29,23.470000000000002,-0.6380000000000052,7.961228848365387,Soja
Santa Fe,2001,3148850,8350300,2651.857027168649,7.883015438528447,24.534,17.7,-0.39400000000000546,-18.580581567274525,Soja
Santa Fe,2002,3260000,10223500,3136.042944785276,8.050717075504492,24.112000000000002,32.96,-0.8160000000000025,51.61491703630689,Soja
Santa Fe,2003,3531500,9141950,2588.687526546793,7.85890627974715,25.232000000000003,12.24,0.3039999999999985,-43.696402168555935,Soja
Santa Fe,2004,3483586,10448196,2999.264550954103,8.006122387914186,24.316,30.57,-0.6120000000000054,40.6209955643174,Soja
Santa Fe,2005,3524318,10275416,2915.575722735576,7.977822582794689,24.82,19.909999999999997,-0.10800000000000409,-8.41465418104158,Soja
Santa Fe,2006,3433555,11295735,3289.8075027194845,8.098584332235944,24.596,40.14,-0.3320000000000043,84.64268112370628,Soja
Santa Fe,2007,3427400,11479999,3349.477446460874,8.116559626520928,24.562,12.759999999999998,-0.3660000000000032,-41.30441925414819,Soja
Santa Fe,2008,3354963,8061892,2402.974935938191,7.784462805360887,26.062,17.509999999999998,1.1339999999999968,-19.454575324461977,Soja
Santa Fe,2009,3509979,12032550,3428.0974330615654,8.13976070202716,24.434,35.71,-0.4940000000000033,64.26482667980945,Soja
Santa Fe,2010,3094737,9741349,3147.7146523274837,8.054431961314345,24.85,15.95,-0.07800000000000296,-26.630524067685236,Soja
Santa Fe,2011,3007800,8176630,2718.475297559678,7.9078264497540625,25.400000000000002,18.52,0.47199999999999775,-14.808608509939214,Soja
Santa Fe,2012,3123000,10383917,3324.981428113993,8.109219367544728,24.128,20.08,-0.8000000000000043,-7.632659766715955,Soja
Santa Fe,2013,3209368,9958834,3103.0514419038263,8.040141242430149,24.828000000000003,26.89,-0.10000000000000142,23.69311647773944,Soja
Santa Fe,2014,3126150,11804131,3775.932376885306,8.236402618441181,24.09,24.65,-0.8380000000000045,13.38919007721373,Soja
Santa Fe,2015,3123327,8317217,2662.935068918496,7.887184202834918,25.024,23.499999999999996,0.09599999999999653,8.09922786265811,Soja
Santa Fe,2016,2831723,9762280,3447.4699679311852,8.145395898369523,24.342,26.18,-0.5860000000000056,20.427139806144233,Soja
Santa Fe,2017,2839620,6852404,2413.14119494862,7.7886845781894,25.798000000000002,11.34,0.8699999999999974,-47.836372597338595,Soja
Santa Fe,2018,2734302,10520091,3847.4502816440904,8.255165943379792,23.581999999999997,34.4,-1.3460000000000072,58.23886972235912,Soja
Santa Fe,2019,2974260,9399967,3160.438899087504,8.05846618905264,25.418,21.54,0.4899999999999949,-0.9167077378018695,Soja
Santa Fe,2020,3038334,9280032,3054.3159507809214,8.02431093516913,24.878,20.07,-0.05000000000000426,-7.6786594381468625,Soja
Santa Fe,2021,2858551,8272320,2893.8857484088967,7.970355427631505,25.49,21.380000000000003,0.5619999999999941,-1.6527024806965551,Soja
Santa Fe,2022,2472867,3829670,1548.6760913546907,7.345155710322606,27.683999999999997,11.17,2.755999999999993,-48.6183670116642,Soja
Santiago del Estero,1981,21000,42000,2000.0,7.600902459542082,26.447999999999997,16.05,-0.2568095238095296,-8.916483130430086,Soja
Santiago del Estero,1982,21700,34800,1603.6866359447004,7.380060405216152,26.332000000000004,20.52,-0.37280952380952215,16.450701941655744,Soja
Santiago del Estero,1983,31900,66100,2072.1003134796238,7.636318016048978,26.906,20.05,0.20119047619047237,13.783458768528156,Soja
Santiago del Estero,1984,19400,40100,2067.0103092783506,7.633858547225378,26.684000000000005,13.690000000000001,-0.020809523809521835,-22.30944885081544,Soja
Santiago del Estero,1985,19400,36000,1855.6701030927834,7.526001151368964,27.536,16.81,0.8311904761904749,-4.60349416962803,Soja
Santiago del Estero,1986,70000,100000,1428.5714285714287,7.264430222920869,28.2,13.539999999999997,1.4951904761904729,-23.160696672026393,Soja
Santiago del Estero,1987,107100,193000,1802.0541549953314,7.49668249043332,26.636000000000003,17.189999999999998,-0.06880952380952365,-2.446999689227003,Soja
Santiago del Estero,1988,35200,41600,1181.8181818181818,7.074809363645303,29.112000000000002,8.0,2.4071904761904754,-54.60011620208354,Soja
Santiago del Estero,1989,68000,122400,1800.0,7.495541943884256,26.28,24.43,-0.4248095238095253,38.639895147887415,Soja
Santiago del Estero,1990,66100,125400,1897.125567322239,7.548095160323316,27.676,15.310000000000002,0.9711904761904719,-13.11597238173735,Soja
Santiago del Estero,1991,80100,184400,2302.122347066167,7.7415867360303166,25.738,21.12,-0.9668095238095269,19.855693226499472,Soja
Santiago del Estero,1992,77300,159100,2058.214747736093,7.629594258732502,26.406,16.34,-0.29880952380952763,-7.270737342755618,Soja
Santiago del Estero,1993,94900,171700,1809.2729188619599,7.5006803412696845,26.845999999999997,11.95,0.1411904761904701,-32.183923576862284,Soja
Santiago del Estero,1994,103250,181800,1760.774818401937,7.473509228884374,27.485999999999997,13.63,0.7811904761904707,-22.64994797929981,Soja
Santiago del Estero,1995,93000,155700,1674.1935483870968,7.423086864668834,27.116000000000003,15.91,0.4111904761904768,-9.710981096893622,Soja
Santiago del Estero,1996,127500,280500,2200.0,7.696212639346407,25.914000000000005,20.71,-0.7908095238095214,17.528949181856255,Soja
Santiago del Estero,1997,129900,279900,2154.73441108545,7.675422751826991,26.183999999999997,19.11,-0.5208095238095289,8.44897242227296,Soja
Santiago del Estero,1998,250000,520000,2080.0,7.640123172695364,26.184000000000005,19.66,-0.5208095238095218,11.57021443337971,Soja
Santiago del Estero,1999,258500,631400,2442.553191489362,7.800799161157545,24.657999999999998,21.13,-2.0468095238095287,19.912443081246867,Soja
Santiago del Estero,2000,485400,894800,1843.4281005356406,7.519382215305611,26.317999999999994,17.33,-0.38680952380953215,-1.6525017227634664,Soja
Santiago del Estero,2001,617729,1380000,2233.989338366824,7.711544207176766,25.610000000000003,20.47,-1.0948095238095235,16.166952667918743,Soja
Santiago del Estero,2002,647000,1473600,2277.5888717156104,7.730872649982278,26.906,15.189999999999998,0.20119047619047237,-13.796970638706119,Soja
Santiago del Estero,2003,674000,1219900,1809.940652818991,7.501049335224522,27.578000000000003,11.559999999999999,0.8731904761904765,-34.397167912010715,Soja
Santiago del Estero,2004,528586,713920,1350.6222260899835,7.208320673461714,27.244,15.149999999999999,0.5391904761904733,-14.023970057695701,Soja
Santiago del Estero,2005,702080,1572281,2239.461314949863,7.713990631530693,27.315999999999995,12.100000000000001,0.611190476190469,-31.33267575565134,Soja
Santiago del Estero,2006,797880,1974800,2475.0589061011683,7.814019475164481,27.068,14.790000000000001,0.36319047619047495,-16.066964828601925,Soja
Santiago del Estero,2007,802400,1549998,1931.7023928215353,7.566156961924291,25.872000000000003,24.650000000000002,-0.832809523809523,39.88839195233012,Soja
Santiago del Estero,2008,305960,394082,1288.018041574062,7.160859913999474,27.27,13.5,0.5651904761904731,-23.387696091015965,Soja
Santiago del Estero,2009,808400,2949636,3648.733300346363,8.202135345342876,27.112000000000002,19.54,0.40719047619047544,10.889216176410965,Soja
Santiago del Estero,2010,1100000,2467800,2243.4545454545455,7.715772164660109,25.15,22.54,-1.5548095238095279,27.914172600629627,Soja
Santiago del Estero,2011,807400,873010,1081.2608372553877,6.985883081091017,27.068,14.94,0.36319047619047495,-15.215717007391005,Soja
Santiago del Estero,2012,1132510,1768179,1561.2921740205384,7.353269074058475,27.371999999999996,9.450000000000001,0.6671904761904699,-46.37138726371117,Soja
Santiago del Estero,2013,970350,2737945,2821.605606224558,7.9450613658154445,26.076,21.83,-0.6288095238095259,23.884932913564548,Soja
Santiago del Estero,2014,778500,1915310,2460.256904303147,7.808021056117255,26.198,20.959999999999997,-0.506809523809526,18.94769555054112,Soja
Santiago del Estero,2015,941572,2498134,2653.1523877090654,7.883503792257859,25.890000000000004,20.660000000000004,-0.8148095238095223,17.245199908119304,Soja
Santiago del Estero,2016,865690,3159862,3650.1080063302106,8.20251203691414,26.659999999999997,19.59,-0.04480952380952985,11.172965450147942,Soja
Santiago del Estero,2017,887240,2353796,2652.941706866237,7.88342438136194,26.848000000000003,13.46,0.1431904761904761,-23.614695510005546,Soja
Santiago del Estero,2018,979492,3142543,3208.339629113867,8.073508832807155,25.094,28.98,-1.6108095238095252,64.4610790579524,Soja
Santiago del Estero,2019,1051780,3377967,3211.666888512807,8.074545361255437,27.434000000000005,15.44,0.7291904761904782,-12.37822427002122,Soja
Santiago del Estero,2020,1078150,3603230,3342.0488800259704,8.114339335028623,26.002,25.89,-0.7028095238095275,46.92537394100717,Soja
Santiago del Estero,2021,1078120,3340985,3098.89900938671,8.038802169127253,26.895999999999997,20.61,0.1911904761904708,16.961450634382302,Soja
Santiago del Estero,2022,1129500,2823432,2499.718459495352,7.823933388312752,28.278000000000002,16.31,1.5731904761904758,-7.440986906997815,Soja
Tucumán,1981,71230,127300,1787.1683279517058,7.488387706555235,25.674,24.55,-0.6182857142857152,0.30545935639518795,Soja
Tucumán,1982,74600,156200,2093.8337801608577,7.646752009178007,25.73,30.699999999999996,-0.5622857142857143,25.432896221642842,Soja
Tucumán,1983,95100,196000,2060.988433228181,7.630940968661309,25.932,33.53,-0.3602857142857161,36.99560294174871,Soja
Tucumán,1984,73900,166000,2246.2787550744247,7.717030239384524,26.192,23.72,-0.10028571428571453,-3.0857231798902762,Soja
Tucumán,1985,85630,156000,1821.7914282377671,7.507575597193574,26.948,23.43,0.6557142857142857,-4.27059418654423,Soja
Tucumán,1986,64500,85500,1325.5813953488373,7.189606431123125,26.932,24.93,0.6397142857142839,1.8580489513210452,Soja
Tucumán,1987,83600,167000,1997.6076555023924,7.599705571308236,26.004,30.67,-0.28828571428571337,25.310323358885544,Soja
Tucumán,1988,23000,40000,1739.1304347826087,7.461140517166924,29.008,13.31,2.7157142857142844,-45.618506556675364,Soja
Tucumán,1989,78400,162200,2068.877551020408,7.634761493307088,26.706,23.94,0.4137142857142848,-2.186855519670028,Soja
Tucumán,1990,82000,198400,2419.512195121951,7.791321226568656,26.688,25.93,0.39571428571428413,5.943811043231251,Soja
Tucumán,1991,84200,193700,2300.475059382423,7.740870928146807,25.815999999999995,23.340000000000003,-0.4762857142857193,-4.638312774816134,Soja
Tucumán,1992,90000,192600,2140.0,7.668561108015897,25.839999999999996,24.58,-0.4522857142857184,0.42803221915248546,Soja
Tucumán,1993,88400,173200,1959.2760180995474,7.580330305466874,26.188,21.830000000000002,-0.10428571428571587,-10.80781353360053,Soja
Tucumán,1994,89100,156800,1759.820426487093,7.472967052421681,27.544,14.69,1.2517142857142858,-39.9801548698393,Soja
Tucumán,1995,83800,141000,1682.5775656324583,7.428082161872268,26.952000000000005,18.35,0.6597142857142906,-25.026265613447997,Soja
Tucumán,1996,89350,201900,2259.653049804141,7.7229665626954915,25.4,28.330000000000002,-0.8922857142857161,15.749640063815718,Soja
Tucumán,1997,109820,261777,2383.691495173921,7.776405613424734,26.068,22.65,-0.2242857142857133,-7.457488618234187,Soja
Tucumán,1998,147000,360000,2448.9795918367345,7.803426723653557,25.934000000000005,24.810000000000002,-0.3582857142857101,1.367757500291833,Soja
Tucumán,1999,124850,312100,2499.799759711654,7.823965911533088,24.414,27.060000000000002,-1.8782857142857132,10.560722207089768,Soja
Tucumán,2000,180000,329400,1830.0,7.512071245835466,25.422,28.94,-0.8702857142857141,18.241954939880923,Soja
Tucumán,2001,229139,660000,2880.347736526737,7.965666307690843,25.458,27.92,-0.8342857142857163,14.07447760613254,Soja
Tucumán,2002,257000,570000,2217.898832684825,7.704315554915513,26.542,19.91,0.2497142857142869,-18.652476750068104,Soja
Tucumán,2003,224353,489100,2180.0466229557883,7.68710154223141,27.367999999999995,15.75,1.0757142857142803,-35.6492470524145,Soja
Tucumán,2004,244572,578238,2364.2853638192432,7.768231083516332,26.7,19.71,0.4077142857142846,-19.46962916845014,Soja
Tucumán,2005,278378,835903,3002.7624309392263,8.007287954277576,26.631999999999998,22.55,0.3397142857142832,-7.866064827425201,Soja
Tucumán,2006,281450,876008,3112.481790726594,8.043175690386883,25.341999999999995,30.27,-0.9502857142857195,23.676018522121467,Soja
Tucumán,2007,290070,803925,2771.4861929878994,7.927138987064264,25.404,29.979999999999997,-0.8882857142857148,22.491147515467503,Soja
Tucumán,2008,293030,763046,2603.9859400061428,7.864798603930682,26.612000000000002,21.28,0.31971428571428717,-13.05498268415114,Soja
Tucumán,2009,272850,744428,2728.341579622503,7.9114492235965175,26.984,23.259999999999998,0.6917142857142871,-4.965173742168972,Soja
Tucumán,2010,254227,734662,2889.787473399757,7.968938239786381,24.490000000000002,29.65,-1.8022857142857127,21.14284602513714,Soja
Tucumán,2011,227390,342911,1508.030256387704,7.318559612284199,27.246000000000002,15.440000000000001,0.9537142857142875,-36.915833300906655,Soja
Tucumán,2012,193210,272490,1410.330728223177,7.251579514891077,26.796,16.31,0.5037142857142847,-33.36122028094479,Soja
Tucumán,2013,206310,416001,2016.3879598662206,7.60906305108681,26.108000000000004,24.840000000000003,-0.1842857142857106,1.4903303630491527,Soja
Tucumán,2014,195890,413749,2112.1496758384806,7.655461511556751,26.189999999999998,24.84,-0.10228571428571698,1.4903303630491305,Soja
Tucumán,2015,211525,657627,3108.9800260016546,8.04204998546483,25.715999999999998,24.540000000000003,-0.5762857142857172,0.2646017354760888,Soja
Tucumán,2016,200030,491374,2456.5015247712845,7.806493472317358,26.264,34.53,-0.028285714285715358,41.08136503365889,Soja
Tucumán,2017,186320,491962,2640.414340918849,7.8786911311431655,26.152000000000005,20.73,-0.14028571428571013,-15.30215183470175,Soja
Tucumán,2018,184200,607826,3299.815418023887,8.101621811958056,25.37,27.14,-0.9222857142857137,10.887583174442582,Soja
Tucumán,2019,171900,375896,2186.713205351949,7.690154875978889,27.098000000000003,22.259999999999998,0.8057142857142878,-9.050935834079166,Soja
Tucumán,2020,164910,445254,2699.9818082590505,7.901000314287889,25.615999999999996,46.56,-0.6762857142857186,90.23308299933849,Soja
Tucumán,2021,148390,271969,1832.7987061122717,7.513599425176723,26.670000000000005,22.580000000000002,0.37771428571429055,-7.743491964667881,Soja
Tucumán,2022,161800,225108,1391.273176761434,7.2379745613990165,28.125999999999998,18.62,1.833714285714283,-23.92310984863224,Soja
Buenos Aires,1981,1089000,4160000,3820.018365472911,8.248010509304486,20.724999999999998,18.380000000000003,-0.3425000000000047,-12.2962087731058,Maíz
Buenos Aires,1982,938200,3280000,3496.056277979109,8.159390834465968,21.168333333333333,11.93,0.10083333333333044,-43.07365455185812,Maíz
Buenos Aires,1983,1045600,4130000,3949.885233358837,8.281441802627203,21.001666666666665,29.47,-0.06583333333333741,40.62191117826832,Maíz
Buenos Aires,1984,1190000,4680000,3932.7731092436975,8.277100081788255,20.748333333333335,18.45,-0.3191666666666677,-11.962189981708505,Maíz
Buenos Aires,1985,1125000,4800000,4266.666666666667,8.358588161239599,20.929999999999996,23.02,-0.1375000000000064,9.844465399516,Maíz
Buenos Aires,1986,1039800,3595000,3457.395653010194,8.148270883187669,20.9,26.85,-0.16750000000000398,28.12006498596893,Maíz
Buenos Aires,1987,898400,4023000,4477.960819234194,8.406923047507691,20.685000000000002,30.18,-0.3825000000000003,44.009816062441054,Maíz
Buenos Aires,1988,898550,3319000,3693.7287852651493,8.21439173772408,21.611666666666665,17.69,0.544166666666662,-15.588679716879305,Maíz
Buenos Aires,1989,746550,3430000,4594.467885607126,8.43260822516945,20.798333333333332,29.769999999999996,-0.26916666666667055,42.05342028425678,Maíz
Buenos Aires,1990,845000,3929300,4650.059171597633,8.4446352235752,20.88333333333333,25.53,-0.18416666666667325,21.821424919619623,Maíz
Buenos Aires,1991,1010790,5171300,5116.097310024832,8.540147183242008,20.28,24.130000000000003,-0.7875000000000014,15.141049091673398,Maíz
Buenos Aires,1992,997200,4448000,4460.489370236663,8.403013763263152,20.516666666666666,22.240000000000002,-0.5508333333333368,6.122541723945973,Maíz
Buenos Aires,1993,890680,4006300,4498.023981676921,8.4113934641362,20.055,28.849999999999998,-1.0125000000000028,37.663459025892124,Maíz
Buenos Aires,1994,974850,4910400,5037.08262809663,8.524582349839141,20.96166666666667,17.64,-0.105833333333333,-15.827264567877396,Maíz
Buenos Aires,1995,992910,4493520,4525.606550442638,8.417506891447609,21.451666666666668,15.34,0.38416666666666544,-26.80216771378907,Maíz
Buenos Aires,1996,1412400,8216320,5817.275559331634,8.66858731417121,21.736666666666665,18.13,0.669166666666662,-13.489133028096212,Maíz
Buenos Aires,1997,1244240,9031300,7258.487108596412,8.88992669885753,19.961666666666666,24.5,-1.1058333333333366,16.906576989059175,Maíz
Buenos Aires,1998,941300,5702700,6058.323595028152,8.70918840630918,21.011666666666667,21.93,-0.055833333333335844,4.643315647757862,Maíz
Buenos Aires,1999,1080365,6590900,6100.623400424856,8.716146241730627,21.48,12.62,0.41249999999999787,-39.781183608084625,Maíz
Buenos Aires,2000,946830,5525640,5835.93675739045,8.671790072947642,20.826666666666668,25.63,-0.24083333333333456,22.298594621615784,Maíz
Buenos Aires,2001,627146,4047780,6454.286561661877,8.772499772255587,20.55,28.63,-0.5175000000000018,36.61368568150056,Maíz
Buenos Aires,2002,610683,4267450,6987.995408419753,8.851949014187296,20.963333333333335,24.029999999999998,-0.10416666666666785,14.663879389677215,Maíz
Buenos Aires,2003,660372,4998610,7569.385134439377,8.931867119148418,21.038333333333338,18.880000000000003,-0.02916666666666501,-9.910360263124996,Maíz
Buenos Aires,2004,760916,6266880,8235.968227767586,9.016266210414107,20.953333333333333,18.78,-0.11416666666666941,-10.387529965121168,Maíz
Buenos Aires,2005,601695,4304450,7153.873640299487,8.875409256858877,20.393333333333334,21.31,-0.6741666666666681,1.684863495381661,Maíz
Buenos Aires,2006,708430,6095250,8603.884646330618,9.059969083316181,21.728333333333335,26.980000000000004,0.6608333333333327,28.740385598563954,Maíz
Buenos Aires,2007,937130,7077260,7552.05787884285,8.92957537183766,20.875,21.03,-0.19250000000000256,0.3487883297924377,Maíz
Buenos Aires,2008,722220,3623400,5017.030821633297,8.52059356790435,22.358333333333334,13.190000000000001,1.2908333333333317,-37.0613163067065,Maíz
Buenos Aires,2009,928470,8128850,8755.102480424785,9.077391950011215,20.849999999999998,29.869999999999994,-0.2175000000000047,42.53058998625292,Maíz
Buenos Aires,2010,1206431,8514650,7057.71817866086,8.861877074089882,21.008333333333336,11.610000000000001,-0.059166666666666146,-44.60059759824583,Maíz
Buenos Aires,2011,1204004,7629560,6336.822801253152,8.754132786371907,21.606666666666666,16.85,0.539166666666663,-19.596905213647055,Maíz
Buenos Aires,2012,1222256,9790376,8010.086266706811,8.988456809880416,20.896666666666665,24.45,-0.17083333333333783,16.667992138061095,Maíz
Buenos Aires,2013,1034270,7191890,6953.590455103599,8.847013417405796,21.22666666666667,25.84,0.15916666666666757,23.300650995807715,Maíz
Buenos Aires,2014,1114090,8893434,7982.689010762147,8.985030602449816,21.24,21.41,0.17249999999999588,2.162033197377844,Maíz
Buenos Aires,2015,1226922,10147679,8270.84280826328,9.02049169434425,21.115,18.24,0.04749999999999588,-12.964246355900444,Maíz
Buenos Aires,2016,1542871,12955509,8397.01374904318,9.035631415557855,21.436666666666667,19.869999999999997,0.36916666666666487,-5.18638021336304,Maíz
Buenos Aires,2017,1929335,12770903,6619.328939764219,8.797749275177232,21.153333333333332,15.459999999999999,0.08583333333332988,-26.229564071393686,Maíz
Buenos Aires,2018,1915311,16770895,8756.225490272858,9.077520210969093,20.401666666666667,22.529999999999998,-0.6658333333333353,7.506333859734804,Maíz
Buenos Aires,2019,1923178,15595357,8109.159422580749,9.000749494707,21.448333333333334,19.22,0.3808333333333316,-8.287983276338073,Maíz
Buenos Aires,2020,2154080,16045316,7448.802272896086,8.915808529710146,21.01666666666667,17.310000000000002,-0.050833333333333286,-17.401924584464712,Maíz
Buenos Aires,2021,2282105,16161683,7081.919105387351,8.865300210040578,21.388333333333332,15.650000000000002,0.3208333333333293,-25.32294163760097,Maíz
Buenos Aires,2022,2182682,11954847,5477.136385419406,8.608337685956139,23.453333333333333,6.7700000000000005,2.3858333333333306,-67.69561117485998,Maíz
Catamarca,1981,5300,9000,1698.1132075471698,7.43727303576028,22.531666666666666,12.120000000000001,-0.3248780487804872,-11.295965726526235,Maíz
Catamarca,1982,11980,27700,2312.186978297162,7.745949099488127,22.636666666666667,15.239999999999998,-0.21987804878048678,11.538736165655106,Maíz
Catamarca,1983,12000,27000,2250.0,7.718685495198466,22.901666666666667,19.150000000000002,0.04512195121951379,40.15530167797217,Maíz
Catamarca,1984,8000,17000,2125.0,7.661527081358517,22.89,14.57,0.033455284552847075,6.635130310603343,Maíz
Catamarca,1985,19650,47000,2391.857506361323,7.779825542376925,23.576666666666664,13.11,0.720121951219511,-4.0503391645840825,Maíz
Catamarca,1986,15000,22500,1500.0,7.313220387090301,23.595000000000002,12.61,0.7384552845528489,-7.7097465191003245,Maíz
Catamarca,1987,18000,54000,3000.0,8.006367567650246,23.006666666666664,16.04,0.15012195121951066,17.39378793288111,Maíz
Catamarca,1988,3000,4620,1540.0,7.3395376954076745,23.913333333333338,11.85,1.056788617886184,-13.272045697965018,Maíz
Catamarca,1989,15000,37000,2466.6666666666665,7.810622990524151,22.936666666666667,12.37,0.08012195121951393,-9.466262049268126,Maíz
Catamarca,1990,15000,54000,3600.0,8.1886891244442,23.305000000000003,14.639999999999999,0.4484552845528498,7.147447340235624,Maíz
Catamarca,1991,19000,70300,3700.0,8.216088098632316,22.091666666666665,18.75,-0.7648780487804885,37.22777579435914,Maíz
Catamarca,1992,15000,60000,4000.0,8.294049640102028,22.576666666666668,13.899999999999999,-0.2798780487804855,1.7315244555515807,Maíz
Catamarca,1993,13000,52000,4000.0,8.294049640102028,22.921666666666667,9.34,0.06512195121951336,-31.64227061763656,Maíz
Catamarca,1994,10000,40000,4000.0,8.294049640102028,23.61,9.06,0.7534552845528459,-33.69153873616565,Maíz
Catamarca,1995,9000,36000,4000.0,8.294049640102028,23.188333333333333,8.07,0.3317886178861791,-40.937165298107814,Maíz
Catamarca,1996,9000,36000,4000.0,8.294049640102028,22.724999999999998,11.89,-0.13154471544715562,-12.979293109603718,Maíz
Catamarca,1997,10000,45000,4500.0,8.411832675758411,22.689999999999998,10.610000000000001,-0.16654471544715577,-22.347375937165292,Maíz
Catamarca,1998,9000,36900,4100.0,8.318742252692399,22.664999999999996,14.7,-0.1915447154471579,7.5865762227775635,Maíz
Catamarca,1999,9000,40500,4500.0,8.411832675758411,20.995,19.360000000000003,-1.8615447154471525,41.69225276686899,Maíz
Catamarca,2000,9000,40500,4500.0,8.411832675758411,22.69666666666667,15.830000000000002,-0.1598780487804845,15.85683684398429,Maíz
Catamarca,2001,9000,40500,4500.0,8.411832675758411,22.238333333333333,15.04,-0.6182113821138202,10.074973223848605,Maíz
Catamarca,2002,9000,40500,4500.0,8.411832675758411,23.295,14.45,0.4384552845528482,5.7568725455194425,Maíz
Catamarca,2003,4500,20250,4500.0,8.411832675758411,23.825,7.739999999999999,0.9684552845528458,-43.352374152088544,Maíz
Catamarca,2004,7000,31500,4500.0,8.411832675758411,23.293333333333333,9.5,0.4367886178861795,-30.471260264191358,Maíz
Catamarca,2005,7000,31500,4500.0,8.411832675758411,22.978333333333335,8.84,0.12178861788618178,-35.30167797215281,Maíz
Catamarca,2006,7000,31500,4500.0,8.411832675758411,23.37,10.31,0.5134552845528475,-24.543020349875043,Maíz
Catamarca,2007,8000,40000,5000.0,8.517193191416238,22.314999999999998,16.599999999999998,-0.5415447154471558,21.49232416993929,Maíz
Catamarca,2008,8000,40000,5000.0,8.517193191416238,23.19666666666667,9.5,0.3401219512195155,-30.471260264191358,Maíz
Catamarca,2009,8000,40000,5000.0,8.517193191416238,23.996666666666666,8.58,1.1401219512195127,-37.204569796501254,Maíz
Catamarca,2010,8000,41410,5176.25,8.551836134859776,21.153333333333332,13.36,-1.703211382113821,-2.2206354873259615,Maíz
Catamarca,2011,6800,40800,6000.0,8.699514748210191,23.356666666666666,8.92,0.5001219512195121,-34.71617279543021,Maíz
Catamarca,2013,2670,18620,6973.782771535581,8.8499130784189,22.486666666666668,18.169999999999998,-0.36987804878048536,32.9828632631203,Maíz
Catamarca,2014,7700,48960,6358.441558441558,8.75753858832657,22.863333333333333,18.02,0.006788617886179793,31.885041056765438,Maíz
Catamarca,2015,12040,93192,7740.199335548173,8.954182720198938,22.090000000000003,15.64,-0.7665447154471501,14.466262049268108,Maíz
Catamarca,2016,7750,50050,6458.064516129032,8.77308494137811,22.913333333333338,14.180000000000001,0.056788617886184056,3.7807925740806825,Maíz
Catamarca,2017,12610,84600,6708.961141950833,8.811199395617486,22.74666666666667,12.84,-0.1098780487804838,-6.026419136022854,Maíz
Catamarca,2018,19060,142670,7485.309548793284,8.920697651882804,21.753333333333334,22.88,-1.1032113821138196,67.45448054266332,Maíz
Catamarca,2019,14950,91326,6108.76254180602,8.717479501671026,23.49,11.83,0.6334552845528449,-13.418421992145667,Maíz
Catamarca,2020,17200,124880,7260.46511627907,8.890199171369906,22.15833333333333,17.2,-0.698211382113822,25.883612995358796,Maíz
Catamarca,2021,17220,103580,6015.098722415795,8.702028040978298,22.908333333333335,13.49,0.0517886178861815,-1.2691895751517301,Maíz
Catamarca,2022,16980,93933,5531.978798586572,8.61830086027307,23.236666666666665,19.9,0.3801219512195111,45.644412709746504,Maíz
Chaco,1981,34700,60000,1729.106628242075,7.455360154251424,25.545,25.16,-0.27257936507936265,-19.16156670746634,Maíz
Chaco,1982,29400,45900,1561.2244897959183,7.353225721704001,24.538333333333338,40.39,-1.2792460317460268,29.772031823745415,Maíz
Chaco,1983,22500,36000,1600.0,7.3777589082278725,25.898333333333337,36.48,0.08075396825397263,17.209302325581376,Maíz
Chaco,1984,27550,63600,2308.529945553539,7.74436621372929,25.78833333333333,35.31,-0.029246031746033907,13.450122399020813,Maíz
Chaco,1985,26000,38000,1461.5384615384614,7.287244900687041,27.72,27.22,1.9024206349206345,-12.542839657282745,Maíz
Chaco,1986,30040,64700,2153.7949400798934,7.6749866535930575,24.78833333333333,34.71,-1.029246031746034,11.522337821297434,Maíz
Chaco,1987,33200,85000,2560.240963855422,7.84785665955001,25.793333333333333,26.740000000000002,-0.02424603174603135,-14.08506731946144,Maíz
Chaco,1988,30200,50000,1655.6291390728477,7.411936360029459,26.736666666666668,24.51,0.9190873015873038,-21.249999999999993,Maíz
Chaco,1989,30300,59000,1947.194719471947,7.574145010372533,25.416666666666668,33.07000000000001,-0.4009126984126965,6.253059975520214,Maíz
Chaco,1990,28500,51300,1800.0,7.495541943884256,25.873333333333335,32.089999999999996,0.0557539682539705,3.1043451652386755,Maíz
Chaco,1991,54000,155600,2881.4814814814813,7.966059844162154,24.951666666666668,34.75,-0.8659126984126964,11.650856793145659,Maíz
Chaco,1992,81100,243300,3000.0,8.006367567650246,24.856666666666666,31.659999999999997,-0.9609126984126988,1.7227662178702419,Maíz
Chaco,1993,80000,168000,2100.0,7.649692623711514,24.570000000000004,41.21,-1.2475793650793605,32.406670746634035,Maíz
Chaco,1994,70200,127800,1820.5128205128206,7.506873509893806,25.895,33.449999999999996,0.07742063492063522,7.473990208078329,Maíz
Chaco,1995,130000,326300,2510.0,7.828038032125829,26.429999999999996,29.139999999999997,0.6124206349206318,-6.373929008567936,Maíz
Chaco,1996,141700,325900,2299.9294283697955,7.740633718129018,25.218333333333334,37.49000000000001,-0.5992460317460306,20.45440636474911,Maíz
Chaco,1997,59000,213000,3610.169491525424,8.191510000785843,25.09833333333333,46.45,-0.7192460317460352,49.242656058751535,Maíz
Chaco,1998,81300,203300,2500.6150061500616,7.824291983062673,25.628333333333334,30.759999999999998,-0.1892460317460305,-1.168910648714816,Maíz
Chaco,1999,136000,480200,3530.8823529411766,8.169303077033238,26.138333333333335,23.86,0.32075396825397107,-23.338433292533654,Maíz
Chaco,2000,95000,191200,2012.6315789473683,7.607198387998897,25.478333333333335,36.66,-0.3392460317460291,17.787637698898394,Maíz
Chaco,2001,115000,369200,3210.4347826086955,8.074161653247584,25.993333333333336,32.7,0.1757539682539715,5.0642594859241274,Maíz
Chaco,2002,116000,332000,2862.0689655172414,7.959300056792261,25.21666666666667,32.96,-0.6009126984126958,5.899632802937571,Maíz
Chaco,2003,115000,330050,2870.0,7.962067308753666,25.78833333333333,28.240000000000002,-0.029246031746033907,-9.265605875152993,Maíz
Chaco,2004,83500,221280,2650.059880239521,7.882337515041775,25.531666666666666,29.190000000000005,-0.28591269841269806,-6.213280293757628,Maíz
Chaco,2005,133100,362990,2727.197595792637,7.911029839257097,26.43166666666666,25.63,0.614087301587297,-17.65146878824969,Maíz
Chaco,2006,163800,477700,2916.3614163614166,7.978092027959084,26.061666666666667,37.13,0.24408730158730307,19.297735618115077,Maíz
Chaco,2007,130500,422050,3234.0996168582374,8.081505842649118,26.641666666666666,19.669999999999998,0.8240873015873014,-36.80079559363526,Maíz
Chaco,2008,53800,95770,1780.1115241635687,7.484431295347926,26.271666666666665,24.95,0.4540873015873004,-19.83629130966953,Maíz
Chaco,2009,93280,313740,3363.4219554030874,8.120714173808048,25.811666666666667,39.28,-0.005912698412696926,26.205630354957176,Maíz
Chaco,2010,114165,482560,4226.86462576096,8.349215773974208,25.348333333333333,23.97,-0.46924603174603163,-22.985006119951045,Maíz
Chaco,2011,55800,165160,2959.8566308243726,7.992896110612762,26.544999999999998,24.64,0.7274206349206338,-20.83231334149327,Maíz
Chaco,2012,92250,218650,2370.189701897019,7.77072527392043,25.983333333333334,30.78,0.16575396825396993,-1.104651162790693,Maíz
Chaco,2013,193860,1079910,5570.566388115135,8.625252013230192,26.061666666666667,35.94,0.24408730158730307,15.474296205630345,Maíz
Chaco,2014,108240,577060,5331.30081300813,8.581350542356702,26.003333333333334,28.669999999999998,0.1857539682539695,-7.884026927784582,Maíz
Chaco,2015,213541,1186959,5558.459499580877,8.623076280433375,24.99166666666667,40.16,-0.8259126984126937,29.0330477356181,Maíz
Chaco,2016,307068,1999884,6512.837547383641,8.781530515410765,25.263333333333332,34.22,-0.5542460317460325,9.947980416156676,Maíz
Chaco,2017,317760,1604355,5048.952039274925,8.526935983759516,25.331666666666667,26.96,-0.48591269841269735,-13.3782129742962,Maíz
Chaco,2018,226332,1188223,5249.911634236431,8.565966523870005,24.951666666666668,42.959999999999994,-0.8659126984126964,38.02937576499386,Maíz
Chaco,2019,227236,1306732,5750.550088894365,8.657050796849342,25.910000000000007,27.23,0.0924206349206429,-12.510709914320683,Maíz
Chaco,2020,190285,892515,4690.41175079486,8.453275650933167,26.78333333333333,22.4,0.9657539682539671,-28.02937576499388,Maíz
Chaco,2021,260980,1200739,4600.885125296958,8.43400398250993,27.333333333333332,21.610000000000003,1.5157539682539678,-30.567625458996318,Maíz
Chaco,2022,243610,794349,3260.7405278929436,8.089709604360163,27.72,16.8,1.9024206349206345,-46.0220318237454,Maíz
Corrientes,1981,24100,37300,1547.7178423236514,7.344536765135298,25.545,25.16,-0.25786324786324855,-19.407324665511318,Maíz
Corrientes,1982,14130,23900,1691.4366595895258,7.433333541223166,24.538333333333338,40.39,-1.2645299145299127,29.377510205087344,Maíz
Corrientes,1983,14000,18000,1285.7142857142858,7.159069707263043,25.898333333333337,36.48,0.09547008547008673,16.852972822024913,Maíz
Corrientes,1984,15600,30000,1923.076923076923,7.561681746388801,25.78833333333333,35.31,-0.014529914529919807,13.105221226581687,Maíz
Corrientes,1985,5500,7500,1363.6363636363637,7.217910207285977,27.72,27.22,1.9171367521367486,-12.808719292337766,Maíz
Corrientes,1986,12000,24000,2000.0,7.600902459542082,24.78833333333333,34.71,-1.0145299145299198,11.1832973314826,Maíz
Corrientes,1987,5000,11000,2200.0,7.696212639346407,25.793333333333333,26.740000000000002,-0.00952991452991725,-14.346258408417034,Maíz
Corrientes,1991,2000,5600,2800.0,7.937374696163295,24.951666666666668,34.75,-0.8511965811965823,11.311425591155855,Maíz
Corrientes,1992,4210,8000,1900.2375296912114,7.549734172967683,24.856666666666666,31.659999999999997,-0.9461965811965847,1.413517531395514,Maíz
Corrientes,1993,4000,9300,2325.0,7.751475318021456,24.570000000000004,41.21,-1.2328632478632464,32.00413952838945,Maíz
Corrientes,1994,4230,10528,2488.8888888888887,7.819591660506911,25.895,33.449999999999996,0.09213675213674932,7.147257151774489,Maíz
Corrientes,1995,4300,8200,1906.9767441860465,7.553274410552827,26.429999999999996,29.139999999999997,0.6271367521367459,-6.658562828020676,Maíz
Corrientes,1996,5700,14500,2543.8596491228072,7.841437753568162,25.218333333333334,37.49000000000001,-0.5845299145299165,20.0882113787751,Maíz
Corrientes,1997,4070,9990,2454.5454545454545,7.805696872188095,25.09833333333333,46.45,-0.7045299145299211,48.788941545588216,Maíz
Corrientes,1998,6300,14800,2349.2063492063494,7.76183282635472,25.628333333333334,30.759999999999998,-0.1745299145299164,-1.4693683112531164,Maíz
Corrientes,1999,5700,12540,2200.0,7.696212639346407,26.138333333333335,23.86,0.33547008547008517,-23.571493104892692,Maíz
Corrientes,2000,4924,11597,2355.1990251827783,7.764380514634496,25.478333333333335,36.66,-0.324529914529915,17.429549990554637,Maíz
Corrientes,2001,4164,8910,2139.769452449568,7.668453369712132,25.993333333333336,32.7,0.1904700854700856,4.744852282900647,Maíz
Corrientes,2002,5280,10789,2043.371212121212,7.62235627783317,25.21666666666667,32.96,-0.5861965811965817,5.577685970776902,Maíz
Corrientes,2003,6900,12168,1763.4782608695652,7.475043422335915,25.78833333333333,28.240000000000002,-0.014529914529919807,-9.541448670669295,Maíz
Corrientes,2004,6180,21630,3500.0,8.160518247477505,25.531666666666666,29.190000000000005,-0.27119658119658396,-6.498402503429057,Maíz
Corrientes,2005,11086,29028,2618.437669132239,7.8703331094004145,26.43166666666666,25.63,0.6288034188034111,-17.901817614350367,Maíz
Corrientes,2006,10500,23100,2200.0,7.696212639346407,26.061666666666667,37.13,0.2588034188034172,18.93505704171561,Maíz
Corrientes,2007,13329,34446,2584.2898942156203,7.857206046773811,26.641666666666666,19.669999999999998,0.8388034188034155,-36.99292830566804,Maíz
Corrientes,2008,9333,13055,1398.7999571413266,7.24336997454962,26.271666666666665,24.95,0.4688034188034145,-20.07999802879601,Maíz
Corrientes,2009,12284,24676,2008.791924454575,7.605288787750953,25.811666666666667,39.28,0.008803418803417173,25.82195099915403,Maíz
Corrientes,2010,11317,29540,2610.232393743925,7.867194536101566,25.348333333333333,23.97,-0.45452991452991753,-23.219140390791193,Maíz
Corrientes,2011,12000,36000,3000.0,8.006367567650246,26.544999999999998,24.64,0.7421367521367479,-21.072992041263873,Maíz
Corrientes,2012,6000,21000,3500.0,8.160518247477505,25.983333333333334,30.78,0.18047008547008403,-1.4053041814164668,Maíz
Corrientes,2013,14455,43365,3000.0,8.006367567650246,26.061666666666667,35.94,0.2588034188034172,15.12324131643572,Maíz
Corrientes,2014,7000,28000,4000.0,8.294049640102028,26.003333333333334,28.669999999999998,0.2004700854700836,-8.164069879181623,Maíz
Corrientes,2015,10000,50000,5000.0,8.517193191416238,24.99166666666667,40.16,-0.8111965811965796,28.64077271196601,Maíz
Corrientes,2016,7000,34020,4860.0,8.48879371689454,25.263333333333332,34.22,-0.5395299145299184,9.613726150484991,Maíz
Corrientes,2017,10000,40000,4000.0,8.294049640102028,25.331666666666667,26.96,-0.47119658119658325,-13.641552980214033,Maíz
Corrientes,2018,9891,62313,6299.969669396421,8.748300097986514,24.951666666666668,42.959999999999994,-0.8511965811965823,37.6097508890951,Maíz
Corrientes,2019,11000,69301,6300.090909090909,8.748319342289943,25.910000000000007,27.23,0.107136752136757,-12.776687227419448,Maíz
Corrientes,2020,11000,60500,5500.0,8.612503371220562,26.78333333333333,22.4,0.9804700854700812,-28.248174582967156,Maíz
Corrientes,2021,11000,49500,4500.0,8.411832675758411,27.333333333333332,21.610000000000003,1.530470085470082,-30.778707711514286,Maíz
Corrientes,2022,6950,31275,4500.0,8.411832675758411,27.72,16.8,1.9171367521367486,-46.186130937225364,Maíz
Córdoba,1981,784100,1900000,2423.160311184798,7.792827880899793,20.691666666666666,22.029999999999998,-0.20642857142857096,-0.6773511384007724,Maíz
Córdoba,1982,803300,2650000,3298.8920702103824,8.101341954782638,20.683333333333334,23.000000000000004,-0.21476190476190382,3.695911203666946,Maíz
Córdoba,1983,814000,2540000,3120.39312039312,8.045714272992178,21.23,27.56,0.33190476190476303,24.254752729263494,Maíz
Córdoba,1984,915000,3610000,3945.3551912568305,8.280294265033543,20.356666666666666,22.65,-0.5414285714285718,2.117929946219821,Maíz
Córdoba,1985,980000,3475000,3545.918367346939,8.173552465316412,21.058333333333334,20.669999999999998,0.16023809523809618,-6.808935453052389,Maíz
Córdoba,1986,835200,2500000,2993.295019157088,8.004130072710055,21.358333333333334,23.380000000000003,0.4602380952380969,5.409147997466657,Maíz
Córdoba,1987,576220,2076000,3602.79060081219,8.189463991049793,21.193333333333335,22.979999999999997,0.29523809523809774,3.605740846098504,Maíz
Córdoba,1988,264500,519000,1962.1928166351606,7.581817910849671,22.298333333333332,19.73,1.4002380952380946,-11.046942258767455,Maíz
Córdoba,1989,256000,532300,2079.296875,7.639785074681286,20.881666666666664,23.21,-0.016428571428573235,4.642699958135199,Maíz
Córdoba,1990,417800,1574100,3767.5921493537576,8.234191389220447,21.361666666666668,21.19,0.46357142857143074,-4.464506156273817,Maíz
Córdoba,1991,498250,1899300,3811.9417962870043,8.245893996107423,20.105,25.38,-0.793095238095237,14.426183754307242,Maíz
Córdoba,1992,557100,2358400,4233.351283432059,8.350749223950384,20.17,25.55,-0.7280952380952357,15.1926317936387,Maíz
Córdoba,1993,651300,2847000,4371.25748502994,8.382806000707818,20.465,23.4,-0.43309523809523753,5.499318355035032,Maíz
Córdoba,1994,691100,2770700,4009.1159021849226,8.296326022722218,20.94666666666667,17.03,0.048571428571431596,-23.21994053050227,Maíz
Córdoba,1995,591350,2027900,3429.2720047349285,8.14010327411563,20.55666666666667,20.580000000000002,-0.34142857142856897,-7.21470206211019,Maíz
Córdoba,1996,754755,2607100,3454.2334929877907,8.147355857171013,20.974999999999998,17.87,0.07690476190476048,-19.432785512629213,Maíz
Córdoba,1997,875800,4422100,5049.212148892441,8.526987499978253,19.50333333333333,28.64,-1.394761904761907,29.123952037957434,Maíz
Córdoba,1998,580150,2799800,4825.993277600621,8.481771853229308,20.868333333333336,21.6,-0.029761904761901548,-2.6160138261214883,Maíz
Córdoba,1999,801920,4765800,5942.98683160415,8.68996711958163,19.22,29.87,-1.6780952380952385,34.66942902841439,Maíz
Córdoba,2000,737370,4201110,5697.424630782375,8.647769532560622,20.613333333333333,30.01,-0.2847619047619041,35.30062153139324,Maíz
Córdoba,2001,828150,5656070,6829.76513916561,8.82904556532142,20.543333333333333,20.740000000000002,-0.3547619047619044,-6.493339201562942,Maíz
Córdoba,2002,809550,6160140,7609.3385214007785,8.937131524791408,21.223333333333333,24.400000000000002,0.3252380952380953,10.007836233455357,Maíz
Córdoba,2003,608985,3941200,6471.752177804051,8.775202166565768,21.698333333333334,17.29,0.8002380952380967,-22.047725882113,Maíz
Córdoba,2004,860270,7061800,8208.818161739919,9.012964241017523,20.195,29.840000000000003,-0.7030952380952371,34.534173492061804,Maíz
Córdoba,2005,848880,5204450,6130.960795400999,8.721106753255373,20.625,20.66,-0.2730952380952374,-6.854020631836577,Maíz
Córdoba,2006,989350,8919130,9015.141254358923,9.106660804328742,20.88,27.71,-0.018095238095238386,24.931030411026555,Maíz
Córdoba,2007,1276800,8748610,6851.981516290727,8.832293161876263,21.205000000000002,18.939999999999998,0.30690476190476446,-14.608671382719507,Maíz
Córdoba,2008,963500,6375310,6616.824078879086,8.797370787423047,21.465,17.15,0.5669047619047625,-22.67891838509184,Maíz
Córdoba,2009,843800,6760270,8011.697084617208,8.988657888359697,21.78333333333333,19.79,0.885238095238094,-10.77643118606224,Maíz
Córdoba,2010,961500,5925310,6162.56890275611,8.726248999263062,20.335,16.43,-0.5630952380952365,-25.925051257554454,Maíz
Córdoba,2011,866100,4794540,5535.781087634223,8.61898795309697,21.201666666666668,18.57,0.3035714285714306,-16.276822997735007,Maíz
Córdoba,2012,1583500,10789190,6813.508051784022,8.826662398928962,20.75,18.42,-0.1480952380952374,-16.953100679498046,Maíz
Córdoba,2013,1677070,11839850,7059.842463343808,8.862178016264362,20.825,25.570000000000004,-0.0730952380952381,15.28280215120712,Maíz
Córdoba,2014,1555300,11667100,7501.51096251527,8.922859740902428,20.69166666666667,33.69,-0.2064285714285674,51.89196732397994,Maíz
Córdoba,2015,1600585,12255535,7656.909817348032,8.943363763238885,20.263333333333332,23.64,-0.6347619047619055,6.581362645855915,Maíz
Córdoba,2016,2113960,16170280,7649.283808586728,8.94236730264539,21.391666666666666,18.57,0.49357142857142833,-16.276822997735007,Maíz
Córdoba,2017,2140522,13277346,6202.854257045711,8.7327648291378,21.53833333333333,13.35,0.640238095238093,-39.81128632308898,Maíz
Córdoba,2018,2367363,18996476,8024.319041904431,8.990232089806513,20.581666666666667,24.109999999999996,-0.3164285714285704,8.700366048713448,Maíz
Córdoba,2019,2467227,19196764,7780.7044102549135,8.959402154237704,21.62,23.23,0.7219047619047636,4.732870315703597,Maíz
Córdoba,2020,2617002,21690343,8288.240895497978,9.022593029653363,20.77,18.21,-0.12809523809523782,-17.899889433966308,Maíz
Córdoba,2021,2726000,20459566,7505.343360234776,8.923370493885084,21.30666666666667,18.759999999999998,0.40857142857143103,-15.420204600835163,Maíz
Córdoba,2022,2523231,13521922,5358.971096978437,8.586527276119313,22.289999999999996,16.169999999999998,1.3919047619047582,-27.097265905943736,Maíz
Entre Ríos,1981,156400,299000,1911.764705882353,7.555782024261613,23.775000000000002,19.919999999999998,-0.31452380952380565,-21.845866417561886,Maíz
Entre Ríos,1982,147800,232600,1573.7483085250337,7.3612155105526,23.929999999999996,23.279999999999998,-0.15952380952381162,-8.663241475945826,Maíz
Entre Ríos,1983,84500,127000,1502.9585798816568,7.3151908310776,24.433333333333334,31.560000000000002,0.3438095238095258,23.822512844465216,Maíz
Entre Ríos,1984,116000,197000,1698.2758620689656,7.437368816613761,23.765,22.54,-0.3245238095238072,-11.566557683325552,Maíz
Entre Ríos,1985,94500,264000,2793.6507936507937,7.9351045476287565,24.41333333333333,20.36,0.32380952380952266,-20.11957029425502,Maíz
Entre Ríos,1986,92200,233300,2530.368763557484,7.836120327446973,24.416666666666668,28.529999999999998,0.32714285714286007,11.934609995329271,Maíz
Entre Ríos,1987,97400,399900,4105.749486652978,8.32014358418642,24.125,24.17,0.035476190476192215,-5.171415226529652,Maíz
Entre Ríos,1988,41200,65000,1577.6699029126214,7.363704292522294,25.61666666666667,15.93,1.527142857142863,-37.50023353573096,Maíz
Entre Ríos,1989,77000,230000,2987.012987012987,8.00202916605165,24.221666666666668,33.02,0.13214285714285978,29.550677253619817,Maíz
Entre Ríos,1990,76700,266300,3471.9687092568447,8.152477063428814,24.751666666666665,26.36,0.6621428571428574,3.420831387202239,Maíz
Entre Ríos,1991,103800,456600,4398.843930635838,8.389097042346044,23.505,25.08,-0.5845238095238088,-1.6011209715086405,Maíz
Entre Ríos,1992,122200,593000,4852.700490998363,8.487290631242368,23.665000000000003,23.87,-0.4245238095238051,-6.348435310602518,Maíz
Entre Ríos,1993,87500,304900,3484.5714285714284,8.156100339612777,23.639999999999997,27.589999999999996,-0.44952380952381077,8.246613731900965,Maíz
Entre Ríos,1994,117000,631700,5399.145299145299,8.593995942089036,24.06833333333333,26.49,-0.021190476190476204,3.930873423633807,Maíz
Entre Ríos,1995,155300,579200,3729.5556986477786,8.224044389899003,24.331666666666663,25.99,0.24214285714285566,1.969173283512382,Maíz
Entre Ríos,1996,202200,892200,4412.462908011869,8.39218829508993,24.76166666666667,17.639999999999997,0.6721428571428625,-30.79121905651566,Maíz
Entre Ríos,1997,179600,1176000,6547.884187082405,8.78689725157261,22.955,35.53,-1.1345238095238095,39.398411957029445,Maíz
Entre Ríos,1998,168400,1020200,6058.194774346794,8.709167142662738,24.52666666666667,20.32,0.43714285714286305,-20.276506305464736,Maíz
Entre Ríos,1999,185500,630900,3401.078167115903,8.131847768311411,24.169999999999998,17.669999999999998,0.08047619047619037,-30.673517048108366,Maíz
Entre Ríos,2000,205700,1275580,6201.1667476908115,8.732492738440007,23.415000000000003,29.59,-0.6745238095238051,16.093414292386733,Maíz
Entre Ríos,2001,155200,911750,5874.677835051546,8.678406500921808,23.66,23.36,-0.42952380952380764,-8.34936945352639,Maíz
Entre Ríos,2002,179600,1182410,6583.574610244988,8.792333130647043,23.538333333333338,38.95,-0.5511904761904702,52.81644091546007,Maíz
Entre Ríos,2003,194750,1451330,7452.272143774069,8.916274250616393,24.320000000000004,15.280000000000001,0.23047619047619605,-40.050443717888825,Maíz
Entre Ríos,2004,236720,1625600,6867.184859749916,8.834509528274346,23.65833333333333,32.97,-0.43119047619047635,29.354507239607663,Maíz
Entre Ríos,2005,180500,951190,5269.750692520775,8.569738333494346,23.756666666666664,22.63,-0.33285714285714363,-11.21345165810369,Maíz
Entre Ríos,2006,168060,1367240,8135.427823396406,9.003983608730838,24.165000000000003,43.120000000000005,0.07547619047619492,69.1770200840729,Maíz
Entre Ríos,2007,203710,1128630,5540.376024741054,8.619817651939956,23.766666666666666,16.73,-0.32285714285714207,-34.36151331153666,Maíz
Entre Ríos,2008,74800,223330,2985.695187165775,8.001587892234088,25.066666666666663,20.68,0.9771428571428551,-18.864082204577304,Maíz
Entre Ríos,2009,146800,1211910,8255.517711171662,9.01863706924802,23.673333333333332,37.76,-0.4161904761904758,48.14759458197104,Maíz
Entre Ríos,2010,175800,937640,5333.560864618885,8.581774373759847,23.71833333333333,17.74,-0.3711904761904776,-30.398879028491365,Maíz
Entre Ríos,2011,200200,1169460,5841.458541458542,8.672735794889622,24.314999999999998,23.14,0.22547619047618994,-9.212517515179819,Maíz
Entre Ríos,2012,236900,1663060,7020.092866188265,8.856531725734104,23.38166666666667,28.15,-0.7078571428571365,10.443717888837,Maíz
Entre Ríos,2013,256860,1403880,5465.545433309974,8.606219200444738,24.171666666666667,31.15,0.08214285714285907,22.21391872956562,Maíz
Entre Ríos,2014,219000,1540300,7033.333333333333,8.858416030796048,23.721666666666668,26.840000000000003,-0.3678571428571402,5.304063521718838,Maíz
Entre Ríos,2015,229830,1562611,6798.986207196624,8.824528792872632,23.896666666666665,26.619999999999997,-0.19285714285714306,4.4409154600653755,Maíz
Entre Ríos,2016,341250,2298225,6734.725274725275,8.815032297325832,23.395,35.82,-0.6945238095238082,40.536198038299865,Maíz
Entre Ríos,2017,360590,1723710,4780.249036301617,8.472247923773052,24.59,14.73,0.5004761904761921,-42.208313872022416,Maíz
Entre Ríos,2018,371051,2763953,7448.984101915909,8.915832939916502,22.898333333333337,36.96,-1.1911904761904708,45.00887435777674,Maíz
Entre Ríos,2019,421370,2872233,6816.415501815507,8.827089026424582,24.433333333333334,24.29,0.3438095238095258,-4.700607192900518,Maíz
Entre Ríos,2020,429400,2152710,5013.297624592455,8.51984918605619,24.12,22.609999999999996,0.03047619047619321,-11.29191966370856,Maíz
Entre Ríos,2021,495900,1865620,3762.08913087316,8.232729701997423,24.673333333333332,23.410000000000004,0.5838095238095242,-8.153199439514225,Maíz
Entre Ríos,2022,329780,818365,2481.54830493056,7.816637960858813,26.353333333333335,12.12,2.2638095238095275,-52.44838860345633,Maíz
Formosa,1981,17800,45200,2539.325842696629,7.839653908522283,26.013333333333335,28.74,-0.6978968253968247,-2.8827509634647863,Maíz
Formosa,1982,16500,37450,2269.6969696969695,7.72740160803883,25.814999999999998,35.78,-0.8962301587301624,20.90658213386327,Maíz
Formosa,1983,16800,32000,1904.7619047619048,7.55211229537265,27.651666666666667,26.82,0.9404365079365071,-9.3707508990997,Maíz
Formosa,1984,21000,43400,2066.6666666666665,7.6336922823650735,27.560000000000002,28.82,0.8487698412698421,-2.612417632813324,Maíz
Formosa,1985,16000,35700,2231.25,7.710317245527949,29.088333333333335,24.36,2.3771031746031746,-17.68350081663195,Maíz
Formosa,1986,15040,29300,1948.1382978723404,7.574629476483465,26.56833333333333,33.42,-0.14289682539682858,12.931748879645344,Maíz
Formosa,1987,16500,20000,1212.121212121212,7.100127171629593,26.885,23.75,0.1737698412698414,-19.744792462849293,Maíz
Formosa,1988,5000,7500,1500.0,7.313220387090301,26.433333333333337,33.19,-0.27789682539682303,12.154540554022386,Maíz
Formosa,1989,9500,28000,2947.3684210526317,7.988667990550846,26.95,22.880000000000003,0.23876984126983913,-22.68466743368386,Maíz
Formosa,1990,8000,24000,3000.0,8.006367567650246,27.040000000000003,23.560000000000002,0.32876984126984254,-20.386834123146492,Maíz
Formosa,1991,15000,45000,3000.0,8.006367567650246,26.033333333333335,29.95,-0.6778968253968252,1.2060406626384745,Maíz
Formosa,1992,18000,48600,2700.0,7.90100705199242,25.44666666666667,33.03,-1.2645634920634912,11.613873892719507,Maíz
Formosa,1993,18000,50000,2777.777777777778,7.929406526514119,26.228333333333335,30.06,-0.4828968253968249,1.5777489922842225,Maíz
Formosa,1994,17600,52800,3000.0,8.006367567650246,26.301666666666673,38.79,-0.4095634920634872,31.07787369962425,Maíz
Formosa,1995,15500,43400,2800.0,7.937374696163295,27.155,27.229999999999997,0.443769841269841,-7.985292579511006,Maíz
Formosa,1996,16500,61100,3703.030303030303,8.216906764253151,26.066666666666666,32.029999999999994,-0.6445634920634937,8.23470725957629,Maíz
Formosa,1997,10000,25000,2500.0,7.824046010856292,26.429999999999996,41.23,-0.281230158730164,39.32304028449363,Maíz
Formosa,1998,25500,63800,2501.9607843137255,7.824830017168501,26.296666666666667,31.42,-0.4145634920634933,6.173415613358957,Maíz
Formosa,1999,9500,19000,2000.0,7.600902459542082,27.161666666666665,26.28,0.45043650793650514,-11.195500880997022,Maíz
Formosa,2000,19500,62400,3200.0,8.070906088787819,26.44666666666667,33.72,-0.26456349206349117,13.945498869588292,Maíz
Formosa,2001,21164,74090,3500.756000756001,8.160734224368817,27.066666666666666,31.419999999999998,0.3554365079365063,6.173415613358957,Maíz
Formosa,2002,18164,54390,2994.3844968068706,8.004493979181301,26.846666666666668,31.430000000000003,0.1354365079365074,6.2072072796903965,Maíz
Formosa,2003,17645,61950,3510.909606120714,8.163630429930055,26.595,27.290000000000003,-0.11623015873016129,-7.7825425815224,Maíz
Formosa,2004,21030,61800,2938.6590584878745,7.985708653731174,26.161666666666672,31.7,-0.5495634920634878,7.119582270639047,Maíz
Formosa,2005,23000,66700,2900.0,7.9724660159745655,26.983333333333334,31.550000000000004,0.2721031746031741,6.612707275667584,Maíz
Formosa,2006,19035,54627,2869.818754925138,7.962004155165492,26.980000000000004,27.55,0.2687698412698438,-6.903959256905178,Maíz
Formosa,2007,18120,68570,3784.216335540839,8.238594099663576,26.93166666666666,23.850000000000005,0.22043650793650116,-19.40687579953495,Maíz
Formosa,2008,10355,28480,2750.36214389184,7.919487870678364,27.166666666666668,21.46,0.4554365079365077,-27.483084052747188,Maíz
Formosa,2009,10000,35000,3500.0,8.160518247477505,26.845,29.78,0.1337698412698387,0.6315823350041327,Maíz
Formosa,2010,10000,41400,4140.0,8.32845106681936,25.515,29.61,-1.1962301587301596,0.05712400736979095,Maíz
Formosa,2011,10000,30000,3000.0,8.006367567650246,26.938333333333333,22.9,0.22710317460317242,-22.617084101021,Maíz
Formosa,2012,5000,17500,3500.0,8.160518247477505,27.286666666666665,25.34,0.5754365079365051,-14.371917516151623,Maíz
Formosa,2013,8000,24000,3000.0,8.006367567650246,26.566666666666663,34.29,-0.14456349206349728,15.87162385047991,Maíz
Formosa,2014,19000,76000,4000.0,8.294049640102028,26.583333333333332,28.589999999999996,-0.127896825396828,-3.389625958436271,Maíz
Formosa,2015,27000,135000,5000.0,8.517193191416238,25.766666666666666,45.64,-0.9445634920634944,54.22516513665509,Maíz
Formosa,2016,34000,153000,4500.0,8.411832675758411,26.103333333333328,33.03,-0.607896825396832,11.613873892719507,Maíz
Formosa,2017,69430,298549,4300.0,8.366370301681654,25.926666666666666,31.9,-0.7845634920634943,7.795415597267685,Maíz
Formosa,2018,26550,119475,4500.0,8.411832675758411,26.29166666666667,33.2,-0.41956349206348875,12.188332220353848,Maíz
Formosa,2019,13700,61650,4500.0,8.411832675758411,27.671666666666667,20.810000000000002,0.9604365079365067,-29.679542364290256,Maíz
Formosa,2020,13200,66000,5000.0,8.517193191416238,26.67,35.11,-0.04123015873015845,18.64254048965732,Maíz
Formosa,2021,10957,39523,3607.1004837090445,8.190659538488633,27.99666666666667,22.31,1.2854365079365095,-24.61079241457549,Maíz
Formosa,2022,16255,60143,3699.969240233774,8.216079785147427,27.406666666666666,19.090000000000003,0.6954365079365061,-35.49170897329653,Maíz
Jujuy,1981,4100,10285,2508.5365853658536,7.827454828376795,21.973333333333333,24.049999999999997,-0.9671031746031744,1.3932665475497208,Maíz
Jujuy,1982,5400,10800,2000.0,7.600902459542082,23.41,19.69,0.469563492063493,-16.9882154544177,Maíz
Jujuy,1983,6600,19390,2937.878787878788,7.985443099204318,22.808333333333334,30.080000000000002,-0.13210317460317356,26.815362068619386,Maíz
Jujuy,1984,7400,20030,2706.7567567567567,7.90350642844974,22.7,28.9,-0.24043650793650784,21.840557306619,Maíz
Jujuy,1985,6800,17000,2500.0,7.824046010856292,23.748333333333335,22.410000000000004,0.8078968253968277,-5.520868884382956,Maíz
Jujuy,1986,4380,9630,2198.6301369863013,7.695589780403816,22.544999999999998,26.009999999999998,-0.395436507936509,9.6565015759571,Maíz
Jujuy,1987,4100,12300,3000.0,8.006367567650246,22.471666666666668,29.73,-0.46876984126983956,25.339784384975196,Maíz
Jujuy,1988,3350,8620,2573.134328358209,7.852880017820763,23.426666666666662,20.970000000000002,0.4862301587301552,-11.591817068518996,Maíz
Jujuy,1989,4820,13580,2817.427385892116,7.943579473050178,22.673333333333336,29.259999999999998,-0.26710317460317157,23.35829435265302,Maíz
Jujuy,1990,4400,11400,2590.909090909091,7.859764093458371,22.638333333333335,32.660000000000004,-0.3021031746031717,37.69247756519645,Maíz
Jujuy,1991,3200,9400,2937.5,7.9853141584524145,22.439999999999998,21.120000000000005,-0.5004365079365094,-10.959426632671487,Maíz
Jujuy,1992,3900,11400,2923.076923076923,7.980392081246986,21.990000000000006,26.73,-0.9504365079365016,12.691975668025135,Maíz
Jujuy,1993,3900,12400,3179.4871794871797,8.064475198457528,22.60833333333333,20.51,-0.3321031746031764,-13.531147738451343,Maíz
Jujuy,1994,4500,15900,3533.3333333333335,8.169996991432049,23.026666666666667,27.840000000000003,0.08623015873016016,17.371664893296668,Maíz
Jujuy,1995,4800,15940,3320.8333333333335,8.107971034430362,23.203333333333333,13.99,0.262896825396826,-41.01905201662284,Maíz
Jujuy,1996,5600,19000,3392.8571428571427,8.129427660407474,22.575000000000003,19.169999999999998,-0.3654365079365043,-19.18050229868905,Maíz
Jujuy,1997,6000,19200,3200.0,8.070906088787819,24.221666666666664,15.24,1.2812301587301569,-35.74913171789363,Maíz
Jujuy,1998,5300,18900,3566.0377358490564,8.179210380489657,22.37,29.52,-0.5704365079365061,24.454437774788683,Maíz
Jujuy,1999,5800,20300,3500.0,8.160518247477505,22.285,22.759999999999998,-0.655436507936507,-4.045291200738809,Maíz
Jujuy,2000,7000,23850,3407.1428571428573,8.133629347261174,22.846666666666668,21.61,-0.09376984126983956,-8.89361787556966,Maíz
Jujuy,2001,8000,28000,3500.0,8.160518247477505,23.065,19.27,0.12456349206349415,-18.75890867479071,Maíz
Jujuy,2002,8000,28000,3500.0,8.160518247477505,23.01,27.57,0.06956349206349444,16.233362108771153,Maíz
Jujuy,2003,4400,15620,3550.0,8.174702882469461,23.10666666666667,28.21,0.166230158730162,18.931561301720514,Maíz
Jujuy,2004,4000,15500,3875.0,8.262300941787448,23.171666666666667,21.130000000000003,0.23123015873015973,-10.91726727028166,Maíz
Jujuy,2005,4720,21300,4512.71186440678,8.414653552100052,23.034999999999997,20.28,0.09456349206348946,-14.500813073417518,Maíz
Jujuy,2006,5200,21450,4125.0,8.324821298768782,22.96166666666667,29.11,0.02123015873016243,22.725903916805514,Maíz
Jujuy,2007,5200,21780,4188.461538461538,8.34008877089957,22.34166666666667,29.200000000000003,-0.5987698412698386,23.10533817831404,Maíz
Jujuy,2008,4120,18130,4400.485436893204,8.389470140387461,22.69333333333333,23.51,-0.24710317460317555,-0.8833390215012726,Maíz
Jujuy,2009,4120,19900,4830.097087378641,8.48262184735115,24.058333333333334,22.91,1.1178968253968264,-3.4129007648912912,Maíz
Jujuy,2010,4510,23150,5133.037694013304,8.543452905999793,22.095000000000002,19.83,-0.8454365079365047,-16.39798438096004,Maíz
Jujuy,2011,5010,26200,5229.540918163672,8.562078774652415,22.991666666666664,20.199999999999996,0.05123015873015646,-14.838087972536208,Maíz
Jujuy,2012,5010,8740,1744.5109780439122,7.464229553552808,23.653333333333336,15.53,0.7128968253968289,-34.52651020858847,Maíz
Jujuy,2013,7370,42300,5739.484396200814,8.655124658833124,22.88333333333333,22.340000000000003,-0.05710317460317782,-5.815984421111786,Maíz
Jujuy,2014,6130,36190,5903.752039151713,8.683343366609668,23.22,24.57,0.27956349206349174,3.5855533918210725,Maíz
Jujuy,2015,6480,27864,4300.0,8.366370301681654,23.121666666666666,24.020000000000003,0.18123015873015902,1.2667884603802415,Maíz
Jujuy,2016,5004,15012,3000.0,8.006367567650246,23.42833333333333,22.44,0.4878968253968239,-5.394390797213466,Maíz
Jujuy,2017,4670,18680,4000.0,8.294049640102028,22.845000000000002,18.14,-0.09543650793650471,-23.522916624841905,Maíz
Jujuy,2018,3744,18720,5000.0,8.517193191416238,22.708333333333332,22.94,-0.23210317460317498,-3.2864226777217898,Maíz
Jujuy,2019,4744,28464,6000.0,8.699514748210191,23.23833333333333,30.560000000000002,0.2978968253968226,28.83901146333139,Maíz
Jujuy,2020,6041,39265,6499.75169673895,8.77951925465237,23.038333333333338,25.33,0.09789682539683042,6.789664933448414,Maíz
Jujuy,2021,6728,25487,3788.1985731272293,8.2396458745601,22.96166666666667,32.66,0.02123015873016243,37.69247756519643,Maíz
Jujuy,2022,8808,35230,3999.7729336966395,8.293992871914904,23.908333333333335,14.22,0.9678968253968279,-40.049386681656664,Maíz
La Pampa,1981,101200,185000,1828.0632411067193,7.511012347207097,20.958333333333332,16.75,-0.006190476190475636,-8.734740474553405,Maíz
La Pampa,1982,90430,180000,1990.4898816764348,7.596136059119958,20.701666666666668,16.91,-0.2628571428571398,-7.862952920877497,Maíz
La Pampa,1983,119300,270000,2263.2020117351217,7.724535908876642,21.285,20.56,0.32047619047619236,12.024700647354148,Maíz
La Pampa,1984,180000,360000,2000.0,7.600902459542082,19.901666666666667,18.22,-1.0628571428571405,-0.72519232515601,Maíz
La Pampa,1985,167500,520000,3104.4776119402986,8.04060073929249,19.703333333333333,26.89,-1.2611904761904746,46.514795739657245,Maíz
La Pampa,1986,148600,441000,2967.698519515478,7.995542022145324,21.323333333333334,17.96,0.35880952380952635,-2.141847099879357,Maíz
La Pampa,1987,186650,391500,2097.508706134476,7.648505589052402,21.14,15.309999999999999,0.17547619047619278,-16.58082845763659,Maíz
La Pampa,1988,92000,200000,2173.913043478261,7.6842840684811335,21.608333333333334,14.530000000000001,0.6438095238095265,-20.83079278180662,Maíz
La Pampa,1989,69544,148500,2135.3387783273897,7.666380591448128,20.891666666666666,19.409999999999997,-0.07285714285714207,5.7587276053085334,Maíz
La Pampa,1990,128500,319200,2484.046692607004,7.817644240222516,21.406666666666666,17.159999999999997,0.4421428571428585,-6.500784868258913,Maíz
La Pampa,1991,192000,700700,3649.4791666666665,8.202339742330844,20.03833333333333,26.02,-0.9261904761904773,41.7744509165445,Maíz
La Pampa,1992,151000,475000,3145.6953642384105,8.053790246201855,19.77,25.86,-1.1945238095238082,40.90266336286859,Maíz
La Pampa,1993,122100,342600,2805.8968058968057,7.939478483755497,20.84,18.35,-0.12452380952380793,-0.016864937794325296,Maíz
La Pampa,1994,78300,232300,2966.794380587484,7.995237315761743,21.64333333333333,11.739999999999998,0.6788095238095231,-36.03258824903028,Maíz
La Pampa,1995,57400,132500,2308.362369337979,7.744293621082893,21.27,18.490000000000002,0.3054761904761918,0.7459491716721001,Maíz
La Pampa,1996,107280,251600,2345.2647278150635,7.760153564834999,20.7,26.480000000000004,-0.2645238095238085,44.28084013336275,Maíz
La Pampa,1997,102200,376000,3679.0606653620353,8.210412744602428,19.19333333333333,19.509999999999998,-1.7711904761904762,6.303594826355985,Maíz
La Pampa,1998,77800,251700,3235.218508997429,8.08185174993906,21.333333333333332,17.68,0.36880952380952436,-3.6674753188121967,Maíz
La Pampa,1999,106500,482300,4528.638497652582,8.418176620907584,19.713333333333335,25.5,-1.251190476190473,38.941141367097785,Maíz
La Pampa,2000,144200,616540,4275.589459084605,8.360677257031565,21.066666666666666,25.810000000000002,0.10214285714285865,40.630229752344874,Maíz
La Pampa,2001,123700,539210,4359.013742926435,8.380001105003883,20.331666666666667,17.470000000000002,-0.6328571428571408,-4.811696483011807,Maíz
La Pampa,2002,83450,380740,4562.492510485321,8.425624356351936,21.83666666666667,11.879999999999999,0.8721428571428618,-35.26977413956386,Maíz
La Pampa,2003,134200,591340,4406.408345752608,8.39081520253958,22.150000000000002,13.82,1.1854761904761943,-24.699350051243464,Maíz
La Pampa,2004,229100,1250040,5456.307289393278,8.604527519307045,20.798333333333332,17.27,-0.16619047619047578,-5.90143092510671,Maíz
La Pampa,2005,138400,583570,4216.546242774566,8.346771646053945,20.938333333333336,15.469999999999999,-0.026190476190471657,-15.70904090396068,Maíz
La Pampa,2006,201950,945800,4683.337459767269,8.45176626718249,21.118333333333332,21.45,0.1538095238095245,16.87401891467637,Maíz
La Pampa,2007,182400,782950,4292.4890350877195,8.364622038333358,21.10833333333333,14.590000000000002,0.14380952380952294,-20.50387244917815,Maíz
La Pampa,2008,88500,263750,2980.225988700565,7.99975441175853,22.863333333333333,11.6,1.8988095238095255,-36.79540235849669,Maíz
La Pampa,2009,99300,448700,4518.630412890232,8.415964220912947,20.801666666666666,21.01,-0.16285714285714192,14.476603142067646,Maíz
La Pampa,2010,118900,520710,4379.394449116905,8.384665740186302,21.136666666666667,12.34,0.17214285714285893,-32.76338492274562,Maíz
La Pampa,2011,108100,461120,4265.679925994449,8.358356867148132,21.371666666666666,19.73,0.40714285714285836,7.502302712660369,Maíz
La Pampa,2012,113900,473700,4158.91132572432,8.333008618458706,20.294999999999998,19.33,-0.6695238095238096,5.322833828470586,Maíz
La Pampa,2013,140600,795830,5660.241820768137,8.641221894801902,21.32,19.02,0.3554761904761925,3.633745443223524,Maíz
La Pampa,2014,132400,862700,6515.861027190333,8.781994641561763,21.168333333333333,18.73,0.20380952380952522,2.0536305021859436,Maíz
La Pampa,2015,298450,2148470,7198.7602613503095,8.881664104254881,19.831666666666667,23.14,-1.1328571428571408,26.08227495037816,Maíz
La Pampa,2016,169900,1096620,6454.5026486168335,8.772533251298656,21.111666666666665,27.43,0.1471428571428568,49.45707873331342,Maíz
La Pampa,2017,224720,1331562,5925.427198291207,8.687008064381601,21.521666666666665,9.040000000000001,0.5571428571428569,-50.7440032173112,Maíz
La Pampa,2018,248706,1978798,7956.374192822047,8.981728671650918,20.596666666666668,15.76,-0.3678571428571402,-14.12892596292309,Maíz
La Pampa,2019,290832,2364777,8131.0756725532265,9.003448502836923,21.51833333333333,15.46,0.5538095238095231,-15.763527626065411,Maíz
La Pampa,2020,375210,2537318,6762.394392473549,8.819132306393024,21.075,15.43,0.1104761904761915,-15.926987792379654,Maíz
La Pampa,2021,517300,3698601,7149.818287260777,8.87484222099598,20.558333333333334,17.52,-0.4061904761904742,-4.539262872488104,Maíz
La Pampa,2022,474219,3088464,6512.737785706604,8.781515197595699,22.569999999999997,14.200000000000001,1.605476190476189,-22.628854611263183,Maíz
Misiones,1981,25400,34000,1338.5826771653544,7.199366629573808,24.66,26.35,0.10020325203251801,-23.673371342984105,Maíz
Misiones,1982,31000,39140,1262.5806451612902,7.140913036464921,22.983333333333334,55.01,-1.5764634146341479,59.34451014885936,Maíz
Misiones,1983,29000,32000,1103.448275862069,7.00619535179539,23.73,36.72,-0.8297967479674817,6.364850257518917,Maíz
Misiones,1984,30000,35930,1197.6666666666667,7.088130498445409,24.061666666666667,41.699999999999996,-0.4981300813008147,20.790148576757584,Maíz
Misiones,1985,5600,6000,1071.4285714285713,6.9767481504690885,25.738333333333333,25.65,1.1785365853658512,-25.701023717174287,Maíz
Misiones,1986,18000,32400,1800.0,7.495541943884256,23.515,45.370000000000005,-1.0447967479674816,31.420840310011798,Maíz
Misiones,1987,15830,30000,1895.1358180669615,7.547045786751371,24.286666666666665,28.21,-0.27313008130081684,-18.285609320135933,Maíz
Misiones,1988,35200,77000,2187.5,7.690514618231769,24.558333333333334,29.43,-0.0014634146341485632,-14.751700896547337,Maíz
Misiones,1989,10000,25000,2500.0,7.824046010856292,24.136666666666667,34.14,-0.4231300813008154,-1.1084970644963055,Maíz
Misiones,1990,2000,1200,600.0,6.396929655216146,24.64333333333333,32.16,0.08353658536584874,-6.84385663720567,Maíz
Misiones,1991,2000,7000,3500.0,8.160518247477505,24.485,38.17,-0.0747967479674827,10.564987318341434,Maíz
Misiones,1993,13760,23900,1736.9186046511627,7.459867905414405,23.59,46.43,-0.9697967479674823,34.49128533378549,Maíz
Misiones,1994,13770,23913,1736.6013071895425,7.459685210355469,24.334999999999997,33.540000000000006,-0.22479674796748483,-2.8464848138021526,Maíz
Misiones,1995,9110,17220,1890.230515916575,7.5444540667098545,25.138333333333335,30.32,0.5785365853658533,-12.173685735076978,Maíz
Misiones,1996,5100,15300,3000.0,8.006367567650246,24.278333333333336,39.16,-0.28146341463414615,13.432667104696083,Maíz
Misiones,1997,3350,3665,1094.0298507462687,6.9976232684837765,23.896666666666665,58.65,-0.6631300813008174,69.88830249464826,Maíz
Misiones,1998,5700,14200,2491.2280701754385,7.820531068748847,24.623333333333335,29.320000000000007,0.06353658536585272,-15.07033198392006,Maíz
Misiones,1999,8730,24450,2800.687285223368,7.937620125051508,24.724999999999998,29.7,0.16520325203251573,-13.969606409359702,Maíz
Misiones,2000,6980,19550,2800.859598853868,7.937681648639231,23.771666666666665,44.79,-0.7881300813008174,29.740785485682796,Maíz
Misiones,2001,4400,8800,2000.0,7.600902459542082,24.993333333333336,25.65,0.4335365853658537,-25.701023717174287,Maíz
Misiones,2002,2430,6320,2600.8230452674898,7.863583229788446,23.746666666666666,48.19,-0.813130081300816,39.589382731749346,Maíz
Misiones,2003,24450,49710,2033.1288343558283,7.617331183167837,24.493333333333336,32.37,-0.06646341463414629,-6.235560924948613,Maíz
Misiones,2004,7160,8242,1151.1173184357542,7.048488330926208,25.24166666666667,24.76,0.6818699186991886,-28.27903887864465,Maíz
Misiones,2005,19100,39680,2077.4869109947645,7.638914226346225,25.03833333333333,21.54,0.4785365853658483,-37.606239799919464,Maíz
Misiones,2006,30647,18178,593.1412536300453,6.385432572369203,24.748333333333335,39.98,0.18853658536585272,15.807917028747443,Maíz
Misiones,2007,29105,15537,533.8258031266106,6.280069574368302,24.451666666666668,31.94,-0.10813008130081414,-7.481118811951138,Maíz
Misiones,2008,5070,901,177.7120315581854,5.180164440005246,25.305000000000003,24.46,0.7452032520325211,-29.14803275329758,Maíz
Misiones,2009,32241,68360,2120.2816289817315,7.659304202702401,24.341666666666665,39.77,-0.21813008130081712,15.199621316490397,Maíz
Misiones,2010,33237,76260,2294.4309053163643,7.738240120204909,24.289999999999996,25.74,-0.26979674796748654,-25.440325554778408,Maíz
Misiones,2011,14364,10047,699.4569757727652,6.550304285098478,25.729999999999993,21.090000000000003,1.1702032520325112,-38.90973061189885,Maíz
Misiones,2012,34380,78170,2273.7056428155906,7.729166221259673,24.85666666666667,33.35,0.296869918699187,-3.3968476010823534,Maíz
Misiones,2013,29790,88830,2981.8731117824773,8.000306943038556,25.77666666666667,30.41,1.2168699186991887,-11.9129875726811,Maíz
Misiones,2014,28810,86390,2998.6115931968066,8.005904658256492,23.741666666666664,38.120000000000005,-0.8181300813008185,10.420155005899279,Maíz
Misiones,2015,22190,65799,2965.2546191978367,7.994718182685033,23.785,47.11,-0.774796747967482,36.461004782998806,Maíz
Misiones,2016,25940,78724,3034.8496530454895,8.01791716455503,24.333333333333332,38.2,-0.22646341463414998,10.651886705806724,Maíz
Misiones,2017,26840,87016,3242.026825633383,8.083953976670205,23.733333333333334,41.98,-0.8264634146341479,21.60120952643365,Maíz
Misiones,2018,30380,151809,4997.004608294931,8.516593933556093,24.400000000000002,42.370000000000005,-0.15979674796748,22.730901563482476,Maíz
Misiones,2019,30130,149809,4972.0876203119815,8.511595075225118,25.32166666666667,30.84,0.7618699186991869,-10.667429685678565,Maíz
Misiones,2020,8000,33676,4209.5,8.345099154777719,25.5,27.51,0.9402032520325179,-20.3132616943261,Maíz
Misiones,2021,15040,52640,3500.0,8.160518247477505,26.463333333333335,24.5,1.9035365853658526,-29.03216690334386,Maíz
Misiones,2022,28799,115186,3999.6527657210318,8.293962827764204,25.50333333333333,20.73,0.9435365853658482,-39.952523261482376,Maíz
Salta,1981,64450,160000,2482.544608223429,7.817039364830768,16.11,22.279999999999998,-0.649285714285714,-5.01248553505087,Maíz
Salta,1982,65400,129700,1983.1804281345567,7.592457111841382,17.256666666666664,22.27,0.4973809523809507,-5.05511906937085,Maíz
Salta,1983,74500,200000,2684.5637583892617,7.89527352014466,16.838333333333335,30.330000000000002,0.07904761904762125,29.307509592545223,Maíz
Salta,1984,81000,238600,2945.679012345679,7.988094633973514,16.84,27.66,0.0807142857142864,17.92435592910653,Maíz
Salta,1985,65000,145000,2230.769230769231,7.710101751507074,17.066666666666666,27.47,0.307380952380953,17.114318777026604,Maíz
Salta,1986,52000,128900,2478.846153846154,7.815548470345852,16.84,24.929999999999996,0.0807142857142864,6.285401059747842,Maíz
Salta,1987,55000,191100,3474.5454545454545,8.153218944995894,16.921666666666667,28.48,0.1623809523809534,21.420305743346123,Maíz
Salta,1988,22700,46000,2026.431718061674,7.614031750983875,16.85833333333333,20.589999999999996,0.09904761904761727,-12.217552835130052,Maíz
Salta,1989,47500,142500,3000.0,8.006367567650246,16.650000000000002,28.18,-0.10928571428571132,20.141299713746275,Maíz
Salta,1990,23000,58700,2552.1739130434785,7.844700789887038,17.00833333333333,26.03,0.24904761904761585,10.975089834947326,Maíz
Salta,1991,37000,99900,2700.0,7.90100705199242,16.7,18.630000000000003,-0.059285714285714164,-20.573725561849066,Maíz
Salta,1992,35500,109300,3078.8732394366198,8.03231897768326,16.248333333333335,23.73,-0.5109523809523786,1.1693769413484434,Maíz
Salta,1993,43500,146600,3370.114942528736,8.12270213034005,16.516666666666666,21.479999999999997,-0.24261904761904773,-8.423168280650483,Maíz
Salta,1994,46000,159600,3469.5652173913045,8.15178456750875,16.911666666666665,26.52,0.15238095238095184,13.064133016627078,Maíz
Salta,1995,65000,207500,3192.3076923076924,8.068499348757253,16.56,14.82,-0.19928571428571473,-36.81710213776722,Maíz
Salta,1996,79500,278300,3500.62893081761,8.160697925853697,16.278333333333332,23.619999999999997,-0.480952380952381,0.7004080638284726,Maíz
Salta,1997,73900,231300,3129.9052774018946,8.048758020265375,17.691666666666666,14.53,0.932380952380953,-38.05347463304708,Maíz
Salta,1998,73200,263500,3599.726775956284,8.188613225996288,16.096666666666668,29.41,-0.6626190476190459,25.38522443510567,Maíz
Salta,1999,69500,245100,3526.6187050359713,8.168094816945457,15.753333333333336,23.439999999999998,-1.0059523809523778,-0.06699555393143708,Maíz
Salta,2000,49000,165550,3378.5714285714284,8.125208244864766,16.761666666666667,26.720000000000002,0.0023809523809532607,13.916803703026993,Maíz
Salta,2001,38000,144000,3789.4736842105262,8.239982418831753,16.633333333333336,20.700000000000003,-0.12595238095237704,-11.748583957610082,Maíz
Salta,2002,36200,124000,3425.414364640884,8.13897772575545,17.26833333333333,22.73,0.5090476190476174,-3.0939764906510736,Maíz
Salta,2003,41000,141500,3451.2195121951218,8.146482929361122,16.90833333333333,21.33,0.14904761904761799,-9.062671295450397,Maíz
Salta,2004,31000,120000,3870.967741935484,8.261259817279036,16.878333333333334,16.810000000000002,0.1190476190476204,-28.33302880808818,Maíz
Salta,2005,39000,179850,4611.538461538462,8.436316802994124,16.845,20.57,0.08571428571428541,-12.302819903770024,Maíz
Salta,2006,48000,225100,4689.583333333333,8.453099015986933,17.271666666666665,27.57,0.5123809523809513,17.540654120226563,Maíz
Salta,2007,48000,216000,4500.0,8.411832675758411,16.16333333333333,30.85,-0.595952380952383,31.52445337718497,Maíz
Salta,2008,42600,187440,4400.0,8.389359819906353,16.256666666666664,19.75,-0.5026190476190493,-15.79876971800963,Maíz
Salta,2009,64350,352300,5474.747474747474,8.607901430287193,17.978333333333335,22.939999999999998,1.2190476190476218,-2.19867226993119,Maíz
Salta,2010,136185,754520,5540.404596688329,8.61982280896783,15.626666666666665,24.270000000000003,-1.1326190476190483,3.471587794628195,Maíz
Salta,2011,156025,788310,5052.459541740106,8.527630441673248,16.515,24.68,-0.24428571428571288,5.219562701747971,Maíz
Salta,2012,86335,144650,1675.4502808826085,7.423837232539888,16.923333333333332,19.39,0.16404761904761855,-17.33357695352945,Maíz
Salta,2013,168120,957210,5693.61170592434,8.647100071962353,16.661666666666665,24.740000000000002,-0.09761904761904816,5.475363907667941,Maíz
Salta,2014,223180,1337020,5990.769782238552,8.697975194077769,17.166666666666668,25.089999999999996,0.4073809523809544,6.9675376088677465,Maíz
Salta,2015,292430,1655739,5662.001162671409,8.64153267101824,17.02,25.94,0.2607142857142861,10.59138802606736,Maíz
Salta,2016,233410,1521555,6518.808105908059,8.782446832367352,17.013333333333335,23.58,0.25404761904762196,0.5298739265485075,Maíz
Salta,2017,252110,1508597,5983.884018880647,8.696825137594933,16.523333333333333,19.16,-0.23595238095238003,-18.31414824288934,Maíz
Salta,2018,266243,1827097,6862.51657320568,8.833829500853948,16.916666666666668,22.009999999999998,0.1573809523809544,-6.163590961690735,Maíz
Salta,2019,280759,1878683,6691.443551230771,8.808584907309159,17.238333333333333,25.76,0.47904761904761983,9.823984408307451,Maíz
Salta,2020,283527,1929840,6806.547524574379,8.825640299161956,16.73333333333333,21.52,-0.025952380952382725,-8.252634143370486,Maíz
Salta,2021,297690,1886963,6338.684537606235,8.754426539721054,16.653333333333332,26.97,-0.10595238095238102,14.98264206102684,Maíz
Salta,2022,353991,2028790,5731.190905983485,8.653678625109041,16.786666666666665,17.66,0.02738095238095184,-24.70917839088861,Maíz
San Luis,1981,266800,520000,1949.025487256372,7.5750847765161415,21.261666666666667,18.17,-0.39718253968253947,0.9992191532445016,Maíz
San Luis,1982,274800,533500,1941.4119359534207,7.571170789375751,21.28333333333333,14.19,-0.37551587301587475,-21.123889940311546,Maíz
San Luis,1983,280000,640000,2285.714285714286,7.734433852166605,22.075,22.76,0.4161507936507931,26.513056022446047,Maíz
San Luis,1984,229200,637000,2779.2321116928447,7.929929949713716,20.618333333333336,20.91,-1.0405158730158703,16.229701293029297,Maíz
San Luis,1985,160000,348000,2175.0,7.684783943522785,21.756666666666664,15.669999999999998,0.09781746031745797,-12.897206156778152,Maíz
San Luis,1986,100000,190000,1900.0,7.549609165154532,22.688333333333333,13.9,1.0294841269841264,-22.735875276274164,Maíz
San Luis,1987,123200,286900,2328.7337662337663,7.7530799508700365,22.236666666666668,12.27,0.577817460317462,-31.79634457840893,Maíz
San Luis,1988,50000,51100,1022.0,6.92951677076365,22.546666666666667,17.08,0.8878174603174607,-5.059622281925391,Maíz
San Luis,1989,50000,86700,1734.0,7.458186157340487,21.838333333333335,17.57,0.17948412698412852,-2.335922921160938,Maíz
San Luis,1990,60800,109400,1799.342105263158,7.495176379997897,21.678333333333338,20.529999999999998,0.019484126984131933,14.117444645905831,Maíz
San Luis,1991,52500,73500,1400.0,7.24422751560335,20.98,17.29,-0.6788492063492058,-3.8923225558834873,Maíz
San Luis,1992,50000,90000,1800.0,7.495541943884256,21.55333333333333,14.729999999999997,-0.10551587301587517,-18.122262073346672,Maíz
San Luis,1993,57000,79800,1400.0,7.24422751560335,21.395,13.47,-0.2638492063492066,-25.126060429598052,Maíz
San Luis,1994,42000,46200,1100.0,7.003065458786462,21.516666666666666,18.92,-0.14218253968254047,5.168146746251279,Maíz
San Luis,1995,39000,46900,1202.5641025641025,7.092211308304725,22.233333333333334,13.490000000000002,0.5744841269841281,-25.01488902711787,Maíz
San Luis,1996,39000,35100,900.0,6.802394763324311,21.69666666666667,18.51,0.0378174603174628,2.889132995407584,Maíz
San Luis,1997,48500,101900,2101.0309278350514,7.6501834212673785,20.4,19.48,-1.2588492063492076,8.280946015696355,Maíz
San Luis,1998,37500,101600,2709.3333333333335,7.904457881150154,21.701666666666664,15.89,0.042817460317458256,-11.674320729496145,Maíz
San Luis,1999,57000,210900,3700.0,8.216088098632316,20.215,23.72,-1.4438492063492063,31.849283341494726,Maíz
San Luis,2000,51300,179550,3500.0,8.160518247477505,21.898333333333337,16.54,0.2394841269841308,-8.061250148890275,Maíz
San Luis,2001,57000,296400,5200.0,8.556413904569519,21.101666666666667,16.88,-0.5571825396825396,-6.171336306727193,Maíz
San Luis,2002,57000,199500,3500.0,8.160518247477505,21.903333333333332,15.19,0.24448412698412625,-15.565319816302491,Maíz
San Luis,2003,65000,260000,4000.0,8.294049640102028,22.788333333333338,13.8,1.1294841269841314,-23.29173228867507,Maíz
San Luis,2004,80000,392000,4900.0,8.496990484098719,21.2,20.409999999999997,-0.4588492063492069,13.450416231024743,Maíz
San Luis,2005,42000,126000,3000.0,8.006367567650246,21.891666666666666,15.62,0.23281746031745953,-13.175134662978605,Maíz
San Luis,2006,40000,193300,4832.5,8.483119211082485,21.12,33.42,-0.5388492063492052,85.76741354438255,Maíz
San Luis,2007,73600,253760,3447.8260869565215,8.145499191693789,20.75333333333333,31.029999999999998,-0.9055158730158759,72.48243094800088,Maíz
San Luis,2008,65200,326000,5000.0,8.517193191416238,21.403333333333332,26.47,-0.25551587301587375,47.135351182519614,Maíz
San Luis,2009,63500,329430,5187.8740157480315,8.554079261361222,22.421666666666667,14.26,0.7628174603174607,-20.73479003163091,Maíz
San Luis,2010,116250,618610,5321.376344086021,8.579487260170058,20.72,18.11,-0.9388492063492073,0.6657049458039355,Maíz
San Luis,2011,118030,485590,4114.123527916631,8.322181095993683,22.426666666666666,13.120000000000001,0.7678174603174597,-27.071559973001225,Maíz
San Luis,2012,323880,1437600,4438.680992960356,8.398112537633573,21.11,19.269999999999996,-0.5488492063492068,7.1136462896544295,Maíz
San Luis,2013,152940,848760,5549.627304825422,8.621486052201957,21.709999999999997,21.220000000000002,0.051150793650791115,17.952858031472108,Maíz
San Luis,2014,260800,1600020,6135.046012269939,8.721772857079387,21.703333333333333,25.66,0.04448412698412696,42.63290938207229,Maíz
San Luis,2015,273300,1812937,6633.505305525064,8.799888647164455,20.436666666666664,23.059999999999995,-1.2221825396825423,28.18062705964872,Maíz
San Luis,2016,352130,2500970,7102.405361656207,8.868188788987151,21.563333333333333,21.71,-0.09551587301587361,20.67655739223655,Maíz
San Luis,2017,333160,1382626,4150.036018729739,8.330872292399064,21.74,11.59,0.08115079365079225,-35.576172262735085,Maíz
San Luis,2018,348500,1879100,5391.965566714491,8.592665266576665,21.798333333333336,13.090000000000002,0.13948412698412938,-27.238317076721486,Maíz
San Luis,2019,328600,1327270,4039.1661594643942,8.303793553480395,23.348333333333333,9.16,1.6894841269841265,-49.08349766407708,Maíz
San Luis,2020,363900,2254390,6195.081066226985,8.731510879728551,21.801666666666666,18.68,0.14281746031745968,3.834089916489103,Maíz
San Luis,2021,383900,1877200,4889.815056004168,8.494909760895647,21.804999999999996,14.389999999999999,0.14615079365078998,-20.012175915509733,Maíz
San Luis,2022,325950,1153995,3540.4049700874366,8.171996397914615,23.351666666666663,14.360000000000001,1.6928174603174568,-20.178933019229994,Maíz
Santa Fe,1981,513900,2000000,3891.807744697412,8.266629044526036,23.775000000000002,19.919999999999998,-0.31452380952380565,-21.845866417561886,Maíz
Santa Fe,1982,462400,1630000,3525.0865051903115,8.167660255424778,23.929999999999996,23.279999999999998,-0.15952380952381162,-8.663241475945826,Maíz
Santa Fe,1983,432000,1270000,2939.814814814815,7.986101870190664,24.433333333333334,31.560000000000002,0.3438095238095258,23.822512844465216,Maíz
Santa Fe,1984,441000,1780000,4036.281179138322,8.303079046821422,23.765,22.54,-0.3245238095238072,-11.566557683325552,Maíz
Santa Fe,1985,465000,2170000,4666.666666666667,8.448200319929287,24.41333333333333,20.36,0.32380952380952266,-20.11957029425502,Maíz
Santa Fe,1986,478100,1823000,3813.0098305793767,8.246174138028742,24.416666666666668,28.529999999999998,0.32714285714286007,11.934609995329271,Maíz
Santa Fe,1987,328700,1403000,4268.329783997566,8.358977878414423,24.125,24.17,0.035476190476192215,-5.171415226529652,Maíz
Santa Fe,1988,210000,500000,2380.9523809523807,7.77525584668686,25.61666666666667,15.93,1.527142857142863,-37.50023353573096,Maíz
Santa Fe,1989,181400,503000,2772.877618522602,7.92764091140084,24.221666666666668,33.02,0.13214285714285978,29.550677253619817,Maíz
Santa Fe,1990,228600,1089000,4763.779527559055,8.468796650554387,24.751666666666665,26.36,0.6621428571428574,3.420831387202239,Maíz
Santa Fe,1991,315500,1790400,5674.801901743264,8.64379093455853,23.505,25.08,-0.5845238095238088,-1.6011209715086405,Maíz
Santa Fe,1992,387700,2161000,5573.89734330668,8.62584979081214,23.665000000000003,23.87,-0.4245238095238051,-6.348435310602518,Maíz
Santa Fe,1993,362000,1966400,5432.044198895028,8.600070805968137,23.639999999999997,27.589999999999996,-0.44952380952381077,8.246613731900965,Maíz
Santa Fe,1994,352900,2043300,5790.025502975347,8.663891975216295,24.06833333333333,26.49,-0.021190476190476204,3.930873423633807,Maíz
Santa Fe,1995,423500,2293100,5414.6399055489965,8.59686165778697,24.331666666666663,25.99,0.24214285714285566,1.969173283512382,Maíz
Santa Fe,1996,505150,2326800,4606.156587152331,8.435149076145002,24.76166666666667,17.639999999999997,0.6721428571428625,-30.79121905651566,Maíz
Santa Fe,1997,441400,3133600,7099.229723606706,8.867741567511123,22.955,35.53,-1.1345238095238095,39.398411957029445,Maíz
Santa Fe,1998,389500,2556200,6562.772785622593,8.789168473368948,24.52666666666667,20.32,0.43714285714286305,-20.276506305464736,Maíz
Santa Fe,1999,435000,2521860,5797.379310344828,8.665161251378688,24.169999999999998,17.669999999999998,0.08047619047619037,-30.673517048108366,Maíz
Santa Fe,2000,398200,2531270,6356.780512305374,8.757277319410244,23.415000000000003,29.59,-0.6745238095238051,16.093414292386733,Maíz
Santa Fe,2001,304700,2083370,6837.446668854611,8.830169646897932,23.66,23.36,-0.42952380952380764,-8.34936945352639,Maíz
Santa Fe,2002,279700,1909140,6825.67036110118,8.82844583663652,23.538333333333338,38.95,-0.5511904761904702,52.81644091546007,Maíz
Santa Fe,2003,339200,2558860,7543.808962264151,8.92848250085694,24.320000000000004,15.280000000000001,0.23047619047619605,-40.050443717888825,Maíz
Santa Fe,2004,365020,3006660,8236.9733165306,9.016388239471464,23.65833333333333,32.97,-0.43119047619047635,29.354507239607663,Maíz
Santa Fe,2005,301835,1984720,6575.513111468186,8.791107893768046,23.756666666666664,22.63,-0.33285714285714363,-11.21345165810369,Maíz
Santa Fe,2006,309530,2635120,8513.294349497626,9.049384261757305,24.165000000000003,43.120000000000005,0.07547619047619492,69.1770200840729,Maíz
Santa Fe,2007,334900,2538680,7580.412063302479,8.933322839072117,23.766666666666666,16.73,-0.32285714285714207,-34.36151331153666,Maíz
Santa Fe,2008,235500,1601660,6801.104033970276,8.82484023592238,25.066666666666663,20.68,0.9771428571428551,-18.864082204577304,Maíz
Santa Fe,2009,412250,4006170,9717.816858702245,9.181716269213277,23.673333333333332,37.76,-0.4161904761904758,48.14759458197104,Maíz
Santa Fe,2010,488173,3656820,7490.8280466146225,8.921434624020774,23.71833333333333,17.74,-0.3711904761904776,-30.398879028491365,Maíz
Santa Fe,2011,553150,3830970,6925.734430082256,8.842999380317641,24.314999999999998,23.14,0.22547619047618994,-9.212517515179819,Maíz
Santa Fe,2012,625560,5463970,8734.525864825117,9.075038941166513,23.38166666666667,28.15,-0.7078571428571365,10.443717888837,Maíz
Santa Fe,2013,479150,3708460,7739.663988312637,8.95411355327872,24.171666666666667,31.15,0.08214285714285907,22.21391872956562,Maíz
Santa Fe,2014,518550,4370455,8428.222929322148,9.039341225609158,23.721666666666668,26.840000000000003,-0.3678571428571402,5.304063521718838,Maíz
Santa Fe,2015,476450,3942387,8274.503095812783,9.020934149597883,23.896666666666665,26.619999999999997,-0.19285714285714306,4.4409154600653755,Maíz
Santa Fe,2016,712700,5802581,8141.687947242879,9.004752802025687,23.395,35.82,-0.6945238095238082,40.536198038299865,Maíz
Santa Fe,2017,756133,5179679,6850.222117008516,8.832036356571225,24.59,14.73,0.5004761904761921,-42.208313872022416,Maíz
Santa Fe,2018,651100,5910470,9077.668560896944,9.113572672204157,22.898333333333337,36.96,-1.1911904761904708,45.00887435777674,Maíz
Santa Fe,2019,872060,7370856,8452.234937962985,9.042186175079747,24.433333333333334,24.29,0.3438095238095258,-4.700607192900518,Maíz
Santa Fe,2020,904130,7122440,7877.672458606617,8.971787765947376,24.12,22.609999999999996,0.03047619047619321,-11.29191966370856,Maíz
Santa Fe,2021,934611,5774668,6178.686105770208,8.728860923603948,24.673333333333332,23.410000000000004,0.5838095238095242,-8.153199439514225,Maíz
Santa Fe,2022,777740,2777749,3571.565047445162,8.18075916734956,26.353333333333335,12.12,2.2638095238095275,-52.44838860345633,Maíz
Santiago del Estero,1981,34860,63000,1807.2289156626507,7.499549965281795,26.028333333333336,17.68,-0.23238095238095013,-7.570514575916754,Maíz
Santiago del Estero,1982,33800,61440,1817.7514792899408,7.5053555653325805,25.721666666666668,20.87,-0.5390476190476186,9.10652493216162,Maíz
Santiago del Estero,1983,27840,45000,1616.3793103448277,7.3879439332862376,26.505,22.57,0.24428571428571288,17.99397545370809,Maíz
Santiago del Estero,1984,23000,52500,2282.608695652174,7.733074232650566,26.48166666666667,14.600000000000001,0.220952380952383,-23.672483756130337,Maíz
Santiago del Estero,1985,50000,90000,1800.0,7.495541943884256,27.111666666666665,19.11,0.8509523809523785,-0.09460031367473087,Maíz
Santiago del Estero,1986,39500,100000,2531.6455696202534,7.8366247930631525,27.460000000000004,14.199999999999998,1.1992857142857183,-25.763648584729527,Maíz
Santiago del Estero,1987,34050,96400,2831.130690161527,7.948431448003116,26.3,18.689999999999998,0.03928571428571459,-2.290323383703863,Maíz
Santiago del Estero,1988,16000,21000,1312.5,7.179688994465779,28.243333333333336,8.360000000000001,1.9826190476190497,-56.29465508227738,Maíz
Santiago del Estero,1989,25000,50000,2000.0,7.600902459542082,25.731666666666666,25.5,-0.5290476190476205,33.311757823197,Maíz
Santiago del Estero,1990,31400,86400,2751.5923566878982,7.919935061877939,27.186666666666667,16.580000000000002,0.9259523809523813,-13.321217854564448,Maíz
Santiago del Estero,1991,31400,106900,3404.458598726115,8.132841204098929,25.21666666666667,23.19,-1.0440476190476176,21.235280938036794,Maíz
Santiago del Estero,1992,43300,157200,3630.4849884526557,8.197121523968798,25.821666666666662,17.23,-0.43904761904762424,-9.923075008090809,Maíz
Santiago del Estero,1993,58600,191600,3269.6245733788396,8.09243044793593,26.24666666666667,13.11,-0.014047619047616422,-31.46207274266225,Maíz
Santiago del Estero,1994,60100,180300,3000.0,8.006367567650246,26.97333333333333,16.2,0.712619047619043,-15.307824441733676,Maíz
Santiago del Estero,1995,80250,223430,2784.1744548286606,7.931706682863407,26.576666666666668,16.32,0.3159523809523819,-14.680474993153926,Maíz
Santiago del Estero,1996,86900,271400,3123.1300345224395,8.04659099411156,25.50666666666667,21.759999999999998,-0.7540476190476149,13.759366675794759,Maíz
Santiago del Estero,1997,82600,334400,4048.4261501210653,8.306083479665752,25.841666666666665,19.839999999999996,-0.4190476190476211,3.7217754985187312,Maíz
Santiago del Estero,1998,69300,241900,3490.6204906204907,8.15783479040226,25.843333333333334,21.56,-0.4173809523809524,12.713784261495187,Maíz
Santiago del Estero,1999,121000,467060,3860.0,8.258422462458876,24.358333333333334,24.849999999999998,-1.9023809523809518,29.913614976723334,Maíz
Santiago del Estero,2000,87500,234060,2674.9714285714285,7.891693978365188,25.99333333333333,19.67,-0.2673809523809574,2.8330304463641154,Maíz
Santiago del Estero,2001,72000,252000,3500.0,8.160518247477505,25.333333333333332,22.42,-0.927380952380954,17.209788642983415,Maíz
Santiago del Estero,2002,68800,247340,3595.0581395348836,8.18731544235675,26.701666666666668,20.569999999999997,0.4409523809523819,7.538151310712227,Maíz
Santiago del Estero,2003,66200,276200,4172.205438066465,8.336200057014366,27.213333333333335,12.9,0.9526190476190486,-32.55993427767682,Maíz
Santiago del Estero,2004,60080,210280,3500.0,8.160518247477505,27.00666666666667,15.260000000000002,0.7459523809523851,-20.222061788941716,Maíz
Santiago del Estero,2005,69950,426400,6095.78270192995,8.715352450722282,26.323333333333334,12.96,0.06261904761904802,-32.246259553386935,Maíz
Santiago del Estero,2006,99800,496710,4977.054108216433,8.512593450452348,26.93166666666666,15.950000000000001,0.6709523809523752,-16.614802459608146,Maíz
Santiago del Estero,2007,113930,482800,4237.6898095321685,8.351773543495488,25.628333333333334,27.01,-0.6323809523809523,41.205905051158865,Maíz
Santiago del Estero,2008,40340,87210,2161.8740704015863,7.6787307496949655,26.75666666666667,14.190000000000001,0.49595238095238514,-25.815927705444487,Maíz
Santiago del Estero,2009,133140,625970,4701.592308847829,8.455656519438635,26.728333333333335,19.64,0.46761904761904916,2.6761930842191806,Maíz
Santiago del Estero,2010,303000,1747630,5767.755775577558,8.66003833680234,24.698333333333334,23.869999999999997,-1.562380952380952,24.790261146655368,Maíz
Santiago del Estero,2011,340500,1561380,4585.550660792952,8.430665477979176,26.493333333333336,15.78,0.23261904761904972,-17.503547511762807,Maíz
Santiago del Estero,2012,473150,1699670,3592.2434745852265,8.186532209581875,26.851666666666663,12.320000000000002,0.5909523809523769,-35.592123279145596,Maíz
Santiago del Estero,2013,607990,4634110,7622.016809486998,8.938796286821953,25.71166666666667,24.1,-0.5490476190476166,25.99268092309992,Maíz
Santiago del Estero,2014,377900,2407550,6370.865308282614,8.759490580515298,26.445000000000004,22.29,0.18428571428571772,16.53016007368866,Maíz
Santiago del Estero,2015,593910,4262476,7176.972942028254,8.878632977327975,25.31833333333334,22.830000000000002,-0.9423809523809474,19.35323259229755,Maíz
Santiago del Estero,2016,627350,4483905,7147.373874232884,8.874500277903365,26.073333333333334,21.01,-0.18738095238095198,9.838432622171345,Maíz
Santiago del Estero,2017,625550,3661765,5853.672767964192,8.674824566810749,26.320000000000004,14.82,0.05928571428571772,-22.5223431004008,Maíz
Santiago del Estero,2018,660750,4405979,6668.148316307226,8.805097486620797,24.81,33.489999999999995,-1.4507142857142874,75.08277527446536,Maíz
Santiago del Estero,2019,760760,5653025,7430.76002944424,8.913383424464756,26.763333333333335,15.93,0.5026190476190493,-16.71936070103811,Maíz
Santiago del Estero,2020,688611,5138847,7462.62694031899,8.917662767984186,25.76,26.509999999999998,-0.5007142857142846,38.591949015409874,Maíz
Santiago del Estero,2021,725980,5386950,7420.2457367971565,8.911967453779765,26.51833333333333,21.11,0.25761904761904475,10.36122382932112,Maíz
Santiago del Estero,2022,734246,4549312,6195.8961982768715,8.731642448374616,27.415000000000003,16.529999999999998,1.1542857142857166,-13.58261345813937,Maíz
Tucumán,1981,44200,110800,2506.787330316742,7.826757264211668,25.436666666666667,26.540000000000003,-0.5987301587301594,1.0800076171821882,Maíz
Tucumán,1982,39900,106800,2676.691729323308,7.8923368816124135,25.40166666666667,31.78,-0.633730158730156,21.037024946271664,Maíz
Tucumán,1983,33600,73400,2184.5238095238096,7.689153147633449,25.856666666666666,35.6,-0.1787301587301613,35.585842922821634,Maíz
Tucumán,1984,44400,100000,2252.252252252252,7.719685995532049,26.26833333333333,24.41,0.232936507936504,-7.03229141162709,Maíz
Tucumán,1985,36000,108000,3000.0,8.006367567650246,26.671666666666667,26.89,0.63626984126984,2.4130144998503855,Maíz
Tucumán,1986,18000,48500,2694.4444444444443,7.89894731902941,26.453333333333333,26.65,0.4179365079365063,1.4989526374493245,Maíz
Tucumán,1987,40000,100000,2500.0,7.824046010856292,25.868333333333336,31.59,-0.16706349206349103,20.313392638537508,Maíz
Tucumán,1988,4450,4500,1011.2359550561798,6.918928579580262,28.355,13.45,2.3196031746031736,-48.774449794608124,Maíz
Tucumán,1989,28700,84800,2954.7038327526134,7.991153699014419,26.166666666666668,25.94,0.13126984126984098,-1.20514703882042,Maíz
Tucumán,1990,30000,109500,3650.0,8.202482446576537,26.429999999999996,28.22,0.3946031746031693,7.478440653989504,Maíz
Tucumán,1991,27500,104500,3800.0,8.242756345714477,25.44,26.11,-0.5953968253968256,-0.5576865529530184,Maíz
Tucumán,1992,34900,132300,3790.830945558739,8.240340520894666,25.441666666666666,27.15,-0.5937301587301604,3.4032481841181683,Maíz
Tucumán,1993,38900,156400,4020.5655526992286,8.299177856468948,25.75,24.82,-0.28539682539682687,-5.470769063358638,Maíz
Tucumán,1994,38700,157100,4059.4315245478037,8.308798224207976,27.12166666666667,17.22,1.0862698412698428,-34.416061372725046,Maíz
Tucumán,1995,26100,66520,2548.6590038314175,7.843322618978216,26.58666666666667,18.86,0.5512698412698427,-28.169971979651244,Maíz
Tucumán,1996,39400,185500,4708.121827411168,8.45704434472574,25.195000000000004,31.2,-0.840396825396823,18.8280421121358,Maíz
Tucumán,1997,44730,238200,5325.285043594903,8.58022151845858,25.916666666666668,23.29,-0.11873015873015902,-11.297913436165297,Maíz
Tucumán,1998,44200,213900,4839.366515837104,8.484539105986844,25.63666666666667,27.990000000000002,-0.3987301587301566,6.6024647025218375,Maíz
Tucumán,1999,57200,268840,4700.0,8.45531778769815,24.238333333333333,30.73,-1.7970634920634936,17.038004298267097,Maíz
Tucumán,2000,53000,281000,5301.88679245283,8.575818034763762,25.39166666666667,31.01,-0.6437301587301576,18.104409804401644,Maíz
Tucumán,2001,52500,252000,4800.0,8.476371196895983,25.345,29.740000000000002,-0.690396825396828,13.26749911586278,Maíz
Tucumán,2002,17000,59500,3500.0,8.160518247477505,26.541666666666668,23.8,0.506269841269841,-9.35553197856307,Maíz
Tucumán,2003,25000,110000,4400.0,8.389359819906353,27.19666666666667,17.9,1.1612698412698421,-31.82621942925543,Maíz
Tucumán,2004,31460,189360,6019.071837253656,8.702688346557734,26.650000000000002,19.89,0.6146031746031753,-24.247123153513428,Maíz
Tucumán,2005,26900,133710,4970.631970260223,8.511302268000918,25.953333333333333,23.28,-0.08206349206349373,-11.335999347098669,Maíz
Tucumán,2006,36770,251160,6830.568398150666,8.829163169914866,25.541666666666668,33.5,-0.493730158730159,27.58780162681247,Maíz
Tucumán,2007,39060,195730,5011.008704557092,8.519392512048036,25.24333333333333,33.260000000000005,-0.7920634920634981,26.67373976441145,Maíz
Tucumán,2008,39170,250000,6382.435537401072,8.761305049166644,26.263333333333335,22.6,0.22793650793650855,-13.925841290568297,Maíz
Tucumán,2009,52500,297820,5672.761904761905,8.643431386546618,26.82166666666667,23.259999999999998,0.7862698412698421,-11.412171168965434,Maíz
Tucumán,2010,60370,429620,7116.448567169124,8.870164083219633,24.218333333333334,30.89,-1.8170634920634932,17.647378873201113,Maíz
Tucumán,2011,46217,167500,3624.2075426791007,8.195390934474252,26.746666666666666,16.5,0.7112698412698393,-37.15824695992818,Maíz
Tucumán,2012,54270,233390,4300.534365210982,8.366494564939954,26.521666666666665,18.39,0.48626984126983785,-29.960009793519948,Maíz
Tucumán,2013,63510,410150,6458.038104235554,8.773080851616012,25.878333333333334,26.47,-0.15706349206349302,0.8134062406485398,Maíz
Tucumán,2014,48780,286270,5868.593685936859,8.677370307617721,26.51,26.23,0.4746031746031747,-0.10065562175249898,Maíz
Tucumán,2015,63465,446206,7030.7413535019305,8.858047434934825,25.328333333333337,25.779999999999998,-0.7070634920634902,-1.8145216137544606,Maíz
Tucumán,2016,56430,329991,5847.793726741095,8.673819728362433,25.883333333333336,35.84,-0.15206349206349046,36.49990478522267,Maíz
Tucumán,2017,75190,492935,6555.858491820721,8.78811435510068,25.88166666666667,23.63,-0.1537301587301556,-10.002992464430482,Maíz
Tucumán,2018,87780,644726,7344.7938026885395,8.901747015060556,25.151666666666667,30.39,-0.8837301587301596,15.74308332653227,Maíz
Tucumán,2019,83960,429564,5116.29347308242,8.540185524830356,26.675,22.77,0.6396031746031738,-13.278380804700895,Maíz
Tucumán,2020,85010,437765,5149.570638748382,8.546668619065398,25.603333333333335,46.91,-0.4320634920634916,78.66100818847084,Maíz
Tucumán,2021,83030,454459,5473.4312898952185,8.60766099123575,26.485000000000003,23.32,0.4496031746031761,-11.183655703365158,Maíz
Tucumán,2022,81400,385888,4740.638820638821,8.463927177894824,27.419999999999998,18.97,1.3846031746031713,-27.751026959384106,Maíz
Buenos Aires,1981,1060000,1352000,1275.4716981132076,7.151071348478934,20.724999999999998,18.380000000000003,-0.3425000000000047,-12.2962087731058,Girasol
Buenos Aires,1982,1113600,1510000,1355.962643678161,7.212266919210952,21.168333333333333,11.93,0.10083333333333044,-43.07365455185812,Girasol
Buenos Aires,1983,1300000,1450000,1115.3846153846155,7.016954570947129,21.001666666666665,29.47,-0.06583333333333741,40.62191117826832,Girasol
Buenos Aires,1984,1445000,2140000,1480.9688581314879,7.300451786451502,20.748333333333335,18.45,-0.3191666666666677,-11.962189981708505,Girasol
Buenos Aires,1985,1749000,2414000,1380.2172670097198,7.229996205621012,20.929999999999996,23.02,-0.1375000000000064,9.844465399516,Girasol
Buenos Aires,1986,1033700,1260000,1218.9223178872014,7.105722401353222,20.9,26.85,-0.16750000000000398,28.12006498596893,Girasol
Buenos Aires,1987,1210000,1670000,1380.1652892561983,7.229958545802151,20.685000000000002,30.18,-0.3825000000000003,44.009816062441054,Girasol
Buenos Aires,1988,1366100,2072400,1517.0192518849278,7.324502670029329,21.611666666666665,17.69,0.544166666666662,-15.588679716879305,Girasol
Buenos Aires,1989,1500000,2400000,1600.0,7.3777589082278725,20.798333333333332,29.769999999999996,-0.26916666666667055,42.05342028425678,Girasol
Buenos Aires,1990,1310950,2350900,1793.2796826728709,7.491801447315042,20.88333333333333,25.53,-0.18416666666667325,21.821424919619623,Girasol
Buenos Aires,1991,1469025,2059900,1402.2225625840267,7.245813801489244,20.28,24.130000000000003,-0.7875000000000014,15.141049091673398,Girasol
Buenos Aires,1992,1139100,1718200,1508.3838117812309,7.318794033280227,20.516666666666666,22.240000000000002,-0.5508333333333368,6.122541723945973,Girasol
Buenos Aires,1993,1257550,2404500,1912.0512106874478,7.555931877085014,20.055,28.849999999999998,-1.0125000000000028,37.663459025892124,Girasol
Buenos Aires,1994,1661710,3496700,2104.2781231382132,7.651727752924896,20.96166666666667,17.64,-0.105833333333333,-15.827264567877396,Girasol
Buenos Aires,1995,1882150,3514040,1867.0350397152192,7.532106911290202,21.451666666666668,15.34,0.38416666666666544,-26.80216771378907,Girasol
Buenos Aires,1996,1757140,3318465,1888.5603879030698,7.543570118291028,21.736666666666665,18.13,0.669166666666662,-13.489133028096212,Girasol
Buenos Aires,1997,1886000,3258500,1727.730646871686,7.454564061561169,19.961666666666666,24.5,-1.1058333333333366,16.906576989059175,Girasol
Buenos Aires,1998,2299720,3771940,1640.1735863496426,7.40255736055217,21.011666666666667,21.93,-0.055833333333335844,4.643315647757862,Girasol
Buenos Aires,1999,1891670,3286715,1737.4674229648936,7.460183827890452,21.48,12.62,0.41249999999999787,-39.781183608084625,Girasol
Buenos Aires,2000,932745,1455943,1560.922867450375,7.353032507027069,20.826666666666668,25.63,-0.24083333333333456,22.298594621615784,Girasol
Buenos Aires,2001,1054720,1842157,1746.583927487864,7.4654171177661395,20.55,28.63,-0.5175000000000018,36.61368568150056,Girasol
Buenos Aires,2002,1082360,1619600,1496.359806349089,7.310790641881418,20.963333333333335,24.029999999999998,-0.10416666666666785,14.663879389677215,Girasol
Buenos Aires,2003,965938,1646429,1704.4872445229405,7.441019608137191,21.038333333333338,18.880000000000003,-0.02916666666666501,-9.910360263124996,Girasol
Buenos Aires,2004,1095519,2125541,1940.2137251841364,7.570553413610056,20.953333333333333,18.78,-0.11416666666666941,-10.387529965121168,Girasol
Buenos Aires,2005,1108610,1904142,1717.5941043288442,7.4486798140533494,20.393333333333334,21.31,-0.6741666666666681,1.684863495381661,Girasol
Buenos Aires,2006,1171548,1676308,1430.84875737059,7.266023083803549,21.728333333333335,26.980000000000004,0.6608333333333327,28.740385598563954,Girasol
Buenos Aires,2007,1334240,2407689,1804.5396630291402,7.498060803907309,20.875,21.03,-0.19250000000000256,0.3487883297924377,Girasol
Buenos Aires,2008,905370,1419815,1568.215204833383,7.357693439473184,22.358333333333334,13.190000000000001,1.2908333333333317,-37.0613163067065,Girasol
Buenos Aires,2009,847205,1519252,1793.251928399856,7.491785970371841,20.849999999999998,29.869999999999994,-0.2175000000000047,42.53058998625292,Girasol
Buenos Aires,2010,952305,2220315,2331.5166884559044,7.754274274042147,21.008333333333336,11.610000000000001,-0.059166666666666146,-44.60059759824583,Girasol
Buenos Aires,2011,950302,1798510,1892.5667840328654,7.545689273477802,21.606666666666666,16.85,0.539166666666663,-19.596905213647055,Girasol
Buenos Aires,2012,679811,1548130,2277.294718679162,7.730743490573034,20.896666666666665,24.45,-0.17083333333333783,16.667992138061095,Girasol
Buenos Aires,2013,620515,1162710,1873.7822615085856,7.535714266884909,21.22666666666667,25.84,0.15916666666666757,23.300650995807715,Girasol
Buenos Aires,2014,831350,1967665,2366.8310579178446,7.769307233041034,21.24,21.41,0.17249999999999588,2.162033197377844,Girasol
Buenos Aires,2015,736791,1729277,2347.038712470701,7.760909690163522,21.115,18.24,0.04749999999999588,-12.964246355900444,Girasol
Buenos Aires,2016,854610,1885178,2205.892746398942,7.69888757959204,21.436666666666667,19.869999999999997,0.36916666666666487,-5.18638021336304,Girasol
Buenos Aires,2017,807633,1814350,2246.5030527479685,7.717130087399997,21.153333333333332,15.459999999999999,0.08583333333332988,-26.229564071393686,Girasol
Buenos Aires,2018,794322,1698696,2138.5483468920665,7.667882535263674,20.401666666666667,22.529999999999998,-0.6658333333333353,7.506333859734804,Girasol
Buenos Aires,2019,689482,1467058,2127.768382640881,7.662829001793787,21.448333333333334,19.22,0.3808333333333316,-8.287983276338073,Girasol
Buenos Aires,2020,989458,2071374,2093.4430769168575,7.646565394698731,21.01666666666667,17.310000000000002,-0.050833333333333286,-17.401924584464712,Girasol
Buenos Aires,2021,1129805,2308979,2043.69692115011,7.622515663005605,21.388333333333332,15.650000000000002,0.3208333333333293,-25.32294163760097,Girasol
Buenos Aires,2022,1265250,2914958,2303.859316340644,7.742340959335467,23.453333333333333,6.7700000000000005,2.3858333333333306,-67.69561117485998,Girasol
Chaco,1981,73000,80000,1095.890410958904,6.999322472507628,25.545,25.16,-0.27257936507936265,-19.16156670746634,Girasol
Chaco,1982,149600,193000,1290.1069518716577,7.162480402346645,24.538333333333338,40.39,-1.2792460317460268,29.772031823745415,Girasol
Chaco,1983,86000,79000,918.6046511627907,6.822855835195651,25.898333333333337,36.48,0.08075396825397263,17.209302325581376,Girasol
Chaco,1984,192700,230000,1193.5651271406332,7.084700012485012,25.78833333333333,35.31,-0.029246031746033907,13.450122399020813,Girasol
Chaco,1985,259000,316000,1220.07722007722,7.106669430869512,27.72,27.22,1.9024206349206345,-12.542839657282745,Girasol
Chaco,1986,70000,70000,1000.0,6.907755278982137,24.78833333333333,34.71,-1.029246031746034,11.522337821297434,Girasol
Chaco,1987,170000,247000,1452.9411764705883,7.281345178559852,25.793333333333333,26.740000000000002,-0.02424603174603135,-14.08506731946144,Girasol
Chaco,1988,47820,48500,1014.219991635299,6.921875114895396,26.736666666666668,24.51,0.9190873015873038,-21.249999999999993,Girasol
Chaco,1989,161600,200000,1237.6237623762377,7.120948499443179,25.416666666666668,33.07000000000001,-0.4009126984126965,6.253059975520214,Girasol
Chaco,1990,83600,115000,1375.598086124402,7.226643887254731,25.873333333333335,32.089999999999996,0.0557539682539705,3.1043451652386755,Girasol
Chaco,1991,55500,69400,1250.4504504504505,7.131259125742507,24.951666666666668,34.75,-0.8659126984126964,11.650856793145659,Girasol
Chaco,1992,59900,95800,1599.3322203672788,7.377341458837548,24.856666666666666,31.659999999999997,-0.9609126984126988,1.7227662178702419,Girasol
Chaco,1993,33300,50000,1501.5015015015015,7.314220887423885,24.570000000000004,41.21,-1.2475793650793605,32.406670746634035,Girasol
Chaco,1994,62000,107900,1740.3225806451612,7.461825766201135,25.895,33.449999999999996,0.07742063492063522,7.473990208078329,Girasol
Chaco,1995,43900,75212,1713.257403189066,7.44615175159424,26.429999999999996,29.139999999999997,0.6124206349206318,-6.373929008567936,Girasol
Chaco,1996,53000,79500,1500.0,7.313220387090301,25.218333333333334,37.49000000000001,-0.5992460317460306,20.45440636474911,Girasol
Chaco,1997,50700,72000,1420.1183431952663,7.2584954874010545,25.09833333333333,46.45,-0.7192460317460352,49.242656058751535,Girasol
Chaco,1998,139900,251800,1799.857040743388,7.495462518920949,25.628333333333334,30.759999999999998,-0.1892460317460305,-1.168910648714816,Girasol
Chaco,1999,197000,354600,1800.0,7.495541943884256,26.138333333333335,23.86,0.32075396825397107,-23.338433292533654,Girasol
Chaco,2000,137500,177140,1288.290909090909,7.161071742256948,25.478333333333335,36.66,-0.3392460317460291,17.787637698898394,Girasol
Chaco,2001,160000,318410,1990.0625,7.595921324260523,25.993333333333336,32.7,0.1757539682539715,5.0642594859241274,Girasol
Chaco,2002,290000,501000,1727.5862068965516,7.454480457086482,25.21666666666667,32.96,-0.6009126984126958,5.899632802937571,Girasol
Chaco,2003,250000,429858,1719.432,7.449749282710581,25.78833333333333,28.240000000000002,-0.029246031746033907,-9.265605875152993,Girasol
Chaco,2004,150000,188140,1254.2666666666667,7.134306351429687,25.531666666666666,29.190000000000005,-0.28591269841269806,-6.213280293757628,Girasol
Chaco,2005,311430,655210,2103.8756702950905,7.651536480046524,26.43166666666666,25.63,0.614087301587297,-17.65146878824969,Girasol
Chaco,2006,352030,569710,1618.3563900803908,7.389166339173368,26.061666666666667,37.13,0.24408730158730307,19.297735618115077,Girasol
Chaco,2007,278400,470760,1690.948275862069,7.433044760531334,26.641666666666666,19.669999999999998,0.8240873015873014,-36.80079559363526,Girasol
Chaco,2008,114700,125460,1093.8099389712293,6.997422237515409,26.271666666666665,24.95,0.4540873015873004,-19.83629130966953,Girasol
Chaco,2009,54620,37120,679.6045404613694,6.521511070854578,25.811666666666667,39.28,-0.005912698412696926,26.205630354957176,Girasol
Chaco,2010,180000,366010,2033.388888888889,7.617459083524414,25.348333333333333,23.97,-0.46924603174603163,-22.985006119951045,Girasol
Chaco,2011,222260,414450,1864.7079996400612,7.530859751262172,26.544999999999998,24.64,0.7274206349206338,-20.83231334149327,Girasol
Chaco,2012,367400,549360,1495.264017419706,7.3100580705135325,25.983333333333334,30.78,0.16575396825396993,-1.104651162790693,Girasol
Chaco,2013,151870,157910,1039.770856653717,6.9467556377185105,26.061666666666667,35.94,0.24408730158730307,15.474296205630345,Girasol
Chaco,2014,148445,272545,1835.9998652699653,7.515344497798061,26.003333333333334,28.669999999999998,0.1857539682539695,-7.884026927784582,Girasol
Chaco,2015,297052,504086,1696.9621480414203,7.43659495976532,24.99166666666667,40.16,-0.8259126984126937,29.0330477356181,Girasol
Chaco,2016,477725,711027,1488.3604584227328,7.3054304296204675,25.263333333333332,34.22,-0.5542460317460325,9.947980416156676,Girasol
Chaco,2017,402998,688609,1708.7156760083176,7.443497300643032,25.331666666666667,26.96,-0.48591269841269735,-13.3782129742962,Girasol
Chaco,2018,414243,706258,1704.936474484783,7.441283130656811,24.951666666666668,42.959999999999994,-0.8659126984126964,38.02937576499386,Girasol
Chaco,2019,248061,452410,1823.7852786209844,7.508669443650442,25.910000000000007,27.23,0.0924206349206429,-12.510709914320683,Girasol
Chaco,2020,94517,120774,1277.801876911032,7.152896597028513,26.78333333333333,22.4,0.9657539682539671,-28.02937576499388,Girasol
Chaco,2021,175450,311393,1774.8247363921346,7.481456956973626,27.333333333333332,21.610000000000003,1.5157539682539678,-30.567625458996318,Girasol
Chaco,2022,188425,306690,1627.65025872363,7.394892694689636,27.72,16.8,1.9024206349206345,-46.0220318237454,Girasol
Córdoba,1981,261600,260000,993.8837920489296,6.9016202904146216,20.691666666666666,22.029999999999998,-0.20642857142857096,-0.6773511384007724,Girasol
Córdoba,1982,285200,300000,1051.8934081346424,6.958347065098197,20.683333333333334,23.000000000000004,-0.21476190476190382,3.695911203666946,Girasol
Córdoba,1983,263300,314000,1192.5560197493353,7.083854198388127,21.23,27.56,0.33190476190476303,24.254752729263494,Girasol
Córdoba,1984,307500,468000,1521.9512195121952,7.327748487653211,20.356666666666666,22.65,-0.5414285714285718,2.117929946219821,Girasol
Córdoba,1985,395000,510000,1291.139240506329,7.163280239799387,21.058333333333334,20.669999999999998,0.16023809523809618,-6.808935453052389,Girasol
Córdoba,1986,196900,283000,1437.2778059928899,7.270506190980295,21.358333333333334,23.380000000000003,0.4602380952380969,5.409147997466657,Girasol
Córdoba,1987,216000,360000,1666.6666666666667,7.418580902748128,21.193333333333335,22.979999999999997,0.29523809523809774,3.605740846098504,Girasol
Córdoba,1988,238800,318000,1331.6582914572864,7.194180280243867,22.298333333333332,19.73,1.4002380952380946,-11.046942258767455,Girasol
Córdoba,1989,331550,370000,1115.9704418639722,7.017479656805531,20.881666666666664,23.21,-0.016428571428573235,4.642699958135199,Girasol
Córdoba,1990,284400,568400,1998.5935302391,7.600198977275997,21.361666666666668,21.19,0.46357142857143074,-4.464506156273817,Girasol
Córdoba,1991,363700,561000,1542.480065988452,7.34114683251189,20.105,25.38,-0.793095238095237,14.426183754307242,Girasol
Córdoba,1992,290200,378300,1303.5837353549277,7.172872470171034,20.17,25.55,-0.7280952380952357,15.1926317936387,Girasol
Córdoba,1993,293700,578800,1970.7184201566224,7.586153435534891,20.465,23.4,-0.43309523809523753,5.499318355035032,Girasol
Córdoba,1994,409500,801200,1956.5323565323565,7.5789289794806765,20.94666666666667,17.03,0.048571428571431596,-23.21994053050227,Girasol
Córdoba,1995,424400,641000,1510.3675777568333,7.320108329162979,20.55666666666667,20.580000000000002,-0.34142857142856897,-7.21470206211019,Girasol
Córdoba,1996,399000,617000,1546.3659147869673,7.343662885997661,20.974999999999998,17.87,0.07690476190476048,-19.432785512629213,Girasol
Córdoba,1997,431900,717700,1661.7272516786293,7.415612853451508,19.50333333333333,28.64,-1.394761904761907,29.123952037957434,Girasol
Córdoba,1998,499200,948100,1899.238782051282,7.549208443850833,20.868333333333336,21.6,-0.029761904761901548,-2.6160138261214883,Girasol
Córdoba,1999,539900,1016800,1883.3117243934062,7.54078706163314,19.22,29.87,-1.6780952380952385,34.66942902841439,Girasol
Córdoba,2000,321450,691200,2150.256649556696,7.673342485884287,20.613333333333333,30.01,-0.2847619047619041,35.30062153139324,Girasol
Córdoba,2001,243575,572386,2349.937390947347,7.762143964633231,20.543333333333333,20.740000000000002,-0.3547619047619044,-6.493339201562942,Girasol
Córdoba,2002,243330,523200,2150.1664406361733,7.673300532374763,21.223333333333333,24.400000000000002,0.3252380952380953,10.007836233455357,Girasol
Córdoba,2003,64130,106760,1664.7434897863714,7.417426330357689,21.698333333333334,17.29,0.8002380952380967,-22.047725882113,Girasol
Córdoba,2004,94680,234082,2472.348964934516,7.812923975659159,20.195,29.840000000000003,-0.7030952380952371,34.534173492061804,Girasol
Córdoba,2005,105214,195390,1857.0722527420305,7.526756468911376,20.625,20.66,-0.2730952380952374,-6.854020631836577,Girasol
Córdoba,2006,101600,175435,1726.7224409448818,7.45398034776926,20.88,27.71,-0.018095238095238386,24.931030411026555,Girasol
Córdoba,2007,83446,206741,2477.542362725595,7.815022365039025,21.205000000000002,18.939999999999998,0.30690476190476446,-14.608671382719507,Girasol
Córdoba,2008,62560,120253,1922.2026854219948,7.561227039444703,21.465,17.15,0.5669047619047625,-22.67891838509184,Girasol
Córdoba,2009,47950,75000,1564.1293013555787,7.355084591189001,21.78333333333333,19.79,0.885238095238094,-10.77643118606224,Girasol
Córdoba,2010,43200,85180,1971.7592592592594,7.58668144822714,20.335,16.43,-0.5630952380952365,-25.925051257554454,Girasol
Córdoba,2011,40900,79270,1938.1418092909535,7.569484962782446,21.201666666666668,18.57,0.3035714285714306,-16.276822997735007,Girasol
Córdoba,2012,39980,82880,2073.0365182591295,7.636769728421056,20.75,18.42,-0.1480952380952374,-16.953100679498046,Girasol
Córdoba,2013,24880,44750,1798.6334405144694,7.494782455832023,20.825,25.570000000000004,-0.0730952380952381,15.28280215120712,Girasol
Córdoba,2014,27700,60335,2178.158844765343,7.6862352323144085,20.69166666666667,33.69,-0.2064285714285674,51.89196732397994,Girasol
Córdoba,2015,18670,36944,1978.7895018746653,7.590240574040646,20.263333333333332,23.64,-0.6347619047619055,6.581362645855915,Girasol
Córdoba,2016,16970,45756,2696.287566293459,7.899631130399429,21.391666666666666,18.57,0.49357142857142833,-16.276822997735007,Girasol
Córdoba,2017,12500,26740,2139.2,7.668187206347679,21.53833333333333,13.35,0.640238095238093,-39.81128632308898,Girasol
Córdoba,2018,34852,76471,2194.1638930333984,7.693556338607396,20.581666666666667,24.109999999999996,-0.3164285714285704,8.700366048713448,Girasol
Córdoba,2019,33831,78583,2322.810440128876,7.750533128118789,21.62,23.23,0.7219047619047636,4.732870315703597,Girasol
Córdoba,2020,63237,141625,2239.5907459240634,7.71404842544444,20.77,18.21,-0.12809523809523782,-17.899889433966308,Girasol
Córdoba,2021,95037,202500,2130.7490766754,7.664228876069168,21.30666666666667,18.759999999999998,0.40857142857143103,-15.420204600835163,Girasol
Córdoba,2022,151339,301992,1995.4671300854372,7.598633452333798,22.289999999999996,16.169999999999998,1.3919047619047582,-27.097265905943736,Girasol
Entre Ríos,1981,11400,12000,1052.6315789473683,6.959048573369688,23.775000000000002,19.919999999999998,-0.31452380952380565,-21.845866417561886,Girasol
Entre Ríos,1982,18000,16300,905.5555555555555,6.808548628898689,23.929999999999996,23.279999999999998,-0.15952380952381162,-8.663241475945826,Girasol
Entre Ríos,1983,22700,18500,814.977973568282,6.703161086579059,24.433333333333334,31.560000000000002,0.3438095238095258,23.822512844465216,Girasol
Entre Ríos,1984,27200,26800,985.2941176470588,6.8929401931969965,23.765,22.54,-0.3245238095238072,-11.566557683325552,Girasol
Entre Ríos,1985,38700,48000,1240.3100775193798,7.1231166898542915,24.41333333333333,20.36,0.32380952380952266,-20.11957029425502,Girasol
Entre Ríos,1986,19620,25500,1299.6941896024464,7.1698842770093005,24.416666666666668,28.529999999999998,0.32714285714286007,11.934609995329271,Girasol
Entre Ríos,1987,40000,64500,1612.5,7.3855410486699276,24.125,24.17,0.035476190476192215,-5.171415226529652,Girasol
Entre Ríos,1988,55050,68000,1235.2406902815621,7.119021120989554,25.61666666666667,15.93,1.527142857142863,-37.50023353573096,Girasol
Entre Ríos,1989,83000,113000,1361.44578313253,7.216302489897879,24.221666666666668,33.02,0.13214285714285978,29.550677253619817,Girasol
Entre Ríos,1990,59400,92400,1555.5555555555557,7.3495880312611765,24.751666666666665,26.36,0.6621428571428574,3.420831387202239,Girasol
Entre Ríos,1991,50050,84000,1678.3216783216783,7.425549572064221,23.505,25.08,-0.5845238095238088,-1.6011209715086405,Girasol
Entre Ríos,1992,50900,73700,1447.9371316306483,7.277895154620951,23.665000000000003,23.87,-0.4245238095238051,-6.348435310602518,Girasol
Entre Ríos,1993,44000,53600,1218.1818181818182,7.105114713140632,23.639999999999997,27.589999999999996,-0.44952380952381077,8.246613731900965,Girasol
Entre Ríos,1994,69000,134200,1944.927536231884,7.572979998922459,24.06833333333333,26.49,-0.021190476190476204,3.930873423633807,Girasol
Entre Ríos,1995,88400,142100,1607.4660633484164,7.382414344441594,24.331666666666663,25.99,0.24214285714285566,1.969173283512382,Girasol
Entre Ríos,1996,106750,195900,1835.128805620609,7.514869951823898,24.76166666666667,17.639999999999997,0.6721428571428625,-30.79121905651566,Girasol
Entre Ríos,1997,121400,167340,1378.4184514003296,7.2286920712241916,22.955,35.53,-1.1345238095238095,39.398411957029445,Girasol
Entre Ríos,1998,152250,283900,1864.696223316913,7.530853435871056,24.52666666666667,20.32,0.43714285714286305,-20.276506305464736,Girasol
Entre Ríos,1999,57000,82400,1445.6140350877192,7.276289448063013,24.169999999999998,17.669999999999998,0.08047619047619037,-30.673517048108366,Girasol
Entre Ríos,2000,50500,89350,1769.3069306930693,7.47834318430626,23.415000000000003,29.59,-0.6745238095238051,16.093414292386733,Girasol
Entre Ríos,2001,33450,60810,1817.9372197309417,7.505457741539918,23.66,23.36,-0.42952380952380764,-8.34936945352639,Girasol
Entre Ríos,2002,48550,63300,1303.8105046343976,7.173046413394934,23.538333333333338,38.95,-0.5511904761904702,52.81644091546007,Girasol
Entre Ríos,2003,32500,64970,1999.076923076923,7.600440814538885,24.320000000000004,15.280000000000001,0.23047619047619605,-40.050443717888825,Girasol
Entre Ríos,2004,34700,67405,1942.507204610951,7.571734791172351,23.65833333333333,32.97,-0.43119047619047635,29.354507239607663,Girasol
Entre Ríos,2005,60450,116570,1928.3705541770057,7.564430652853076,23.756666666666664,22.63,-0.33285714285714363,-11.21345165810369,Girasol
Entre Ríos,2006,53900,80960,1502.0408163265306,7.314580006606341,24.165000000000003,43.120000000000005,0.07547619047619492,69.1770200840729,Girasol
Entre Ríos,2007,78700,150190,1908.3862770012706,7.5540132827762685,23.766666666666666,16.73,-0.32285714285714207,-34.36151331153666,Girasol
Entre Ríos,2008,50400,61720,1224.6031746031747,7.1103721313997745,25.066666666666663,20.68,0.9771428571428551,-18.864082204577304,Girasol
Entre Ríos,2009,12082,17043,1410.6108260221818,7.251778099508687,23.673333333333332,37.76,-0.4161904761904758,48.14759458197104,Girasol
Entre Ríos,2010,17500,33505,1914.5714285714287,7.557249079477803,23.71833333333333,17.74,-0.3711904761904776,-30.398879028491365,Girasol
Entre Ríos,2011,8600,16330,1898.8372093023256,7.548996982705049,24.314999999999998,23.14,0.22547619047618994,-9.212517515179819,Girasol
Entre Ríos,2012,8000,11270,1408.75,7.250458065353986,23.38166666666667,28.15,-0.7078571428571365,10.443717888837,Girasol
Entre Ríos,2013,6550,9510,1451.9083969465648,7.280634105892275,24.171666666666667,31.15,0.08214285714285907,22.21391872956562,Girasol
Entre Ríos,2014,3560,6778,1903.9325842696628,7.551676807303058,23.721666666666668,26.840000000000003,-0.3678571428571402,5.304063521718838,Girasol
Entre Ríos,2015,2800,6100,2178.5714285714284,7.686424632980244,23.896666666666665,26.619999999999997,-0.19285714285714306,4.4409154600653755,Girasol
Entre Ríos,2016,4440,9431,2124.099099099099,7.661103038099752,23.395,35.82,-0.6945238095238082,40.536198038299865,Girasol
Entre Ríos,2017,7900,15580,1972.1518987341772,7.586880559951763,24.59,14.73,0.5004761904761921,-42.208313872022416,Girasol
Entre Ríos,2018,7800,16835,2158.3333333333335,7.677091597899629,22.898333333333337,36.96,-1.1911904761904708,45.00887435777674,Girasol
Entre Ríos,2019,2870,6366,2218.118466898955,7.704414578070509,24.433333333333334,24.29,0.3438095238095258,-4.700607192900518,Girasol
Entre Ríos,2020,8325,16474,1978.8588588588589,7.590275623634686,24.12,22.609999999999996,0.03047619047619321,-11.29191966370856,Girasol
Entre Ríos,2021,13420,24793,1847.4664679582713,7.521570502702716,24.673333333333332,23.410000000000004,0.5838095238095242,-8.153199439514225,Girasol
Entre Ríos,2022,19646,29033,1477.8071872136823,7.298314637797642,26.353333333333335,12.12,2.2638095238095275,-52.44838860345633,Girasol
La Pampa,1981,105000,103000,980.952380952381,6.88852391705425,20.958333333333332,16.75,-0.006190476190475636,-8.734740474553405,Girasol
La Pampa,1982,140000,160000,1142.857142857143,7.0412866716066596,20.701666666666668,16.91,-0.2628571428571398,-7.862952920877497,Girasol
La Pampa,1983,138000,140000,1014.4927536231884,6.9221440164342365,21.285,20.56,0.32047619047619236,12.024700647354148,Girasol
La Pampa,1984,180900,245000,1354.3394140409066,7.211069097125614,19.901666666666667,18.22,-1.0628571428571405,-0.72519232515601,Girasol
La Pampa,1985,310000,400000,1290.3225806451612,7.162647528610927,19.703333333333333,26.89,-1.2611904761904746,46.514795739657245,Girasol
La Pampa,1986,198550,290000,1460.5892722236213,7.2865952443853965,21.323333333333334,17.96,0.35880952380952635,-2.141847099879357,Girasol
La Pampa,1987,180000,260000,1444.4444444444443,7.275480059107454,21.14,15.309999999999999,0.17547619047619278,-16.58082845763659,Girasol
La Pampa,1988,267585,373000,1393.949586112824,7.239896425754612,21.608333333333334,14.530000000000001,0.6438095238095265,-20.83079278180662,Girasol
La Pampa,1989,297555,390000,1310.6820587790492,7.178302936257648,20.891666666666666,19.409999999999997,-0.07285714285714207,5.7587276053085334,Girasol
La Pampa,1990,247400,414800,1676.6370250606305,7.424545295379122,21.406666666666666,17.159999999999997,0.4421428571428585,-6.500784868258913,Girasol
La Pampa,1991,295000,446200,1512.542372881356,7.3215472046407495,20.03833333333333,26.02,-0.9261904761904773,41.7744509165445,Girasol
La Pampa,1992,271850,386300,1421.0042302740483,7.259119105062443,19.77,25.86,-1.1945238095238082,40.90266336286859,Girasol
La Pampa,1993,347400,699100,2012.37766263673,7.607072218693072,20.84,18.35,-0.12452380952380793,-0.016864937794325296,Girasol
La Pampa,1994,498050,793500,1593.2135327778335,7.373508345357426,21.64333333333333,11.739999999999998,0.6788095238095231,-36.03258824903028,Girasol
La Pampa,1995,547500,731100,1335.3424657534247,7.196943066590752,21.27,18.490000000000002,0.3054761904761918,0.7459491716721001,Girasol
La Pampa,1996,442600,826400,1867.1486669679168,7.532167769170616,20.7,26.480000000000004,-0.2645238095238085,44.28084013336275,Girasol
La Pampa,1997,553200,984600,1779.826464208243,7.484271146515634,19.19333333333333,19.509999999999998,-1.7711904761904762,6.303594826355985,Girasol
La Pampa,1998,609900,1188800,1949.1719954090834,7.575159943643221,21.333333333333332,17.68,0.36880952380952436,-3.6674753188121967,Girasol
La Pampa,1999,511200,851140,1664.9843505477309,7.4175710032999405,19.713333333333335,25.5,-1.251190476190473,38.941141367097785,Girasol
La Pampa,2000,290980,500230,1719.1215891126537,7.44956873534952,21.066666666666666,25.810000000000002,0.10214285714285865,40.630229752344874,Girasol
La Pampa,2001,342500,703280,2053.3722627737225,7.62723872682278,20.331666666666667,17.470000000000002,-0.6328571428571408,-4.811696483011807,Girasol
La Pampa,2002,388500,595500,1532.8185328185327,7.334863497969789,21.83666666666667,11.879999999999999,0.8721428571428618,-35.26977413956386,Girasol
La Pampa,2003,277800,466964,1680.93592512599,7.4271060155649415,22.150000000000002,13.82,1.1854761904761943,-24.699350051243464,Girasol
La Pampa,2004,331560,670000,2020.750392085897,7.6112242026438235,20.798333333333332,17.27,-0.16619047619047578,-5.90143092510671,Girasol
La Pampa,2005,283500,425965,1502.5220458553792,7.314900339084001,20.938333333333336,15.469999999999999,-0.026190476190471657,-15.70904090396068,Girasol
La Pampa,2006,345300,456050,1320.735592238633,7.185944127212358,21.118333333333332,21.45,0.1538095238095245,16.87401891467637,Girasol
La Pampa,2007,385500,626610,1625.4474708171206,7.393538423514088,21.10833333333333,14.590000000000002,0.14380952380952294,-20.50387244917815,Girasol
La Pampa,2008,391300,415430,1061.6662407360081,6.967594878147501,22.863333333333333,11.6,1.8988095238095255,-36.79540235849669,Girasol
La Pampa,2009,317600,390850,1230.6360201511336,7.115286404275496,20.801666666666666,21.01,-0.16285714285714192,14.476603142067646,Girasol
La Pampa,2010,309200,558130,1805.0776196636482,7.498358872426135,21.136666666666667,12.34,0.17214285714285893,-32.76338492274562,Girasol
La Pampa,2011,357100,627810,1758.078969476337,7.471976997302423,21.371666666666666,19.73,0.40714285714285836,7.502302712660369,Girasol
La Pampa,2012,283000,531090,1876.643109540636,7.537239879744196,20.294999999999998,19.33,-0.6695238095238096,5.322833828470586,Girasol
La Pampa,2013,266900,390570,1463.357062570251,7.288488433149074,21.32,19.02,0.3554761904761925,3.633745443223524,Girasol
La Pampa,2014,252200,551050,2184.972244250595,7.6893584045888685,21.168333333333333,18.73,0.20380952380952522,2.0536305021859436,Girasol
La Pampa,2015,226000,471240,2085.1327433628317,7.64258779808777,19.831666666666667,23.14,-1.1328571428571408,26.08227495037816,Girasol
La Pampa,2016,209500,447340,2135.2744630071597,7.666350471502069,21.111666666666665,27.43,0.1471428571428568,49.45707873331342,Girasol
La Pampa,2017,175600,439230,2501.3097949886105,7.824569791654621,21.521666666666665,9.040000000000001,0.5571428571428569,-50.7440032173112,Girasol
La Pampa,2018,155700,354230,2275.0802825947335,7.729770619815037,20.596666666666668,15.76,-0.3678571428571402,-14.12892596292309,Girasol
La Pampa,2019,112250,240730,2144.587973273942,7.670702725859262,21.51833333333333,15.46,0.5538095238095231,-15.763527626065411,Girasol
La Pampa,2020,151580,340529,2246.5298852091305,7.717142031430469,21.075,15.43,0.1104761904761915,-15.926987792379654,Girasol
La Pampa,2021,204914,494445,2412.939086641225,7.78860082147765,20.558333333333334,17.52,-0.4061904761904742,-4.539262872488104,Girasol
La Pampa,2022,278700,623790,2238.2131324004304,7.7134331177603475,22.569999999999997,14.200000000000001,1.605476190476189,-22.628854611263183,Girasol
San Luis,1981,29700,25000,841.7508417508418,6.735484058041684,21.261666666666667,18.17,-0.39718253968253947,0.9992191532445016,Girasol
San Luis,1982,36200,27000,745.8563535911602,6.61453302615474,21.28333333333333,14.19,-0.37551587301587475,-21.123889940311546,Girasol
San Luis,1983,33300,34700,1042.042042042042,6.948937568948552,22.075,22.76,0.4161507936507931,26.513056022446047,Girasol
San Luis,1984,38000,40300,1060.5263157894738,6.966520588208389,20.618333333333336,20.91,-1.0405158730158703,16.229701293029297,Girasol
San Luis,1985,32000,37500,1171.875,7.066360309158775,21.756666666666664,15.669999999999998,0.09781746031745797,-12.897206156778152,Girasol
San Luis,1986,16000,11200,700.0,6.551080335043404,22.688333333333333,13.9,1.0294841269841264,-22.735875276274164,Girasol
San Luis,1987,38000,37000,973.6842105263158,6.881087031899976,22.236666666666668,12.27,0.577817460317462,-31.79634457840893,Girasol
San Luis,1988,34000,33800,994.1176470588235,6.901855556854949,22.546666666666667,17.08,0.8878174603174607,-5.059622281925391,Girasol
San Luis,1989,25000,13000,520.0,6.253828811575473,21.838333333333335,17.57,0.17948412698412852,-2.335922921160938,Girasol
San Luis,1990,30000,33000,1100.0,7.003065458786462,21.678333333333338,20.529999999999998,0.019484126984131933,14.117444645905831,Girasol
San Luis,1991,32300,22600,699.6904024767802,6.550637955031767,20.98,17.29,-0.6788492063492058,-3.8923225558834873,Girasol
San Luis,1992,9000,9000,1000.0,6.907755278982137,21.55333333333333,14.729999999999997,-0.10551587301587517,-18.122262073346672,Girasol
San Luis,1993,19000,24700,1300.0,7.170119543449628,21.395,13.47,-0.2638492063492066,-25.126060429598052,Girasol
San Luis,1994,42000,58800,1400.0,7.24422751560335,21.516666666666666,18.92,-0.14218253968254047,5.168146746251279,Girasol
San Luis,1995,24000,24000,1000.0,6.907755278982137,22.233333333333334,13.490000000000002,0.5744841269841281,-25.01488902711787,Girasol
San Luis,1996,21000,16900,804.7619047619048,6.690546463187742,21.69666666666667,18.51,0.0378174603174628,2.889132995407584,Girasol
San Luis,1997,28500,34200,1200.0,7.090076835776092,20.4,19.48,-1.2588492063492076,8.280946015696355,Girasol
San Luis,1998,38300,57500,1501.3054830287206,7.314090330598842,21.701666666666664,15.89,0.042817460317458256,-11.674320729496145,Girasol
San Luis,1999,42500,63800,1501.1764705882354,7.31400439340251,20.215,23.72,-1.4438492063492063,31.849283341494726,Girasol
San Luis,2000,36000,50000,1388.888888888889,7.236259345954173,21.898333333333337,16.54,0.2394841269841308,-8.061250148890275,Girasol
San Luis,2001,36000,82800,2300.0,7.7406644019172415,21.101666666666667,16.88,-0.5571825396825396,-6.171336306727193,Girasol
San Luis,2002,41400,47000,1135.2657004830917,7.034621999860927,21.903333333333332,15.19,0.24448412698412625,-15.565319816302491,Girasol
San Luis,2003,16000,20000,1250.0,7.1308988302963465,22.788333333333338,13.8,1.1294841269841314,-23.29173228867507,Girasol
San Luis,2004,75000,135000,1800.0,7.495541943884256,21.2,20.409999999999997,-0.4588492063492069,13.450416231024743,Girasol
San Luis,2005,69500,55600,800.0,6.684611727667927,21.891666666666666,15.62,0.23281746031745953,-13.175134662978605,Girasol
San Luis,2006,83700,166460,1988.7694145758662,7.595271341804657,21.12,33.42,-0.5388492063492052,85.76741354438255,Girasol
San Luis,2007,107000,206900,1933.6448598130842,7.567162029271728,20.75333333333333,31.029999999999998,-0.9055158730158759,72.48243094800088,Girasol
San Luis,2008,77750,147300,1894.5337620578778,7.546728051391378,21.403333333333332,26.47,-0.25551587301587375,47.135351182519614,Girasol
San Luis,2009,28100,41650,1482.2064056939503,7.301287071255289,22.421666666666667,14.26,0.7628174603174607,-20.73479003163091,Girasol
San Luis,2010,30900,53160,1720.388349514563,7.4503053289234815,20.72,18.11,-0.9388492063492073,0.6657049458039355,Girasol
San Luis,2011,32550,54970,1688.7864823348693,7.431765492200128,22.426666666666666,13.120000000000001,0.7678174603174597,-27.071559973001225,Girasol
San Luis,2012,29290,49750,1698.531922157733,7.437519581747097,21.11,19.269999999999996,-0.5488492063492068,7.1136462896544295,Girasol
San Luis,2013,25600,45680,1784.375,7.486823492844375,21.709999999999997,21.220000000000002,0.051150793650791115,17.952858031472108,Girasol
San Luis,2014,14300,32550,2276.2237762237764,7.730273110370854,21.703333333333333,25.66,0.04448412698412696,42.63290938207229,Girasol
San Luis,2015,10000,24950,2495.0,7.822044008185619,20.436666666666664,23.059999999999995,-1.2221825396825423,28.18062705964872,Girasol
San Luis,2016,8450,18515,2191.1242603550295,7.69217005197863,21.563333333333333,21.71,-0.09551587301587361,20.67655739223655,Girasol
San Luis,2017,7900,16110,2039.240506329114,7.620332716698044,21.74,11.59,0.08115079365079225,-35.576172262735085,Girasol
San Luis,2018,11400,22790,1999.122807017544,7.6004637668392805,21.798333333333336,13.090000000000002,0.13948412698412938,-27.238317076721486,Girasol
San Luis,2019,14900,27750,1862.4161073825503,7.5296299062231675,23.348333333333333,9.16,1.6894841269841265,-49.08349766407708,Girasol
San Luis,2020,47150,79710,1690.5620360551432,7.4328163183425024,21.801666666666666,18.68,0.14281746031745968,3.834089916489103,Girasol
San Luis,2021,83700,153625,1835.4241338112306,7.515030869372906,21.804999999999996,14.389999999999999,0.14615079365078998,-20.012175915509733,Girasol
San Luis,2022,96650,165110,1708.3290222452147,7.443270991771538,23.351666666666663,14.360000000000001,1.6928174603174568,-20.178933019229994,Girasol
Santa Fe,1981,123900,140000,1129.9435028248588,7.029922912956344,23.775000000000002,19.919999999999998,-0.31452380952380565,-21.845866417561886,Girasol
Santa Fe,1982,151500,187000,1234.3234323432343,7.1182782708873,23.929999999999996,23.279999999999998,-0.15952380952381162,-8.663241475945826,Girasol
Santa Fe,1983,140700,160000,1137.1712864250178,7.036299130095621,24.433333333333334,31.560000000000002,0.3438095238095258,23.822512844465216,Girasol
Santa Fe,1984,163600,245000,1497.5550122249388,7.311589065358217,23.765,22.54,-0.3245238095238072,-11.566557683325552,Girasol
Santa Fe,1985,249000,360000,1445.7831325301204,7.276406413967585,24.41333333333333,20.36,0.32380952380952266,-20.11957029425502,Girasol
Santa Fe,1986,150000,200000,1333.3333333333333,7.195437351433918,24.416666666666668,28.529999999999998,0.32714285714286007,11.934609995329271,Girasol
Santa Fe,1987,157000,260000,1656.0509554140128,7.412191104649357,24.125,24.17,0.035476190476192215,-5.171415226529652,Girasol
Santa Fe,1988,200000,280000,1400.0,7.24422751560335,25.61666666666667,15.93,1.527142857142863,-37.50023353573096,Girasol
Santa Fe,1989,275500,400000,1451.9056261343012,7.28063219749715,24.221666666666668,33.02,0.13214285714285978,29.550677253619817,Girasol
Santa Fe,1990,278600,451800,1621.6798277099786,7.391217821670335,24.751666666666665,26.36,0.6621428571428574,3.420831387202239,Girasol
Santa Fe,1991,332600,429100,1290.1383042693926,7.1625047042207886,23.505,25.08,-0.5845238095238088,-1.6011209715086405,Girasol
Santa Fe,1992,234800,289600,1233.3901192504259,7.117521851539757,23.665000000000003,23.87,-0.4245238095238051,-6.348435310602518,Girasol
Santa Fe,1993,153100,276200,1804.0496407576748,7.497789217293691,23.639999999999997,27.589999999999996,-0.44952380952381077,8.246613731900965,Girasol
Santa Fe,1994,197000,381500,1936.548223350254,7.568662400968661,24.06833333333333,26.49,-0.021190476190476204,3.930873423633807,Girasol
Santa Fe,1995,207900,404660,1946.4165464165465,7.573745292469218,24.331666666666663,25.99,0.24214285714285566,1.969173283512382,Girasol
Santa Fe,1996,210650,368200,1747.9230951815807,7.466183559356089,24.76166666666667,17.639999999999997,0.6721428571428625,-30.79121905651566,Girasol
Santa Fe,1997,248700,354300,1424.6079613992763,7.261651940044205,22.955,35.53,-1.1345238095238095,39.398411957029445,Girasol
Santa Fe,1998,284300,554000,1948.6457966936334,7.574889947072466,24.52666666666667,20.32,0.43714285714286305,-20.276506305464736,Girasol
Santa Fe,1999,208350,365400,1753.77969762419,7.469528565057581,24.169999999999998,17.669999999999998,0.08047619047619037,-30.673517048108366,Girasol
Santa Fe,2000,115250,189260,1642.1691973969632,7.403773328185466,23.415000000000003,29.59,-0.6745238095238051,16.093414292386733,Girasol
Santa Fe,2001,115050,208120,1808.9526292916123,7.500503298922865,23.66,23.36,-0.42952380952380764,-8.34936945352639,Girasol
Santa Fe,2002,144800,208400,1439.2265193370165,7.271861108909733,23.538333333333338,38.95,-0.5511904761904702,52.81644091546007,Girasol
Santa Fe,2003,140660,274619,1952.360301436087,7.576794330593858,24.320000000000004,15.280000000000001,0.23047619047619605,-40.050443717888825,Girasol
Santa Fe,2004,120900,218550,1807.6923076923076,7.4998063426707136,23.65833333333333,32.97,-0.43119047619047635,29.354507239607663,Girasol
Santa Fe,2005,164500,320650,1949.240121580547,7.575194894371583,23.756666666666664,22.63,-0.33285714285714363,-11.21345165810369,Girasol
Santa Fe,2006,191500,301540,1574.621409921671,7.361770147712209,24.165000000000003,43.120000000000005,0.07547619047619492,69.1770200840729,Girasol
Santa Fe,2007,240300,477315,1986.3295880149813,7.5940437865333665,23.766666666666666,16.73,-0.32285714285714207,-34.36151331153666,Girasol
Santa Fe,2008,206600,184140,891.2875121006776,6.792667060156298,25.066666666666663,20.68,0.9771428571428551,-18.864082204577304,Girasol
Santa Fe,2009,173535,131812,759.5701155386521,6.632752635798023,23.673333333333332,37.76,-0.4161904761904758,48.14759458197104,Girasol
Santa Fe,2010,170875,293815,1719.4732991953183,7.449773301514082,23.71833333333333,17.74,-0.3711904761904776,-30.398879028491365,Girasol
Santa Fe,2011,182000,301570,1656.978021978022,7.412750753595703,24.314999999999998,23.14,0.22547619047618994,-9.212517515179819,Girasol
Santa Fe,2012,177300,294390,1660.4060913705584,7.414817484788487,23.38166666666667,28.15,-0.7078571428571365,10.443717888837,Girasol
Santa Fe,2013,157200,244820,1557.379134860051,7.3507596456343975,24.171666666666667,31.15,0.08214285714285907,22.21391872956562,Girasol
Santa Fe,2014,144100,237725,1649.7224149895906,7.408362319402168,23.721666666666668,26.840000000000003,-0.3678571428571402,5.304063521718838,Girasol
Santa Fe,2015,116950,217470,1859.5126122274476,7.528069695932845,23.896666666666665,26.619999999999997,-0.19285714285714306,4.4409154600653755,Girasol
Santa Fe,2016,195050,346230,1775.0833119712895,7.481602637129895,23.395,35.82,-0.6945238095238082,40.536198038299865,Girasol
Santa Fe,2017,229600,474156,2065.1393728222997,7.632952996009745,24.59,14.73,0.5004761904761921,-42.208313872022416,Girasol
Santa Fe,2018,245084,432659,1765.3498392387917,7.476104158926997,22.898333333333337,36.96,-1.1911904761904708,45.00887435777674,Girasol
Santa Fe,2019,208100,426328,2048.6689091782796,7.624945548641773,24.433333333333334,24.29,0.3438095238095258,-4.700607192900518,Girasol
Santa Fe,2020,232400,417930,1798.3218588640275,7.494609208390624,24.12,22.609999999999996,0.03047619047619321,-11.29191966370856,Girasol
Santa Fe,2021,226370,504746,2229.7389230021645,7.7096397827134435,24.673333333333332,23.410000000000004,0.5838095238095242,-8.153199439514225,Girasol
Santa Fe,2022,388015,601203,1549.4323673053877,7.345643928198649,26.353333333333335,12.12,2.2638095238095275,-52.44838860345633,Girasol
Santiago del Estero,1981,3100,2700,870.9677419354839,6.76960494050132,26.028333333333336,17.68,-0.23238095238095013,-7.570514575916754,Girasol
Santiago del Estero,1982,2530,2100,830.0395256916996,6.721473320972086,25.721666666666668,20.87,-0.5390476190476186,9.10652493216162,Girasol
Santiago del Estero,1983,3000,2300,766.6666666666666,6.6420521132491315,26.505,22.57,0.24428571428571288,17.99397545370809,Girasol
Santiago del Estero,1984,2400,2350,979.1666666666666,6.8867018697843045,26.48166666666667,14.600000000000001,0.220952380952383,-23.672483756130337,Girasol
Santiago del Estero,1985,10000,10900,1090.0,6.993932975223189,27.111666666666665,19.11,0.8509523809523785,-0.09460031367473087,Girasol
Santiago del Estero,1986,50000,60000,1200.0,7.090076835776092,27.460000000000004,14.199999999999998,1.1992857142857183,-25.763648584729527,Girasol
Santiago del Estero,1987,18000,14500,805.5555555555555,6.6915321705125015,26.3,18.689999999999998,0.03928571428571459,-2.290323383703863,Girasol
Santiago del Estero,1988,5000,5000,1000.0,6.907755278982137,28.243333333333336,8.360000000000001,1.9826190476190497,-56.29465508227738,Girasol
Santiago del Estero,1989,9500,10000,1052.6315789473683,6.959048573369688,25.731666666666666,25.5,-0.5290476190476205,33.311757823197,Girasol
Santiago del Estero,1990,5900,6000,1016.9491525423729,6.924562397298518,27.186666666666667,16.580000000000002,0.9259523809523813,-13.321217854564448,Girasol
Santiago del Estero,1991,3600,4300,1194.4444444444443,7.08543645621959,25.21666666666667,23.19,-1.0440476190476176,21.235280938036794,Girasol
Santiago del Estero,1992,3700,4700,1270.2702702702702,7.146984968047971,25.821666666666662,17.23,-0.43904761904762424,-9.923075008090809,Girasol
Santiago del Estero,1993,4500,8000,1777.7777777777778,7.483119423885699,26.24666666666667,13.11,-0.014047619047616422,-31.46207274266225,Girasol
Santiago del Estero,1994,15000,25500,1700.0,7.438383530044307,26.97333333333333,16.2,0.712619047619043,-15.307824441733676,Girasol
Santiago del Estero,1995,17300,25600,1479.7687861271677,7.299641128963921,26.576666666666668,16.32,0.3159523809523819,-14.680474993153926,Girasol
Santiago del Estero,1996,17100,27400,1602.3391812865498,7.379219828867548,25.50666666666667,21.759999999999998,-0.7540476190476149,13.759366675794759,Girasol
Santiago del Estero,1997,10800,11000,1018.5185185185185,6.9261044176503335,25.841666666666665,19.839999999999996,-0.4190476190476211,3.7217754985187312,Girasol
Santiago del Estero,1998,40000,62300,1557.5,7.350837250661608,25.843333333333334,21.56,-0.4173809523809524,12.713784261495187,Girasol
Santiago del Estero,1999,29100,48000,1649.4845360824743,7.4082181157125815,24.358333333333334,24.849999999999998,-1.9023809523809518,29.913614976723334,Girasol
Santiago del Estero,2000,19500,25920,1329.2307692307693,7.19235568489651,25.99333333333333,19.67,-0.2673809523809574,2.8330304463641154,Girasol
Santiago del Estero,2001,29500,55400,1877.9661016949153,7.537944609389601,25.333333333333332,22.42,-0.927380952380954,17.209788642983415,Girasol
Santiago del Estero,2002,85000,155000,1823.5294117647059,7.508529139411067,26.701666666666668,20.569999999999997,0.4409523809523819,7.538151310712227,Girasol
Santiago del Estero,2003,87500,165800,1894.857142857143,7.546898728319763,27.213333333333335,12.9,0.9526190476190486,-32.55993427767682,Girasol
Santiago del Estero,2004,19700,22090,1121.3197969543148,7.02226166067022,27.00666666666667,15.260000000000002,0.7459523809523851,-20.222061788941716,Girasol
Santiago del Estero,2005,62500,84790,1356.64,7.212766333555693,26.323333333333334,12.96,0.06261904761904802,-32.246259553386935,Girasol
Santiago del Estero,2006,45650,62990,1379.8466593647317,7.229727655574997,26.93166666666666,15.950000000000001,0.6709523809523752,-16.614802459608146,Girasol
Santiago del Estero,2007,55350,95240,1720.6865401987354,7.4504786414461535,25.628333333333334,27.01,-0.6323809523809523,41.205905051158865,Girasol
Santiago del Estero,2008,7850,5120,652.2292993630573,6.480396186239236,26.75666666666667,14.190000000000001,0.49595238095238514,-25.815927705444487,Girasol
Santiago del Estero,2009,4450,4380,984.2696629213483,6.891899907192343,26.728333333333335,19.64,0.46761904761904916,2.6761930842191806,Girasol
Santiago del Estero,2010,34000,55450,1630.8823529411766,7.396876468162351,24.698333333333334,23.869999999999997,-1.562380952380952,24.790261146655368,Girasol
Santiago del Estero,2011,29700,47610,1603.030303030303,7.3796510563799105,26.493333333333336,15.78,0.23261904761904972,-17.503547511762807,Girasol
Santiago del Estero,2012,35300,37550,1063.7393767705382,6.969545693253029,26.851666666666663,12.320000000000002,0.5909523809523769,-35.592123279145596,Girasol
Santiago del Estero,2013,8125,7460,918.1538461538462,6.822364964982006,25.71166666666667,24.1,-0.5490476190476166,25.99268092309992,Girasol
Santiago del Estero,2014,10740,17610,1639.6648044692738,7.402247112409533,26.445000000000004,22.29,0.18428571428571772,16.53016007368866,Girasol
Santiago del Estero,2015,5700,10300,1807.017543859649,7.499432999377222,25.31833333333334,22.830000000000002,-0.9423809523809474,19.35323259229755,Girasol
Santiago del Estero,2016,45800,71530,1561.7903930131004,7.35358812998229,26.073333333333334,21.01,-0.18738095238095198,9.838432622171345,Girasol
Santiago del Estero,2017,25400,47470,1868.8976377952756,7.533104037520872,26.320000000000004,14.82,0.05928571428571772,-22.5223431004008,Girasol
Santiago del Estero,2018,97600,222218,2276.8237704918033,7.730536667588451,24.81,33.489999999999995,-1.4507142857142874,75.08277527446536,Girasol
Santiago del Estero,2019,68454,151461,2212.5953194846174,7.701921458207005,26.763333333333335,15.93,0.5026190476190493,-16.71936070103811,Girasol
Santiago del Estero,2020,38540,54443,1412.6362221069019,7.253212898800181,25.76,26.509999999999998,-0.5007142857142846,38.591949015409874,Girasol
Santiago del Estero,2021,26700,45026,1686.367041198502,7.430331814274715,26.51833333333333,21.11,0.25761904761904475,10.36122382932112,Girasol
Santiago del Estero,2022,61370,70695,1151.9472054749879,7.049209011624935,27.415000000000003,16.529999999999998,1.1542857142857166,-13.58261345813937,Girasol
Buenos Aires,1981,3660800,5100000,1393.1381118881118,7.23931411594913,13.55,10.889999999999999,-0.13962790697674343,-18.683360539019912,Trigo
Buenos Aires,1982,4432000,9790000,2208.9350180505417,7.700265786079574,13.538,13.77,-0.1516279069767439,2.821866425867392,Trigo
Buenos Aires,1983,4420000,8450000,1911.764705882353,7.555782024261613,13.236,12.75,-0.4536279069767435,-4.794568124196852,Trigo
Buenos Aires,1984,3854000,9100000,2361.183186299948,7.766918122512767,13.187999999999999,13.09,-0.5016279069767453,-2.2557566075087743,Trigo
Buenos Aires,1985,3510000,5735000,1633.903133903134,7.398726992085697,14.075999999999999,20.92,0.3863720930232546,56.211579203278596,Trigo
Buenos Aires,1986,3252000,6150000,1891.1439114391144,7.544937169114999,13.626,18.59,-0.0636279069767447,38.81325322126905,Trigo
Buenos Aires,1987,2893000,5230000,1807.8119599032148,7.4998725310649705,13.681999999999999,15.46,-0.007627906976745535,15.441253082346407,Trigo
Buenos Aires,1988,2830000,5300000,1872.791519434629,7.5351853878850665,13.166,10.24,-0.5236279069767438,-23.536970791511823,Trigo
Buenos Aires,1989,3200000,6700000,2093.75,7.646711995573376,13.856,11.580000000000002,0.16637209302325573,-13.531066578682305,Trigo
Buenos Aires,1990,3322700,6599900,1986.306317151714,7.594032070955185,14.001999999999999,17.38,0.31237209302325475,29.778071058937925,Trigo
Buenos Aires,1991,2662200,5715300,2146.833446022087,7.671749219658717,13.336000000000002,15.71,-0.35362790697674207,17.30802625638177,Trigo
Buenos Aires,1992,2532300,6029600,2381.0764917268884,7.775307971853613,12.504,14.35,-1.1856279069767446,7.152780189629415,Trigo
Buenos Aires,1993,2642950,5659000,2141.168013015759,7.669106759595647,12.64,17.89,-1.0496279069767436,33.58628833397006,Trigo
Buenos Aires,1994,3025910,7148800,2362.5289582307473,7.767487916744944,13.404,10.08,-0.28562790697674423,-24.731705622894452,Trigo
Buenos Aires,1995,3007600,6416040,2133.275701556058,7.665413965419146,13.241999999999999,8.16,-0.44762790697674504,-39.068523599485985,Trigo
Buenos Aires,1996,4358510,10774607,2472.0849556385097,7.812817185154726,14.032,13.0,0.3423720930232559,-2.9277949501614997,Trigo
Buenos Aires,1997,3609550,10663930,2954.3655026249808,7.991039186860711,14.272,12.37,0.5823720930232561,-7.6320633487306,Trigo
Buenos Aires,1998,3230330,7517600,2327.1925778480836,7.752417917870338,14.39,8.18,0.7003720930232564,-38.91918174556316,Trigo
Buenos Aires,1999,3601540,8751000,2429.7939214891408,7.795561726766818,13.744,11.59,0.05437209302325563,-13.456395651720909,Trigo
Buenos Aires,2000,3526020,9853172,2794.417501885979,7.935378956672972,12.334,14.33,-1.3556279069767445,7.003438335706602,Trigo
Buenos Aires,2001,3437400,8654680,2517.7983359515915,7.831140122418282,14.047999999999998,19.009999999999998,0.3583720930232541,41.94943215364844,Trigo
Buenos Aires,2002,3139350,6833319,2176.666825935305,7.685550006773255,13.947999999999999,15.68,0.2583720930232545,17.084013475497507,Trigo
Buenos Aires,2003,3130272,9033010,2885.694917246808,7.9675210224662925,13.35,14.09,-0.3396279069767445,5.211336088632645,Trigo
Buenos Aires,2004,3303425,9817845,2972.019948992334,7.996997118127482,13.806000000000001,9.59,0.1163720930232568,-28.39058104400375,Trigo
Buenos Aires,2005,2795550,7450976,2665.2987784156962,7.888071442291738,13.876,12.62,0.1863720930232553,-5.765290174695248,Trigo
Buenos Aires,2006,2981325,9019700,3025.399780299028,8.014798520509279,14.442000000000002,9.23,0.7523720930232578,-31.07873441461466,Trigo
Buenos Aires,2007,2830767,7670480,2709.6825701302864,7.904586774219913,12.703999999999999,13.27,-0.9856279069767453,-0.9116799222033234,Trigo
Buenos Aires,2008,2405960,5510807,2290.481554140551,7.736517360092253,14.994,6.8100000000000005,1.3043720930232556,-49.14909873927691,Trigo
Buenos Aires,2009,1986860,5792554,2915.4313841941557,7.977773075552182,13.526,17.59,-0.16362790697674434,31.346160525127644,Trigo
Buenos Aires,2010,2282985,9233514,4044.4917509313464,8.305111172879057,13.081999999999999,9.93,-0.6076279069767452,-25.85176952731567,Trigo
Buenos Aires,2011,2200830,8537626,3879.2755460439926,8.2634037002468,13.663999999999998,8.43,-0.025627906976746218,-37.052408571527806,Trigo
Buenos Aires,2012,1183884,3664848,3095.614097327103,8.037741581374533,13.807999999999998,19.739999999999995,0.11837209302325391,47.400409821831644,Trigo
Buenos Aires,2013,1638005,5617211,3429.300276861182,8.14011151843386,13.468,14.24,-0.22162790697674417,6.331399993053877,Trigo
Buenos Aires,2014,2092455,6468158,3091.1814113087257,8.036308630577734,14.407999999999998,22.659999999999997,0.7183720930232536,69.20432049456463,Trigo
Buenos Aires,2015,1405915,4958819,3527.1115252344557,8.168234550159855,13.613999999999999,17.130000000000003,-0.07562790697674515,27.91129788490261,Trigo
Buenos Aires,2016,2115990,7548338,3567.284344443972,8.17955989747307,13.514,14.17,-0.1756279069767448,5.808703504323964,Trigo
Buenos Aires,2017,1969969,7611227,3863.6278032801533,8.259361866490076,14.34,16.58,0.6503720930232557,23.804396902024784,Trigo
Buenos Aires,2018,2258598,9017580,3992.5564443074863,8.292187017574076,13.770000000000001,15.37,0.08037209302325721,14.769214739693659,Trigo
Buenos Aires,2019,2410907,7810038,3239.460501794553,8.083162083129944,13.554000000000002,12.45,-0.1356279069767421,-7.034695933039292,Trigo
Buenos Aires,2020,2734339,10480586,3832.950486388118,8.251390147579437,13.584,9.4,-0.10562790697674451,-29.809328656270615,Trigo
Buenos Aires,2021,2539045,9687585,3815.4443895244076,8.246812421737982,14.228,10.860000000000001,0.5383720930232556,-18.90737331990413,Trigo
Buenos Aires,2022,2498886,6132032,2453.9062606297366,7.805436425938883,14.940000000000001,4.65,1.2503720930232571,-65.27801896294238,Trigo
Buenos Aires,2023,2339998,7955064,3399.602905643509,8.13141391132569,14.168000000000001,12.030000000000001,0.4783720930232569,-10.170874865418666,Trigo
Catamarca,1986,3900,5335,1367.948717948718,7.221067610600253,17.864,5.17,0.979444444444443,50.133096716947634,Trigo
Catamarca,1987,2300,1400,608.695652173913,6.411318392668246,17.338,3.49,0.4534444444444432,1.347100104864074,Trigo
Catamarca,1988,3500,3300,942.8571428571429,6.8489147789592035,16.916,0.8400000000000001,0.03144444444444261,-75.60700169395822,Trigo
Catamarca,1989,2600,2750,1057.6923076923076,6.963844745633181,16.766,2.71,-0.11855555555555952,-21.303541179317577,Trigo
Catamarca,1990,3500,4600,1314.2857142857142,7.181048613981818,16.85,6.01,-0.03455555555555634,74.52609502298941,Trigo
Catamarca,1991,4000,7600,1900.0,7.549609165154532,16.701999999999998,2.4,-0.18255555555555958,-30.30571912559491,Trigo
Catamarca,1992,3000,6000,2000.0,7.600902459542082,15.472,3.46,-1.4125555555555582,0.47592159393401445,Trigo
Catamarca,1993,9100,8200,901.0989010989011,6.80361501972954,16.494,2.0100000000000002,-0.390555555555558,-41.63103976768573,Trigo
Catamarca,1994,8000,7200,900.0,6.802394763324311,17.586,2.8099999999999996,0.7014444444444408,-18.399612809550714,Trigo
Catamarca,1995,4000,4800,1200.0,7.090076835776092,17.119999999999997,1.6700000000000002,0.23544444444443968,-51.504396224893114,Trigo
Catamarca,1996,3500,5800,1657.142857142857,7.412850228039143,16.668,3.1500000000000004,-0.2165555555555585,-8.526256352343298,Trigo
Catamarca,1998,2100,5700,2714.285714285714,7.9062841090932645,16.651999999999997,3.3599999999999994,-0.2325555555555603,-2.4280067758328805,Trigo
Catamarca,1999,14400,31000,2152.777777777778,7.674514276885328,16.026,7.37,-0.858555555555558,114.01952085181897,Trigo
Catamarca,2000,30000,84000,2800.0,7.937374696163295,15.962,5.16,-0.922555555555558,49.84270387997096,Trigo
Catamarca,2001,22000,62000,2818.181818181818,7.943847210668912,16.631999999999998,6.01,-0.25255555555555986,74.52609502298941,Trigo
Catamarca,2002,8000,17600,2200.0,7.696212639346407,17.31,6.279999999999999,0.42544444444444096,82.36670162136,Trigo
Catamarca,2003,6000,12000,2000.0,7.600902459542082,17.424,1.43,0.5394444444444417,-58.47382431233363,Trigo
Catamarca,2004,20000,40000,2000.0,7.600902459542082,17.468,2.37,0.5834444444444422,-31.17689763652497,Trigo
Catamarca,2005,16000,33600,2100.0,7.649692623711514,16.152,2.2699999999999996,-0.7325555555555567,-34.08082600629185,Trigo
Catamarca,2006,15000,39000,2600.0,7.8632667240095735,18.07,3.12,1.1854444444444425,-9.397434863273368,Trigo
Catamarca,2007,19000,24700,1300.0,7.170119543449628,15.756,3.0100000000000002,-1.1285555555555575,-12.591756070016935,Trigo
Catamarca,2008,24000,43200,1800.0,7.495541943884256,17.386000000000003,1.6,0.501444444444445,-53.53714608372992,Trigo
Catamarca,2009,11500,25300,2200.0,7.696212639346407,17.294,1.52,0.4094444444444427,-55.86028877954343,Trigo
Catamarca,2010,22000,35200,1600.0,7.3777589082278725,15.160000000000002,6.19,-1.7245555555555558,79.75316608856981,Trigo
Catamarca,2011,22000,46200,2100.0,7.649692623711514,16.816,1.6099999999999999,-0.06855555555555881,-53.24675324675325,Trigo
Catamarca,2012,21200,16960,800.0,6.684611727667927,17.056,2.11,0.17144444444444318,-38.727111397918854,Trigo
Catamarca,2014,7500,14180,1890.6666666666667,7.544684779543854,17.9,2.51,1.0154444444444408,-27.111397918851342,Trigo
Catamarca,2015,36870,55270,1499.0507187415242,7.312587332581256,16.556,5.23,-0.3285555555555568,51.87545373880778,Trigo
Catamarca,2016,31180,37312,1196.6645285439383,7.0872934060805335,16.416,4.140000000000001,-0.4685555555555574,20.222634508348804,Trigo
Catamarca,2017,38230,38230,1000.0,6.907755278982137,17.410000000000004,1.94,0.5254444444444459,-43.66378962652255,Trigo
Catamarca,2018,9480,10392,1096.2025316455697,6.999607242083505,16.768,5.08,-0.11655555555555708,47.51956118415745,Trigo
Catamarca,2019,26330,31578,1199.3163691606533,7.089506981073616,16.92,2.4800000000000004,0.035444444444443945,-27.982576429781393,Trigo
Catamarca,2020,18750,20605,1098.9333333333334,7.002095291356498,17.174,3.88,0.28944444444444173,12.672420746954893,Trigo
Catamarca,2021,19630,23500,1197.14722363729,7.087696691843881,16.918,2.16,0.0334444444444415,-37.27514721303541,Trigo
Catamarca,2022,18120,18092,998.4547461368653,6.9062088299829005,16.413999999999998,7.27,-0.47055555555555983,111.11559248205208,Trigo
Catamarca,2023,19860,25778,1297.985901309164,7.168569035347698,18.428,2.15,1.543444444444443,-37.5655400500121,Trigo
Chaco,1981,15000,18000,1200.0,7.090076835776092,19.488,14.370000000000001,-0.02090000000000103,-7.989307038465842,Trigo
Chaco,1982,33200,30000,903.6144578313254,6.80640278472185,20.006,25.47,0.49709999999999965,63.08367082326198,Trigo
Chaco,1983,17900,19400,1083.7988826815642,6.98822763220471,18.172,10.38,-1.3369,-33.53716124281667,Trigo
Chaco,1984,10000,11100,1110.0,7.01211529430638,19.068,17.34,-0.4408999999999992,11.027516767780243,Trigo
Chaco,1985,7350,14000,1904.7619047619048,7.55211229537265,19.708,10.74,0.19909999999999783,-31.232091690544415,Trigo
Chaco,1986,7300,7700,1054.7945205479452,6.96110125968743,19.188,21.03,-0.32090000000000174,34.65447967857085,Trigo
Chaco,1987,5200,6800,1307.6923076923076,7.176019265576817,19.028,16.060000000000002,-0.4809000000000019,2.831713915256695,Trigo
Chaco,1989,13200,22000,1666.6666666666667,7.418580902748128,18.052,19.02,-1.456900000000001,21.784508011717428,Trigo
Chaco,1990,22000,33000,1500.0,7.313220387090301,18.758,19.799999999999997,-0.7509000000000015,26.77882537497396,Trigo
Chaco,1991,8500,15300,1800.0,7.495541943884256,19.517999999999997,14.740000000000002,0.009099999999996555,-5.6202077764082485,Trigo
Chaco,1992,22000,49800,2263.6363636363635,7.7247278096544285,17.276,18.830000000000002,-2.2329000000000008,20.567943525795982,Trigo
Chaco,1993,11900,11900,1000.0,6.907755278982137,18.906,19.26,-0.6029000000000018,23.321221046565597,Trigo
Chaco,1994,37000,40700,1100.0,7.003065458786462,19.906,15.819999999999999,0.39709999999999823,1.2950008804085034,Trigo
Chaco,1995,23000,25000,1086.9565217391305,6.991136887921188,20.926,8.34,1.4170999999999978,-46.59922203902611,Trigo
Chaco,1996,55300,69700,1260.3978300180831,7.139182688220326,19.136000000000003,17.799999999999997,-0.3728999999999978,13.97288341790588,Trigo
Chaco,1997,26300,27100,1030.4182509505704,6.937720067684073,21.318,20.58,1.8091000000000008,31.773142738230533,Trigo
Chaco,1998,32800,65000,1981.7073170731708,7.591714033487676,18.802,14.18,-0.706900000000001,-9.205871524387321,Trigo
Chaco,1999,36400,49460,1358.7912087912089,7.2143507664327124,20.151999999999997,5.699999999999999,0.6430999999999969,-63.503065422355974,Trigo
Chaco,2000,85000,95000,1117.6470588235295,7.018980914092362,18.824,16.94,-0.684899999999999,8.466328376366627,Trigo
Chaco,2001,108500,157190,1448.7557603686637,7.27846037074177,20.483999999999998,14.41,0.9750999999999976,-7.733188199324492,Trigo
Chaco,2002,150000,298980,1993.2,7.59749666640725,19.078,21.52,-0.43090000000000117,37.79193545805253,Trigo
Chaco,2003,130000,125390,964.5384615384615,6.871649708729001,20.156,14.600000000000001,0.6470999999999982,-6.516623713403014,Trigo
Chaco,2004,13110,16200,1235.6979405034324,7.119391223444867,19.168,21.380000000000003,-0.3409000000000013,36.895519521057786,Trigo
Chaco,2005,53850,88340,1640.4828226555246,7.40274588154812,18.976,10.329999999999998,-0.5329000000000015,-33.85730979174338,Trigo
Chaco,2006,109850,140420,1278.2885753299954,7.15327741174062,20.558,14.11,1.0490999999999993,-9.654079492884705,Trigo
Chaco,2007,15450,16370,1059.5469255663431,6.965596667021426,18.898000000000003,13.14,-0.6108999999999973,-15.864961342062722,Trigo
Chaco,2010,156790,317970,2027.9992346450667,7.614804987317052,18.144,11.559999999999999,-1.3649000000000022,-25.981655488146515,Trigo
Chaco,2011,159660,233860,1464.7375673305776,7.289431370476657,19.413999999999998,17.83,-0.09490000000000265,14.164972547261922,Trigo
Chaco,2012,31870,33340,1046.1248823344838,6.95284802787554,21.04,12.56,1.5310999999999986,-19.578684509612465,Trigo
Chaco,2013,38250,21090,551.3725490196078,6.312410713200276,18.724,16.66,-0.7849000000000004,6.6734965023770965,Trigo
Chaco,2014,65025,70650,1086.5051903114186,6.9907215767779585,20.412,12.75,0.9030999999999985,-18.362120023691,Trigo
Chaco,2015,101980,150010,1470.9747009217494,7.293680521895927,19.884,15.7,0.37509999999999977,0.5266443629844186,Trigo
Chaco,2016,76300,109282,1432.267365661861,7.267014037957275,18.666000000000004,16.810000000000002,-0.8428999999999967,7.633942149157225,Trigo
Chaco,2017,135856,192866,1419.6354964079615,7.258155424973654,19.619999999999997,10.97,0.11109999999999687,-29.759408365481587,Trigo
Chaco,2018,148360,281989,1900.7077379347534,7.549981589445865,19.8,18.46,0.29110000000000014,18.198844263738366,Trigo
Chaco,2019,166253,337271,2028.6611369418897,7.615131315992398,18.836000000000002,15.68,-0.6728999999999985,0.39858494341373785,Trigo
Chaco,2020,76930,62633,814.1557259846613,6.702151657268665,21.169999999999998,8.2,1.6610999999999976,-47.49563797602087,Trigo
Chaco,2021,141190,153147,1084.68730080034,6.989047022409038,20.472,14.379999999999999,0.9631000000000007,-7.925277328680524,Trigo
Chaco,2022,109019,101047,926.8751318577496,6.831818855152739,19.881999999999998,8.940000000000001,0.3730999999999973,-42.757439451905675,Trigo
Chaco,2023,79990,67797,847.568446055757,6.742371598301184,20.741999999999997,28.32,1.2330999999999968,81.332138112084,Trigo
Córdoba,1981,677000,740000,1093.0576070901034,6.996734192268078,14.922,7.26,-0.018372093023256042,-2.3430412613007157,Trigo
Córdoba,1982,901000,1410000,1564.9278579356271,7.3555950047460135,15.706,7.32,0.7656279069767429,-1.5359589576750987,Trigo
Córdoba,1983,869000,1470000,1691.5995397008055,7.433429833489527,14.254,9.629999999999999,-0.6863720930232571,29.536709731911024,Trigo
Córdoba,1984,431500,1000000,2317.497103128621,7.748243047440791,14.59,9.56,-0.3503720930232568,28.595113711014484,Trigo
Córdoba,1985,383000,639000,1668.4073107049608,7.419624744179026,14.922,11.73,-0.018372093023256042,57.78459035880752,Trigo
Córdoba,1986,365000,480000,1315.0684931506848,7.181644029301582,15.868,9.34,0.9276279069767437,25.635811931053908,Trigo
Córdoba,1987,557500,1067000,1913.9013452914799,7.556899026949616,15.284,5.41,0.34362790697674406,-27.228078956423808,Trigo
Córdoba,1988,439000,775000,1765.375854214123,7.476118895260313,14.941999999999998,4.72,0.0016279069767417553,-36.509525448118374,Trigo
Córdoba,1989,578000,705000,1219.7231833910034,7.106379213122028,14.506,4.11,-0.4343720930232564,-44.714862201645445,Trigo
Córdoba,1990,767500,1254500,1634.5276872964168,7.399109165327261,15.26,7.33,0.31962790697674315,-1.4014452404041644,Trigo
Córdoba,1991,630750,1478400,2343.8763376932225,7.75956139234839,14.316000000000003,5.4,-0.6243720930232541,-27.362592673694742,Trigo
Córdoba,1992,454100,1035100,2279.453864787492,7.731691160267936,13.416,12.61,-1.5243720930232563,69.62179747864985,Trigo
Córdoba,1993,631600,1232000,1950.6016466117796,7.575893140694115,14.354,8.62,-0.5863720930232574,15.950824287546528,Trigo
Córdoba,1994,625700,1253700,2003.6758830110277,7.602738714099798,15.065999999999999,7.05,0.1256279069767423,-5.16782932399037,Trigo
Córdoba,1995,468050,699875,1495.2996474735605,7.310081898833441,14.818000000000001,5.949999999999999,-0.12237209302325525,-19.9643382237933,Trigo
Córdoba,1996,645700,1068200,1654.3286355892828,7.411150547255386,15.032,5.07,0.09162790697674339,-31.801545343635617,Trigo
Córdoba,1997,394350,616300,1562.8249017370356,7.354250297106335,15.718,9.86,0.7776279069767433,32.630525229142535,Trigo
Córdoba,1998,618150,1332800,2156.110976300251,7.676061403941779,14.882,5.67,-0.058372093023256966,-23.73072230737948,Trigo
Córdoba,1999,746200,1972000,2642.7231305280084,7.87956515335766,14.062000000000001,12.35,-0.8783720930232555,66.12444082960553,Trigo
Córdoba,2000,847675,1933000,2280.355088919692,7.732086450576405,13.936000000000002,10.059999999999999,-1.004372093023255,35.32079957456125,Trigo
Córdoba,2001,1023420,2333160,2279.7678372515684,7.731828890997035,14.697999999999999,9.69,-0.24237209302325802,30.34379203553663,Trigo
Córdoba,2002,964450,1740280,1804.427393851418,7.497998587114532,15.604,10.36,0.6636279069767426,39.35621109268932,Trigo
Córdoba,2003,945290,2087880,2208.719017444382,7.700167996345658,15.496,4.53,0.5556279069767438,-39.06528607626615,Trigo
Córdoba,2004,1067425,2338230,2190.5332927371946,7.691900305831536,15.12,7.48,0.17962790697674258,0.6162605186598835,Trigo
Córdoba,2005,750300,1712790,2282.8068772491006,7.7331610512956095,14.206,7.1,-0.7343720930232571,-4.495260737635687,Trigo
Córdoba,2006,858100,1646190,1918.4127724041487,7.559253442093116,15.924000000000001,8.55,0.9836279069767446,15.009228266649988,Trigo
Córdoba,2007,1226700,3961210,3229.159533708323,8.079977176074921,13.930000000000001,5.109999999999999,-1.0103720930232551,-31.26349047455189,Trigo
Córdoba,2008,698180,1161070,1662.9952161333754,7.416375602540189,15.551999999999998,6.640000000000001,0.6116279069767412,-10.682891732098721,Trigo
Córdoba,2009,189610,296690,1564.7381467222192,7.355473770586612,15.398,4.53,0.45762790697674305,-39.06528607626615,Trigo
Córdoba,2010,525390,1788740,3404.5946820457184,8.13288117538833,13.512,6.11,-1.4283720930232562,-17.812118747458317,Trigo
Córdoba,2011,488020,1429060,2928.281627802139,7.982171054814438,14.762,8.190000000000001,-0.17837209302325618,10.166734444896308,Trigo
Córdoba,2012,472381,1378460,2918.1105929324,7.978691628615528,14.831999999999999,9.64,-0.10837209302325768,29.671223449181984,Trigo
Córdoba,2013,634910,1028520,1619.9461340977462,7.390148177116671,14.613999999999999,9.84,-0.32637209302325765,32.361497794600695,Trigo
Córdoba,2014,1122000,3027430,2698.2442067736183,7.900356546672156,15.86,8.52,0.9196279069767428,14.605687114837163,Trigo
Córdoba,2015,884900,2258520,2552.288394168833,7.844745645199305,14.378,7.3500000000000005,-0.5623720930232565,-1.1324178058622847,Trigo
Córdoba,2016,1420440,4882795,3437.5228802342936,8.142506398020833,14.632,5.47,-0.30837209302325697,-26.420996652798202,Trigo
Córdoba,2017,1194568,4195464,3512.1181883325185,8.163974606903038,15.372,7.9,0.43162790697674325,6.265836644039169,Trigo
Córdoba,2018,1196481,3271488,2734.2582122072977,7.913615457669652,15.012,9.08,0.07162790697674382,22.138455282009573,Trigo
Córdoba,2019,1368281,4070031,2974.5578576330445,7.99785068765178,15.107999999999999,6.210000000000001,0.16762790697674212,-16.46698157474895,Trigo
Córdoba,2020,933304,1602505,1717.023606456203,7.448347609467031,15.572,3.09,0.6316279069767425,-58.43526136328088,Trigo
Córdoba,2021,1080336,3750038,3471.1774855230224,8.152249148384236,15.601999999999999,7.49,0.6616279069767419,0.7507742359308178,Trigo
Córdoba,2022,868833,1567065,1803.643508015925,7.4975640691301875,15.272,4.140000000000001,0.3316279069767436,-44.31132104983263,Trigo
Córdoba,2023,730244,1581580,2165.824025942014,7.680556180466396,16.126,3.6,1.1856279069767446,-51.57506178246316,Trigo
Entre Ríos,1981,82500,98000,1187.878787878788,7.079924464312073,16.804000000000002,9.46,0.0005116279069810048,-20.065240032226995,Trigo
Entre Ríos,1982,112000,205000,1830.357142857143,7.512266386825451,17.54,12.3,0.7365116279069781,3.9320874845251597,Trigo
Entre Ríos,1983,130000,217000,1669.2307692307693,7.420118182067014,15.982000000000003,10.85,-0.8214883720930182,-8.320069170154653,Trigo
Entre Ríos,1984,150000,300000,2000.0,7.600902459542082,16.152,15.14,-0.65148837209302,27.929415001277302,Trigo
Entre Ríos,1985,117200,170000,1450.5119453924915,7.279671838889486,17.142,12.860000000000001,0.3385116279069784,8.663954882194602,Trigo
Entre Ríos,1986,89800,128000,1425.3897550111358,7.2622005675936006,17.32,15.08,0.5165116279069792,27.42242920866986,Trigo
Entre Ríos,1987,73600,147000,1997.2826086956522,7.599542840026043,17.131999999999998,8.95,0.32851162790697686,-24.37461926939024,Trigo
Entre Ríos,1988,109000,200000,1834.8623853211009,7.51472476330103,16.796,9.219999999999999,-0.007488372093021667,-22.093183202656775,Trigo
Entre Ríos,1989,102650,210000,2045.786653677545,7.623537666234663,16.972,9.43,0.16851162790698027,-20.318732928530725,Trigo
Entre Ríos,1990,115000,210800,1833.0434782608695,7.513732967286094,17.678,11.440000000000001,0.8745116279069798,-3.3347088761814803,Trigo
Entre Ríos,1991,77400,128000,1653.7467700258399,7.410798762306073,16.631999999999998,10.08,-0.17148837209302314,-14.826386841950123,Trigo
Entre Ríos,1992,99400,250300,2518.1086519114688,7.831263363757337,15.592000000000002,13.73,-1.2114883720930187,16.015248875002452,Trigo
Entre Ríos,1993,123200,217200,1762.987012987013,7.474764815942498,16.107999999999997,17.9,-0.695488372093024,51.25076146121952,Trigo
Entre Ríos,1994,142300,267600,1880.5340829234012,7.539311102140403,17.139999999999997,11.75,0.336511627906976,-0.7152822810430504,Trigo
Entre Ríos,1995,134000,235200,1755.2238805970148,7.470351695055697,16.828,12.239999999999998,0.02451162790697836,3.425101691917698,Trigo
Entre Ríos,1996,273700,666400,2434.782608695652,7.797612753788137,16.954,9.44,0.15051162790697958,-20.234235296429482,Trigo
Entre Ríos,1997,268100,583500,2176.4267064528162,7.685439685466834,18.016,11.09,1.2125116279069772,-6.292125999724895,Trigo
Entre Ríos,1998,243100,631100,2596.0510078157135,7.861746726250253,17.116,10.3,0.3125116279069786,-12.967438935722841,Trigo
Entre Ríos,1999,281800,582200,2066.004258339248,7.63337171082908,17.25,5.25,0.44651162790697896,-55.63874314684902,Trigo
Entre Ríos,2000,313400,601860,1920.4211869814933,7.5602998091836655,15.004,20.52,-1.7994883720930215,73.38914107174439,Trigo
Entre Ríos,2001,399350,525400,1315.6379116063604,7.182076930870179,16.724,16.6,-0.07948837209302084,40.26606928805834,Trigo
Entre Ríos,2002,251200,465133,1851.6441082802548,7.523829230584473,16.786,21.11,-0.017488372093019677,78.37450136571753,Trigo
Entre Ríos,2003,233800,655180,2802.3096663815227,7.9381992369866055,16.028,11.28,-0.7754883720930223,-4.686670989801334,Trigo
Entre Ríos,2004,285100,803365,2817.8358470712033,7.943724439190327,17.136,9.059999999999999,0.3325116279069782,-23.445145316276616,Trigo
Entre Ríos,2005,218800,711650,3252.513711151737,8.087183425950945,16.116,14.18,-0.6874883720930214,19.81764231955825,Trigo
Entre Ríos,2006,278970,889230,3187.547048069685,8.067006949536475,17.67,8.469999999999999,0.8665116279069807,-28.430505610249767,Trigo
Entre Ríos,2007,309100,954798,3088.9615011323194,8.035590229627033,15.088,8.86,-1.7154883720930219,-25.1350979583014,Trigo
Entre Ríos,2008,225750,464125,2055.924695459579,7.628480999182287,18.302,8.05,1.4985116279069786,-31.97940615850183,Trigo
Entre Ríos,2009,338100,1477860,4371.0736468500445,8.38276394369187,16.772000000000002,13.379999999999999,-0.031488372093019024,13.057831751459048,Trigo
Entre Ríos,2010,279400,1129757,4043.5110952040086,8.304868676492545,15.644,5.859999999999999,-1.159488372093021,-50.4843875886734,Trigo
Entre Ríos,2011,295300,1081613,3662.7599051811717,8.205972214679498,16.326,11.11,-0.47748837209302053,-6.12313073552242,Trigo
Entre Ríos,2012,215990,586958,2717.5239594425666,7.907476435678693,16.588,17.599999999999998,-0.21548837209302008,48.7158324981823,Trigo
Entre Ríos,2013,280640,830348,2958.7656784492588,7.99252745982531,16.574,12.469999999999999,-0.22948837209301942,5.368547230246223,Trigo
Entre Ríos,2014,313800,830205,2645.6500956022946,7.880672096929153,17.666000000000004,10.989999999999998,0.8625116279069829,-7.1371023207372986,Trigo
Entre Ríos,2015,225750,707051,3132.0088593576966,8.049429885764962,16.75,12.870000000000001,-0.05348837209302104,8.748452514295835,Trigo
Entre Ríos,2016,346060,1121848,3241.7731029301276,8.083875713088299,15.86,16.810000000000002,-0.9434883720930216,42.04051956218437,Trigo
Entre Ríos,2017,413230,1110361,2687.0290153183455,7.896191406963719,17.244000000000003,16.130000000000003,0.4405116279069823,36.29468057930008,Trigo
Entre Ríos,2018,501500,1821420,3631.9441674975074,8.19752336721798,16.536,17.04,-0.2674883720930197,43.983965100512876,Trigo
Entre Ríos,2019,474300,1303940,2749.1882774615224,7.919060975256664,16.698,9.0,-0.10548837209302064,-23.952131108884046,Trigo
Entre Ríos,2020,546375,1420068,2599.0720658888126,7.8629097625713475,17.212,7.08,0.4085116279069787,-40.17567647232211,Trigo
Entre Ríos,2021,559600,1878980,3357.719799857041,8.119017391588075,17.276,9.5,0.47251162790697876,-19.72724950382204,Trigo
Entre Ríos,2022,600490,1942199,3234.356941830838,8.081585405670188,17.353999999999996,4.890000000000001,0.5505116279069746,-58.680657902493664,Trigo
Entre Ríos,2023,653700,2210910,3382.1477742083525,8.126266222829312,18.042,9.52,1.2385116279069806,-19.558254239619565,Trigo
Jujuy,1985,2570,5500,2140.077821011673,7.668597472313434,19.490000000000002,6.75,0.02230000000000132,83.64848319956467,Trigo
Jujuy,1986,2000,2400,1200.0,7.090076835776092,19.766,6.22,0.29829999999999757,69.2286763705618,Trigo
Jujuy,1989,2000,2400,1200.0,7.090076835776092,18.81,4.16,-0.657700000000002,13.1818800163243,Trigo
Jujuy,1990,2000,3400,1700.0,7.438383530044307,19.16,4.23,-0.30770000000000053,15.086382805060538,Trigo
Jujuy,1999,2500,5300,2120.0,7.659171367666058,18.578000000000003,2.45,-0.8896999999999977,-33.34240239423208,Trigo
Jujuy,2004,2000,6000,3000.0,8.006367567650246,19.41,6.79,-0.05770000000000053,84.73677050741392,Trigo
Jujuy,2005,2000,6000,3000.0,8.006367567650246,18.851999999999997,2.66,-0.6157000000000039,-27.6288940280234,Trigo
Jujuy,2009,2470,5960,2412.9554655870447,7.788607609419509,19.65,1.9300000000000002,0.1822999999999979,-47.490137396272615,Trigo
Jujuy,2010,3170,8070,2545.741324921136,7.842177173374806,18.032,1.75,-1.4357000000000006,-52.38743028159434,Trigo
Jujuy,2011,3230,8000,2476.780185758514,7.8147146834274075,19.542,1.69,0.07430000000000092,-54.01986124336826,Trigo
Jujuy,2012,2835,6630,2338.6243386243386,7.757318146000193,20.074,2.4699999999999998,0.606300000000001,-32.79825874030745,Trigo
Jujuy,2015,3435,6980,2032.023289665211,7.6167872700821055,19.625999999999998,3.11,0.158299999999997,-15.385661814719098,Trigo
Jujuy,2016,2715,6788,2500.184162062615,7.8241196729682185,19.018,6.2,-0.4497,68.68453271663716,Trigo
Jujuy,2017,3265,3613,1106.5849923430321,7.009033968419246,20.17,1.7999999999999998,0.702300000000001,-51.02707114678275,Trigo
Jujuy,2018,4580,4580,1000.0,6.907755278982137,18.978,6.59,-0.48969999999999914,79.29533396816757,Trigo
Jujuy,2019,4580,6412,1400.0,7.24422751560335,19.381999999999998,5.199999999999999,-0.08570000000000277,41.47735002040535,Trigo
Jujuy,2020,3770,6032,1600.0,7.3777589082278725,19.997999999999998,4.15,0.5302999999999969,12.909808189361982,Trigo
Jujuy,2021,4207,9674,2299.5008319467556,7.740447348774545,19.753999999999998,1.9,0.2862999999999971,-48.306352877159576,Trigo
Jujuy,2022,3800,6840,1800.0,7.495541943884256,19.228,1.29,-0.23969999999999914,-64.90273432186098,Trigo
Jujuy,2023,2345,4925,2100.2132196162047,7.649794151707947,21.836000000000002,2.17,2.3683000000000014,-40.96041354917699,Trigo
La Pampa,1981,424300,384000,905.020032995522,6.807957079361585,13.122,6.6,0.3094418604651157,-26.634438900809133,Trigo
La Pampa,1982,680000,1100000,1617.6470588235295,7.388727939598446,12.712,6.89,-0.10055813953488446,-23.41080061008711,Trigo
La Pampa,1983,560000,700000,1250.0,7.1308988302963465,12.894,5.75,0.08144186046511592,-36.08303389085644,Trigo
La Pampa,1984,549100,1028000,1872.1544345292295,7.53484515071242,12.345999999999998,10.44,-0.4665581395348859,16.050978465992817,Trigo
La Pampa,1985,416000,560000,1346.1538461538462,7.205006802450069,12.495999999999999,17.25,-0.31655813953488554,91.75089832743069,Trigo
La Pampa,1986,398100,533000,1338.859583019342,7.19957347314171,13.25,5.71,0.4374418604651158,-36.52767365509396,Trigo
La Pampa,1987,420400,700000,1665.080875356803,7.417628975022746,12.812000000000001,10.94,-0.0005581395348830398,21.608975518961813,Trigo
La Pampa,1988,390000,554000,1420.5128205128206,7.2587732266057285,12.466,10.1,-0.3465581395348849,12.271540469973896,Trigo
La Pampa,1989,532950,872000,1636.1760015010789,7.400117091755971,12.772,9.01,-0.040558139534883964,0.15510689450146664,Trigo
La Pampa,1990,610000,858700,1407.704918032787,7.249715939493219,13.560000000000002,7.85,0.7474418604651181,-12.739446268386622,Trigo
La Pampa,1991,467800,917300,1960.8807182556648,7.581148997347668,12.256,11.309999999999999,-0.556558139534884,25.721893338158885,Trigo
La Pampa,1992,376500,502100,1333.5989375830013,7.195636534782849,11.629999999999999,12.36,-1.1825581395348852,37.3936871493938,Trigo
La Pampa,1993,463500,770500,1662.35167206041,7.415988548736398,12.356,7.78,-0.45655813953488433,-13.517565855802282,Trigo
La Pampa,1994,472800,707100,1495.5583756345177,7.310254911500444,13.016,5.56,0.2034418604651158,-38.19507277098467,Trigo
La Pampa,1995,444000,583700,1314.6396396396397,7.181317868759658,12.866000000000003,5.42,0.05344186046511901,-39.751311945815985,Trigo
La Pampa,1996,571550,791493,1384.8184760738343,7.2333243458251575,13.178,8.51,0.3654418604651166,-5.402890158467533,Trigo
La Pampa,1997,552715,1292370,2338.221325637987,7.757145802067431,12.618,8.399999999999999,-0.19455813953488388,-6.625649510120734,Trigo
La Pampa,1998,431550,767600,1778.7046692156182,7.483640664450015,13.571999999999997,5.93,0.7594418604651132,-34.0821549517876,Trigo
La Pampa,1999,385500,805800,2090.272373540856,7.645049658735999,12.268,12.469999999999999,-0.5445581395348835,38.616446501046966,Trigo
La Pampa,2000,405850,884670,2179.7954909449304,7.68698633988941,11.236,10.42,-1.5765581395348836,15.828658583874056,Trigo
La Pampa,2001,406750,785320,1930.719114935464,7.565647810913538,11.906,15.0,-0.9065581395348836,66.73991158907016,Trigo
La Pampa,2002,366750,740830,2019.986366734833,7.610846041231303,12.946000000000002,9.069999999999999,0.1334418604651173,0.8220665408577243,Trigo
La Pampa,2003,240850,268195,1113.5353954743616,7.015295273775829,13.580000000000002,5.859999999999999,0.7674418604651176,-34.86027453920326,Trigo
La Pampa,2004,339900,672490,1978.4936746101794,7.590091063757027,12.904,10.16,0.09144186046511571,12.938500116330175,Trigo
La Pampa,2005,181650,234560,1291.2744288466831,7.163384939013213,13.040000000000001,5.909999999999999,0.22744186046511672,-34.304474833906376,Trigo
La Pampa,2006,88100,111750,1268.44494892168,7.145546979533681,13.888,7.3,1.0754418604651157,-18.85324302665253,Trigo
La Pampa,2007,238200,617920,2594.1225860621325,7.861003621301087,11.898,8.46,-0.9145581395348845,-5.9586898637644214,Trigo
La Pampa,2008,237600,250970,1056.2710437710439,6.962500101569768,14.280000000000001,6.76,1.467441860465117,-24.855879843859054,Trigo
La Pampa,2009,72510,71740,989.3807750655083,6.897079267702773,13.406,5.4,0.5934418604651164,-39.97363182793474,Trigo
La Pampa,2010,105300,208576,1980.7787274453942,7.591245343057303,12.414000000000001,7.6499999999999995,-0.3985581395348827,-14.962645089574234,Trigo
La Pampa,2011,195700,499930,2554.573326520184,7.845640493201383,12.957999999999998,8.11,0.1454418604651142,-9.849287800842744,Trigo
La Pampa,2012,189410,504600,2664.062087534977,7.8876073375204445,12.2,15.61,-0.6125581395348849,73.52066799369233,Trigo
La Pampa,2013,192700,302120,1567.8256357031655,7.357444993007063,13.146,8.329999999999998,0.3334418604651166,-7.403769097536395,Trigo
La Pampa,2014,309500,794665,2567.5767366720515,7.850717829056982,13.225999999999999,12.379999999999999,0.4134418604651149,37.61600703151255,Trigo
La Pampa,2015,253510,547362,2159.133761981776,7.677462384122172,12.41,7.82,-0.40255813953488406,-13.072926091564764,Trigo
La Pampa,2016,343260,971433,2830.020975353959,7.9480394023956675,12.292,12.82,-0.5205581395348844,42.5070444381253,Trigo
La Pampa,2017,290160,641571,2211.0938792390407,7.7012426400370195,12.398,9.55,-0.4145581395348845,6.157743711708008,Trigo
La Pampa,2018,358400,871280,2431.026785714286,7.7960689926487925,13.065999999999999,8.52,0.25344186046511474,-5.291730217408164,Trigo
La Pampa,2019,288800,380970,1319.1481994459834,7.184741503832518,13.478,3.65,0.6654418604651156,-59.426621513326275,Trigo
La Pampa,2020,349000,753140,2157.9942693409744,7.676934490272837,12.486,16.56,-0.32655813953488355,84.08086239433344,Trigo
La Pampa,2021,281540,725488,2576.855864175606,7.8543252774527454,12.819999999999999,8.02,0.007441860465114303,-10.849727270377162,Trigo
La Pampa,2022,205100,436220,2126.8649439297906,7.662404317147509,13.581999999999999,8.48,0.7694418604651148,-5.736369981645673,Trigo
La Pampa,2023,267600,563170,2104.5216741405084,7.651843487107702,13.190000000000001,6.71,0.3774418604651171,-25.411679549155952,Trigo
Salta,1981,2400,4000,1666.6666666666667,7.418580902748128,12.446,4.16,-0.565904761904763,13.668596708086644,Trigo
Salta,1982,3200,7500,2343.75,7.759507489718721,14.170000000000002,3.98,1.158095238095239,8.75024396590982,Trigo
Salta,1983,5800,11700,2017.2413793103449,7.609486203233474,12.248000000000001,3.4000000000000004,-0.7639047619047616,-7.097781536659942,Trigo
Salta,1984,7240,15000,2071.8232044198894,7.636184273686722,13.443999999999999,3.4399999999999995,0.4320952380952363,-6.004814260620672,Trigo
Salta,1985,13600,23000,1691.1764705882354,7.43317970216928,12.945999999999998,11.14,-0.0659047619047648,204.3913863769436,Trigo
Salta,1986,3400,5900,1735.2941176470588,7.458932198271695,13.475999999999999,4.529999999999999,0.46409523809523634,23.778544011450098,Trigo
Salta,1988,5000,7700,1540.0,7.3395376954076745,12.626000000000001,2.37,-0.38590476190476153,-35.24168889467178,Trigo
Salta,1989,7000,13000,1857.142857142857,7.5267944873883605,12.626,3.3200000000000003,-0.3859047619047633,-9.283716088738537,Trigo
Salta,1990,13400,21900,1634.3283582089553,7.398987208847727,12.794,4.18,-0.21790476190476227,14.21508034610628,Trigo
Salta,1991,6250,13400,2144.0,7.670428522190693,13.098000000000003,3.91,0.08609523809523978,6.837551232841066,Trigo
Salta,1992,19100,18700,979.0575916230366,6.886590467790094,11.518,3.9699999999999998,-1.493904761904762,8.477002146899991,Trigo
Salta,1993,6500,6500,1000.0,6.907755278982137,12.379999999999999,4.29,-0.6319047619047637,17.220740355214346,Trigo
Salta,1994,6000,6300,1050.0,6.956545443151569,13.4,4.96,0.3880952380952376,35.52794222887255,Trigo
Salta,1995,13000,18200,1400.0,7.24422751560335,12.714,2.92,-0.29790476190476234,-20.213388849131487,Trigo
Salta,1996,22900,45800,2000.0,7.600902459542082,12.405999999999999,5.109999999999999,-0.6059047619047639,39.626569514019884,Trigo
Salta,1997,22100,42700,1932.1266968325792,7.566376590693009,14.278,2.16,1.2660952380952377,-40.97976709387808,Trigo
Salta,1998,11400,29000,2543.8596491228072,7.841437753568162,12.314000000000002,7.17,-0.6979047619047609,95.91438423004357,Trigo
Salta,1999,35000,87500,2500.0,7.824046010856292,12.204,2.47,-0.8079047619047621,-32.509270704573545,Trigo
Salta,2000,53400,65000,1217.2284644194756,7.104331802911625,12.258,3.05,-0.7539047619047636,-16.661245202003784,Trigo
Salta,2001,90000,126280,1403.111111111111,7.246447272341663,13.272,3.18,0.2600952380952375,-13.109101554876068,Trigo
Salta,2002,105000,105400,1003.8095238095239,6.911557564931876,13.638,4.58,0.6260952380952371,25.14475310649924,Trigo
Salta,2003,85000,109250,1285.2941176470588,7.15874285646752,12.79,5.57,-0.2219047619047636,52.19569318847179,Trigo
Salta,2004,118500,139450,1176.7932489451478,7.070548432480449,13.228,4.4,0.216095238095237,20.226400364322416,Trigo
Salta,2005,70000,56150,802.1428571428571,6.68728671811723,12.252,3.1100000000000003,-0.7599047619047621,-15.021794287944823,Trigo
Salta,2006,125000,191660,1533.28,7.335164510595452,13.819999999999999,2.73,0.8080952380952358,-25.40498341031814,Trigo
Salta,2007,130000,182480,1403.6923076923076,7.2468614065026875,12.366000000000001,2.8499999999999996,-0.6459047619047613,-22.126081582200264,Trigo
Salta,2008,162450,225820,1390.0892582333026,7.237123238619404,12.866,2.05,-0.1459047619047631,-43.98542710298615,Trigo
Salta,2009,145335,156220,1074.8959300925449,6.979979126659211,13.276,2.02,0.26409523809523705,-44.805152560015614,Trigo
Salta,2010,189280,241200,1274.3026204564667,7.150154343605091,11.578,1.7599999999999998,-1.4339047619047633,-51.909439854271035,Trigo
Salta,2011,190001,248280,1306.7299645791338,7.175283085223058,12.929999999999998,1.81,-0.08190476190476481,-50.54323075922191,Trigo
Salta,2012,156564,139750,892.6062185432155,6.794145518945734,13.528,3.0,0.5160952380952377,-18.02745429705289,Trigo
Salta,2013,12910,28400,2199.8450813323007,7.6961422192907465,12.634,2.66,-0.3779047619047624,-27.317676143386894,Trigo
Salta,2014,10830,17880,1650.9695290858726,7.409117987714606,13.945999999999998,3.8600000000000003,0.9340952380952352,5.471342137791946,Trigo
Salta,2015,80542,131110,1627.8463410394577,7.395013156997033,13.302000000000001,2.99,0.29009523809523863,-18.30069611606272,Trigo
Salta,2016,50000,89181,1783.62,7.4864002859669725,12.841999999999999,5.3,-0.169904761904764,44.81816407520653,Trigo
Salta,2017,108720,123566,1136.5526122148638,7.035754935414998,13.570000000000002,2.18,0.5580952380952393,-40.43328345585844,Trigo
Salta,2018,76018,78103,1027.4277144886737,6.934813593033047,13.278,5.0,0.2660952380952377,36.620909504911836,Trigo
Salta,2019,87028,129701,1490.3364434434895,7.306757174419088,13.252,7.11,0.24009523809523792,94.27493331598464,Trigo
Salta,2020,76155,89512,1175.3922920359792,7.06935723642009,13.547999999999998,2.2800000000000002,0.5360952380952355,-37.7008652657602,Trigo
Salta,2021,86686,95629,1103.165447707819,7.005939005926805,13.27,1.57,0.2580952380952368,-57.10103441545768,Trigo
Salta,2022,59710,69973,1171.8807569921287,7.066365221779992,12.668000000000001,1.42,-0.3439047619047617,-61.19966170060505,Trigo
Salta,2023,49648,52393,1055.28923622301,6.961570165893207,15.3,1.75,2.288095238095238,-52.18268167328086,Trigo
San Luis,1981,2000,1600,800.0,6.684611727667927,14.136,6.79,-0.15105555555555483,12.952266531121492,Trigo
San Luis,1982,5000,6200,1240.0,7.122866658599083,14.674000000000001,5.42,0.3869444444444472,-9.837807864701265,Trigo
San Luis,1983,5000,7000,1400.0,7.24422751560335,13.892000000000001,5.57,-0.39505555555555283,-7.342544244720662,Trigo
San Luis,1984,8700,15000,1724.1379310344828,7.4524824544238095,13.968,7.48,-0.3190555555555541,24.430479183032205,Trigo
San Luis,1985,9460,16400,1733.615221987315,7.457964230748503,14.331999999999999,10.010000000000002,0.0449444444444449,66.5172589067049,Trigo
San Luis,1986,3000,2400,800.0,6.684611727667927,15.254,3.5599999999999996,0.9669444444444455,-40.77907675246062,Trigo
San Luis,1988,2800,3000,1071.4285714285713,6.9767481504690885,14.202000000000002,6.01,-0.08505555555555233,-0.02310429277759818,Trigo
San Luis,1989,6000,5200,866.6666666666666,6.7646544353414635,14.228,4.46,-0.05905555555555431,-25.807495032577055,Trigo
San Luis,1990,6200,5000,806.4516129032259,6.6926438993651916,14.604,6.99,0.31694444444444514,16.279284691095608,Trigo
San Luis,1991,7000,11600,1657.142857142857,7.412850228039143,13.485999999999999,6.77,-0.8010555555555552,12.619564715124065,Trigo
San Luis,1996,2300,2300,1000.0,6.907755278982137,14.55,3.7800000000000002,0.26294444444444665,-37.11935677648906,Trigo
San Luis,1999,3800,5300,1394.7368421052631,7.240461032807873,13.803999999999998,9.08,-0.48305555555555557,51.04662446282519,Trigo
San Luis,2000,4000,5600,1400.0,7.24422751560335,12.894,4.96,-1.393055555555554,-17.489949632641743,Trigo
San Luis,2001,5200,7300,1403.8461538461538,7.246971001549101,13.75,8.200000000000001,-0.5370555555555541,36.40774455893907,Trigo
San Luis,2002,5500,5500,1000.0,6.907755278982137,14.87,5.05,0.5829444444444452,-15.992791460653388,Trigo
San Luis,2003,2000,1000,500.0,6.214608098422191,15.052000000000001,2.93,0.7649444444444473,-51.2591839563791,Trigo
San Luis,2004,5000,10000,2000.0,7.600902459542082,14.209999999999999,4.99,-0.07705555555555499,-16.990896908645624,Trigo
San Luis,2005,4800,7680,1600.0,7.3777589082278725,14.157999999999998,4.92,-0.12905555555555637,-18.155353264636574,Trigo
San Luis,2006,2280,5640,2473.684210526316,7.813463901525755,15.374,8.3,1.0869444444444465,38.071253638926116,Trigo
San Luis,2007,3950,8470,2144.3037974683543,7.67057020873307,12.559999999999999,4.02,-1.7270555555555553,-33.126934984520126,Trigo
San Luis,2008,7300,17330,2373.972602739726,7.772320034555307,14.642000000000001,10.75,0.35494444444444717,78.82722609860913,Trigo
San Luis,2009,2600,6180,2376.923076923077,7.7735621054243005,14.59,2.33,0.3029444444444458,-61.24023843630147,Trigo
San Luis,2010,5300,14550,2745.2830188679245,7.917639452041563,12.937999999999999,7.090000000000001,-1.3490555555555552,17.942793771082677,Trigo
San Luis,2011,4350,13590,3124.137931034483,8.046913662044597,14.184000000000001,5.48,-0.10305555555555301,-8.839702416709017,Trigo
San Luis,2012,2790,7740,2774.1935483870966,7.928115370750499,13.663999999999998,11.32,-0.6230555555555561,88.3092278545354,Trigo
San Luis,2013,3980,10940,2748.743718592965,7.918899256679626,13.943999999999999,5.58,-0.343055555555555,-7.176193336721958,Trigo
San Luis,2014,8150,16660,2044.1717791411043,7.6227479884680625,15.212,5.0,0.9249444444444457,-16.824546000646922,Trigo
San Luis,2015,13890,38130,2745.1403887688984,7.917587496085357,13.118,10.02,-1.1690555555555537,66.68360981470356,Trigo
San Luis,2016,21760,56160,2580.8823529411766,7.855886616711951,14.016,7.0600000000000005,-0.27105555555555405,17.443741047086547,Trigo
San Luis,2017,28390,72273,2545.720324057767,7.842168923931005,13.969999999999999,4.55,-0.3170555555555552,-24.3103368605887,Trigo
San Luis,2018,13850,23690,1710.4693140794225,7.444523064519483,14.362,6.16,0.07494444444444603,2.472159327202994,Trigo
San Luis,2019,15450,37150,2404.5307443365696,7.785110046802151,14.878,3.98,0.590944444444446,-33.79233861651495,Trigo
San Luis,2020,7875,17440,2214.6031746031745,7.702828512751274,15.27,4.15,0.9829444444444455,-30.964373180536942,Trigo
San Luis,2021,14900,43020,2887.248322147651,7.968059189870307,14.75,6.42,0.46294444444444594,6.7972829351693465,Trigo
San Luis,2022,6900,14250,2065.217391304348,7.632990774093583,15.23,3.9000000000000004,0.9429444444444464,-35.123145880504595,Trigo
San Luis,2023,8000,22585,2823.125,7.945599706408869,15.568000000000001,3.33,1.2809444444444473,-44.60514763643085,Trigo
Santa Fe,1981,1012000,1900000,1877.4703557312253,7.537680594289258,16.804000000000002,9.46,0.0005116279069810048,-20.065240032226995,Trigo
Santa Fe,1982,1112000,2390000,2149.2805755395684,7.672888449097166,17.54,12.3,0.7365116279069781,3.9320874845251597,Trigo
Santa Fe,1983,1025000,2060000,2009.7560975609756,7.605768649193255,15.982000000000003,10.85,-0.8214883720930182,-8.320069170154653,Trigo
Santa Fe,1984,840000,2050000,2440.4761904761904,7.799948459277232,16.152,15.14,-0.65148837209302,27.929415001277302,Trigo
Santa Fe,1985,841000,1410000,1676.5755053507728,7.424508602381403,17.142,12.860000000000001,0.3385116279069784,8.663954882194602,Trigo
Santa Fe,1986,732000,1330000,1816.9398907103825,7.504908986236625,17.32,15.08,0.5165116279069792,27.42242920866986,Trigo
Santa Fe,1987,804200,1810000,2250.683909475255,7.718989408778834,17.131999999999998,8.95,0.32851162790697686,-24.37461926939024,Trigo
Santa Fe,1988,830000,1650000,1987.9518072289156,7.59486014508612,16.796,9.219999999999999,-0.007488372093021667,-22.093183202656775,Trigo
Santa Fe,1989,805700,1430000,1774.8541640809235,7.48147353745294,16.972,9.43,0.16851162790698027,-20.318732928530725,Trigo
Santa Fe,1990,891400,1936300,2172.2010320843615,7.683496232979034,17.678,11.440000000000001,0.8745116279069798,-3.3347088761814803,Trigo
Santa Fe,1991,653700,1545400,2364.0813828973537,7.768144803862937,16.631999999999998,10.08,-0.17148837209302314,-14.826386841950123,Trigo
Santa Fe,1992,711000,1909400,2685.5133614627284,7.895627184742829,15.592000000000002,13.73,-1.2114883720930187,16.015248875002452,Trigo
Santa Fe,1993,862850,1723900,1997.9138900156458,7.5998588601894825,16.107999999999997,17.9,-0.695488372093024,51.25076146121952,Trigo
Santa Fe,1994,860700,1832000,2128.5000580922506,7.663172812560784,17.139999999999997,11.75,0.336511627906976,-0.7152822810430504,Trigo
Santa Fe,1995,753900,1435100,1903.5681124817615,7.551485357941367,16.828,12.239999999999998,0.02451162790697836,3.425101691917698,Trigo
Santa Fe,1996,1078750,2388700,2214.322132097335,7.702701600470413,16.954,9.44,0.15051162790697958,-20.234235296429482,Trigo
Santa Fe,1997,777900,1509200,1940.0951279084716,7.570492285859564,18.016,11.09,1.2125116279069772,-6.292125999724895,Trigo
Santa Fe,1998,750300,1927400,2568.839131014261,7.851209375847641,17.116,10.3,0.3125116279069786,-12.967438935722841,Trigo
Santa Fe,1999,925300,2754000,2976.3320004322923,7.998446949015753,17.25,5.25,0.44651162790697896,-55.63874314684902,Trigo
Santa Fe,2000,1002300,2233850,2228.723934949616,7.709184474190115,15.004,20.52,-1.7994883720930215,73.38914107174439,Trigo
Santa Fe,2001,1093500,2138330,1955.4915409236396,7.578396868399273,16.724,16.6,-0.07948837209302084,40.26606928805834,Trigo
Santa Fe,2002,793500,1651300,2081.0333963453054,7.640619874484615,16.786,21.11,-0.017488372093019677,78.37450136571753,Trigo
Santa Fe,2003,680200,1897970,2790.3116730373417,7.933908579342301,16.028,11.28,-0.7754883720930223,-4.686670989801334,Trigo
Santa Fe,2004,648365,1752580,2703.076199363013,7.90214573654244,17.136,9.059999999999999,0.3325116279069782,-23.445145316276616,Trigo
Santa Fe,2005,577380,1847240,3199.3487824309814,8.070702562587448,16.116,14.18,-0.6874883720930214,19.81764231955825,Trigo
Santa Fe,2006,690700,1995600,2889.242797162299,7.968749738874092,17.67,8.469999999999999,0.8665116279069807,-28.430505610249767,Trigo
Santa Fe,2007,753920,2653620,3519.7633701188456,8.166149041934426,15.088,8.86,-1.7154883720930219,-25.1350979583014,Trigo
Santa Fe,2008,321780,519850,1615.5447821492946,7.387427505183227,18.302,8.05,1.4985116279069786,-31.97940615850183,Trigo
Santa Fe,2009,312620,993980,3179.5150662145734,8.064483969244616,16.772000000000002,13.379999999999999,-0.031488372093019024,13.057831751459048,Trigo
Santa Fe,2010,438780,1826500,4162.678335384475,8.33391397670656,15.644,5.859999999999999,-1.159488372093021,-50.4843875886734,Trigo
Santa Fe,2011,430900,1533870,3559.6890229751684,8.177428466933709,16.326,11.11,-0.47748837209302053,-6.12313073552242,Trigo
Santa Fe,2012,488864,1369100,2800.574392878183,7.937579815438535,16.588,17.599999999999998,-0.21548837209302008,48.7158324981823,Trigo
Santa Fe,2013,625850,1332640,2129.3281137652793,7.663561769395135,16.574,12.469999999999999,-0.22948837209301942,5.368547230246223,Trigo
Santa Fe,2014,907200,2519010,2776.686507936508,7.929013592182677,17.666000000000004,10.989999999999998,0.8625116279069829,-7.1371023207372986,Trigo
Santa Fe,2015,597990,1872210,3130.8383083329154,8.049056077812422,16.75,12.870000000000001,-0.05348837209302104,8.748452514295835,Trigo
Santa Fe,2016,845060,2911327,3445.1127730575345,8.144711918197178,15.86,16.810000000000002,-0.9434883720930216,42.04051956218437,Trigo
Santa Fe,2017,964175,3266141,3387.498120154536,8.127846910251872,17.244000000000003,16.130000000000003,0.4405116279069823,36.29468057930008,Trigo
Santa Fe,2018,1091424,3304693,3027.872760723605,8.015615592777344,16.536,17.04,-0.2674883720930197,43.983965100512876,Trigo
Santa Fe,2019,1291399,4186876,3242.124238906798,8.083984023247607,16.698,9.0,-0.10548837209302064,-23.952131108884046,Trigo
Santa Fe,2020,1260400,2658120,2108.949539828626,7.6539452540799875,17.212,7.08,0.4085116279069787,-40.17567647232211,Trigo
Santa Fe,2021,1287269,5030544,3907.9197898807474,8.270760488356531,17.276,9.5,0.47251162790697876,-19.72724950382204,Trigo
Santa Fe,2022,857575,1954134,2278.674168440078,7.731349047738698,17.353999999999996,4.890000000000001,0.5505116279069746,-58.680657902493664,Trigo
Santa Fe,2023,1001157,2781780,2778.5652000635264,7.929689958366385,18.042,9.52,1.2385116279069806,-19.558254239619565,Trigo
Santiago del Estero,1981,12000,18390,1532.5,7.334655667810367,20.113999999999997,5.199999999999999,0.05753488372092619,9.32381557717692,Trigo
Santiago del Estero,1982,12800,18500,1445.3125,7.276080840140844,20.791999999999998,6.37,0.735534883720927,33.92167408204176,Trigo
Santiago del Estero,1983,12700,18000,1417.3228346456692,7.256525043413756,19.034,5.88,-1.022465116279072,23.620006844961615,Trigo
Santiago del Estero,1984,10610,17000,1602.2620169651273,7.379171670412461,20.27,3.87,0.21353488372092855,-18.637852637754847,Trigo
Santiago del Estero,1985,15500,25500,1645.1612903225807,7.405593707221317,20.654,6.390000000000001,0.5975348837209289,34.342150295800145,Trigo
Santiago del Estero,1986,4000,4800,1200.0,7.090076835776092,21.168,5.199999999999999,1.1115348837209282,9.32381557717692,Trigo
Santiago del Estero,1987,11140,17000,1526.032315978456,7.330426388539215,20.412,4.65,0.355534883720928,-2.2392803011783036,Trigo
Santiago del Estero,1988,2500,3000,1200.0,7.090076835776092,20.266,1.67,0.2095348837209272,-64.89023615117586,Trigo
Santiago del Estero,1989,7000,12000,1714.2857142857142,7.446751779714824,19.604,4.6,-0.4524651162790718,-3.290470835574255,Trigo
Santiago del Estero,1990,10500,14300,1361.904761904762,7.216639559084521,20.312,3.29,0.25553488372093014,-30.831662836747665,Trigo
Santiago del Estero,1991,3500,6500,1857.142857142857,7.5267944873883605,19.918,3.41,-0.13846511627907176,-28.308805554197424,Trigo
Santiago del Estero,1992,5300,11200,2113.2075471698113,7.6559622367251094,18.56,4.8,-1.4964651162790723,0.9142913020094845,Trigo
Santiago del Estero,1993,5600,6800,1214.2857142857142,7.101911293423094,19.503999999999998,3.1799999999999997,-0.5524651162790732,-33.14428201241873,Trigo
Santiago del Estero,1994,19300,26340,1364.7668393782383,7.218738879386432,20.724,4.890000000000001,0.6675348837209292,2.806434263922175,Trigo
Santiago del Estero,1995,9600,7200,750.0,6.620073206530356,20.395999999999997,1.87,0.3395348837209262,-60.68547401359214,Trigo
Santiago del Estero,1996,35100,52700,1501.4245014245014,7.314169604057634,19.394,7.39,-0.6624651162790727,55.36596098371875,Trigo
Santiago del Estero,1997,14300,17800,1244.7552447552448,7.126694199014315,21.928,3.6399999999999997,1.8715348837209298,-23.473329095976148,Trigo
Santiago del Estero,1998,42600,95800,2248.826291079812,7.718163710683627,20.302,3.8699999999999997,0.24553488372092858,-18.63785263775486,Trigo
Santiago del Estero,1999,66000,151000,2287.878787878788,7.735380373770636,19.3,6.1899999999999995,-0.7564651162790703,30.137388158216382,Trigo
Santiago del Estero,2000,82600,132000,1598.0629539951574,7.376547521041576,18.98,7.35,-1.0764651162790706,54.52500855620202,Trigo
Santiago del Estero,2001,164100,300000,1828.1535648994516,7.5110617555422925,19.816,10.29,-0.24046511627907208,116.33501197868283,Trigo
Santiago del Estero,2002,165000,280500,1700.0,7.438383530044307,20.236,8.33,0.17953488372092963,75.12834303036229,Trigo
Santiago del Estero,2003,183700,282350,1537.0168753402286,7.3375987228799024,20.288,2.29,0.23153488372092923,-51.85547352466631,Trigo
Santiago del Estero,2004,89900,74230,825.6952169076752,6.716225718634018,21.006,3.03,0.9495348837209292,-36.29785361560651,Trigo
Santiago del Estero,2005,116700,175260,1501.7994858611826,7.314419325317331,18.863999999999997,5.16,-1.1924651162790738,8.482863149660202,Trigo
Santiago del Estero,2006,171500,203870,1188.7463556851312,7.08065454818519,21.266,2.79,1.2095348837209272,-41.34356818070699,Trigo
Santiago del Estero,2007,54080,63930,1182.137573964497,7.0750795820260635,18.738,3.36,-1.3184651162790715,-29.359996088593366,Trigo
Santiago del Estero,2008,44340,46910,1057.9612088407757,6.964098947134338,20.65,2.6,0.5935348837209276,-45.33809221141153,Trigo
Santiago del Estero,2009,41880,53170,1269.5797516714422,7.146441220496048,20.32,4.6899999999999995,0.26353488372092926,-1.3983278736615756,Trigo
Santiago del Estero,2010,345000,807300,2340.0,7.757906208351747,18.456,4.550000000000001,-1.6004651162790715,-4.341661369970162,Trigo
Santiago del Estero,2011,363000,683450,1882.7823691460055,7.540505945315949,19.698,4.17,-0.35846511627907063,-12.330709431379262,Trigo
Santiago del Estero,2012,172395,236900,1374.1697845065112,7.225605034658045,20.131999999999998,4.94,0.07553488372092687,3.8576247983181045,Trigo
Santiago del Estero,2013,17880,12700,710.2908277404922,6.565674502701315,19.35,6.86,-0.7064651162790696,44.223341319121886,Trigo
Santiago del Estero,2014,85400,113080,1324.1217798594848,7.188504711013002,21.291999999999998,5.68,1.235534883720927,19.415244707377877,Trigo
Santiago del Estero,2015,219050,439420,2006.0260214562886,7.603910940250453,19.708000000000002,6.68,-0.34846511627906906,40.43905539529653,Trigo
Santiago del Estero,2016,216940,545022,2512.316769613718,7.828960622191063,19.253999999999998,6.6,-0.8024651162790732,38.75715054026303,Trigo
Santiago del Estero,2017,533860,1115157,2088.856629078785,7.644372127836455,20.726,2.39,0.6695348837209281,-49.75309245587444,Trigo
Santiago del Estero,2018,327932,709340,2163.070392642377,7.67928396940982,19.546,9.23,-0.5104651162790717,94.04977264948909,Trigo
Santiago del Estero,2019,500300,1380730,2759.8041175294825,7.922914984282963,19.822,3.3899999999999997,-0.23446511627907185,-28.729281767955804,Trigo
Santiago del Estero,2020,315374,468401,1485.223892901761,7.303320809503017,20.272,2.57,0.21553488372092744,-45.968806532049086,Trigo
Santiago del Estero,2021,461180,694135,1505.128149529468,7.316633322747005,20.084,3.25,0.027534883720928605,-31.672615264264415,Trigo
Santiago del Estero,2022,187450,253363,1351.6297679381169,7.2090663788193545,19.742,4.779999999999999,-0.31446511627907014,0.4938150882511039,Trigo
Santiago del Estero,2023,334860,474562,1417.1952457743535,7.256435018324636,21.53,3.19,1.47353488372093,-32.93404390553953,Trigo
Tucumán,1981,18000,17000,944.4444444444445,6.8505968651421885,20.881999999999998,7.5600000000000005,0.03451162790697282,25.87802516940951,Trigo
Tucumán,1982,19000,30250,1592.1052631578948,7.372812484292547,21.678,8.120000000000001,0.8305116279069757,35.20232333010651,Trigo
Tucumán,1983,20700,33000,1594.2028985507247,7.374129140177294,19.772,7.42,-1.0754883720930266,23.54695062923524,Trigo
Tucumán,1984,34000,56000,1647.0588235294117,7.406746445101125,21.254,3.51,0.40651162790697626,-41.55663117134559,Trigo
Tucumán,1985,62800,96000,1528.6624203821657,7.33214839697582,21.156000000000002,9.21,0.3085116279069773,53.351403678606026,Trigo
Tucumán,1986,32080,48400,1508.7281795511221,7.319022309706409,21.462,9.61,0.6145116279069747,60.01161665053243,Trigo
Tucumán,1987,16000,14000,875.0,6.774223886357614,21.464,5.3100000000000005,0.6165116279069736,-11.585672797676661,Trigo
Tucumán,1988,36000,40000,1111.111111111111,7.013115794639964,20.98,1.78,0.13251162790697535,-70.36205227492741,Trigo
Tucumán,1989,26500,23000,867.9245283018868,6.76610476191911,20.826,4.25,-0.021488372093024566,-29.235237173281703,Trigo
Tucumán,1990,33000,49500,1500.0,7.313220387090301,20.830000000000002,6.88,-0.01748837209302323,14.555663117134564,Trigo
Tucumán,1991,24000,43200,1800.0,7.495541943884256,20.856,4.43,0.008511627906976571,-26.23814133591481,Trigo
Tucumán,1992,31500,61700,1958.7301587301588,7.580051664061892,19.146,9.58,-1.7014883720930243,59.51210067763797,Trigo
Tucumán,1993,19200,21900,1140.625,7.039331636770856,20.378000000000004,5.23,-0.4694883720930214,-12.917715392061947,Trigo
Tucumán,1994,21100,14600,691.9431279620853,6.539503767214407,21.584000000000003,4.96,0.7365116279069781,-17.413359148112285,Trigo
Tucumán,1995,19100,18300,958.1151832460733,6.864968003776928,21.2,3.14,0.3525116279069742,-47.717328170377534,Trigo
Tucumán,1996,51600,46400,899.2248062015503,6.801533065726829,20.448,7.85,-0.3994883720930247,30.70667957405615,Trigo
Tucumán,1997,34800,44700,1284.4827586206898,7.1581113938212315,22.698,6.04,1.8505116279069753,0.5692158760890687,Trigo
Tucumán,1998,34800,68000,1954.0229885057472,7.577645597377815,20.29,7.94,-0.5574883720930259,32.20522749273962,Trigo
Tucumán,1999,55000,108000,1963.6363636363637,7.582553320873886,20.124000000000002,7.319999999999999,-0.7234883720930227,21.881897386253634,Trigo
Tucumán,2000,57000,70000,1228.0701754385964,7.113199253196946,19.89,8.26,-0.9574883720930245,37.53339787028074,Trigo
Tucumán,2001,89500,200000,2234.63687150838,7.7118340202493645,20.574,8.36,-0.27348837209302346,39.198451113262344,Trigo
Tucumán,2002,100000,160000,1600.0,7.3777589082278725,21.446,7.24,0.5985116279069764,20.54985479186835,Trigo
Tucumán,2003,97000,87300,900.0,6.802394763324311,21.31,3.6399999999999997,0.46251162790697364,-39.3920619554695,Trigo
Tucumán,2004,168500,252750,1500.0,7.313220387090301,21.338,4.39,0.4905116279069759,-26.904162633107454,Trigo
Tucumán,2005,184590,259350,1405.0056882821389,7.247796630359038,19.747999999999998,5.79,-1.0994883720930275,-3.593417231364948,Trigo
Tucumán,2006,216560,298060,1376.3391207979314,7.227182442196738,21.830000000000002,5.91,0.9825116279069768,-1.59535333978702,Trigo
Tucumán,2007,188530,185220,982.443112501989,6.890042441305768,19.482,5.18,-1.3654883720930258,-13.75024201355276,Trigo
Tucumán,2008,129380,120240,929.3553872314113,6.834491213811017,21.302,5.45,0.4545116279069745,-9.254598257502412,Trigo
Tucumán,2009,161200,132820,823.9454094292804,6.714104277022177,21.375999999999998,3.93,0.5285116279069726,-34.56340755082283,Trigo
Tucumán,2010,168100,247710,1473.5871505056514,7.295454945665014,19.268,5.19,-1.5794883720930244,-13.58373668925459,Trigo
Tucumán,2011,141087,182940,1296.646749877735,7.167536787834952,20.642,3.47,-0.20548837209302562,-42.222652468538236,Trigo
Tucumán,2012,79220,77710,980.9391567785913,6.8885104360095175,20.954,4.88,0.10651162790697555,-18.74540174249758,Trigo
Tucumán,2013,5510,3250,589.8366606170599,6.37984565215896,20.060000000000002,5.130000000000001,-0.7874883720930228,-14.582768635043541,Trigo
Tucumán,2014,33490,53430,1595.4016124216184,7.3748807781457035,22.11,4.74,1.2625116279069744,-21.07647628267182,Trigo
Tucumán,2015,129270,150070,1160.9035352363271,7.056953890594179,20.406,7.68,-0.44148837209302627,27.876089060987418,Trigo
Tucumán,2016,96680,115620,1195.9040132395533,7.0866576748011845,20.247999999999998,15.34,-0.5994883720930275,155.4191674733785,Trigo
Tucumán,2017,141750,147576,1041.100529100529,6.948033633693554,21.06,4.86,0.21251162790697364,-19.07841239109389,Trigo
Tucumán,2018,61880,58312,942.3400129282483,6.848366157357184,20.529999999999998,7.46,-0.3174883720930275,24.212971926427883,Trigo
Tucumán,2019,94610,99045,1046.8766515167529,6.953566392580428,20.562,4.63,-0.2854883720930239,-22.908034849951598,Trigo
Tucumán,2020,70260,60839,865.9123256475947,6.763783662845569,20.792,3.2800000000000002,-0.055488372093023486,-45.386253630203285,Trigo
Tucumán,2021,68979,52295,758.1292857246408,6.630853932740395,21.254,5.36,0.40651162790697626,-10.753146176185858,Trigo
Tucumán,2022,69045,51445,745.0937794192193,6.613510088872596,20.766000000000002,4.34,-0.08148837209302329,-27.736689254598257,Trigo
Tucumán,2023,83200,102160,1227.8846153846155,7.113048142879258,22.465999999999998,3.6,1.6185116279069724,-40.05808325266214,Trigo
