jurisdiccion,año,mes,temperatura_c,precipitacion_mm,viento_ms,latitud,longitud
CABA,1981,1,23.6,6.13,4.52,-34.6037,-58.3816
CABA,1981,2,23.46,3.79,4.67,-34.6037,-58.3816
CABA,1981,3,21.29,2.71,4.28,-34.6037,-58.3816
CABA,1981,4,18.75,1.42,3.85,-34.6037,-58.3816
CABA,1981,5,16.99,7.71,4.3,-34.6037,-58.3816
CABA,1981,6,11.12,1.46,4.82,-34.6037,-58.3816
CABA,1981,7,11.14,1.91,4.47,-34.6037,-58.3816
CABA,1981,8,12.76,1.65,4.41,-34.6037,-58.3816
CABA,1981,9,13.49,2.73,5.06,-34.6037,-58.3816
CABA,1981,10,16.1,1.87,4.35,-34.6037,-58.3816
CABA,1981,11,19.04,3.64,4.63,-34.6037,-58.3816
CABA,1981,12,22.02,3.37,4.0,-34.6037,-58.3816
CABA,1982,1,23.72,1.9,4.33,-34.6037,-58.3816
CABA,1982,2,22.58,6.0,4.77,-34.6037,-58.3816
CABA,1982,3,22.77,2.8,4.36,-34.6037,-58.3816
CABA,1982,4,19.67,1.86,4.45,-34.6037,-58.3816
CABA,1982,5,16.49,2.97,4.65,-34.6037,-58.3816
CABA,1982,6,11.72,4.12,4.74,-34.6037,-58.3816
CABA,1982,7,11.33,2.48,4.77,-34.6037,-58.3816
CABA,1982,8,12.35,0.89,4.21,-34.6037,-58.3816
CABA,1982,9,14.22,6.94,5.08,-34.6037,-58.3816
CABA,1982,10,16.26,3.54,4.43,-34.6037,-58.3816
CABA,1982,11,18.88,1.25,4.63,-34.6037,-58.3816
CABA,1982,12,23.42,2.04,4.02,-34.6037,-58.3816
CABA,1983,1,24.96,2.41,4.31,-34.6037,-58.3816
CABA,1983,2,23.42,2.61,4.73,-34.6037,-58.3816
CABA,1983,3,21.76,1.24,4.73,-34.6037,-58.3816
CABA,1983,4,18.72,2.18,4.1,-34.6037,-58.3816
CABA,1983,5,15.18,1.7,4.68,-34.6037,-58.3816
CABA,1983,6,10.06,1.36,4.54,-34.6037,-58.3816
CABA,1983,7,9.89,0.44,4.15,-34.6037,-58.3816
CABA,1983,8,11.46,3.34,4.39,-34.6037,-58.3816
CABA,1983,9,13.22,3.14,4.37,-34.6037,-58.3816
CABA,1983,10,15.59,4.29,3.86,-34.6037,-58.3816
CABA,1983,11,19.11,2.79,4.64,-34.6037,-58.3816
CABA,1983,12,23.17,3.76,4.72,-34.6037,-58.3816
CABA,1984,1,24.52,6.18,4.1,-34.6037,-58.3816
CABA,1984,2,24.24,9.75,4.32,-34.6037,-58.3816
CABA,1984,3,21.88,3.64,4.63,-34.6037,-58.3816
CABA,1984,4,17.31,2.16,5.55,-34.6037,-58.3816
CABA,1984,5,13.89,2.65,5.36,-34.6037,-58.3816
CABA,1984,6,10.35,2.52,5.38,-34.6037,-58.3816
CABA,1984,7,10.06,1.83,4.78,-34.6037,-58.3816
CABA,1984,8,10.75,0.5,4.5,-34.6037,-58.3816
CABA,1984,9,12.96,2.3,4.35,-34.6037,-58.3816
CABA,1984,10,16.83,7.8,3.87,-34.6037,-58.3816
CABA,1984,11,18.17,2.49,3.65,-34.6037,-58.3816
CABA,1984,12,20.62,1.77,4.63,-34.6037,-58.3816
CABA,1985,1,23.98,3.37,4.96,-34.6037,-58.3816
CABA,1985,2,23.88,2.31,3.8,-34.6037,-58.3816
CABA,1985,3,21.88,3.14,4.88,-34.6037,-58.3816
CABA,1985,4,17.97,3.82,4.42,-34.6037,-58.3816
CABA,1985,5,15.41,7.59,4.2,-34.6037,-58.3816
CABA,1985,6,12.81,1.54,4.19,-34.6037,-58.3816
CABA,1985,7,11.96,2.67,4.72,-34.6037,-58.3816
CABA,1985,8,12.69,0.92,3.81,-34.6037,-58.3816
CABA,1985,9,14.42,2.86,4.45,-34.6037,-58.3816
CABA,1985,10,16.66,6.51,3.96,-34.6037,-58.3816
CABA,1985,11,20.06,7.5,4.25,-34.6037,-58.3816
CABA,1985,12,22.44,1.88,4.36,-34.6037,-58.3816
CABA,1986,1,24.45,4.16,4.51,-34.6037,-58.3816
CABA,1986,2,23.73,0.95,4.32,-34.6037,-58.3816
CABA,1986,3,20.79,2.07,4.16,-34.6037,-58.3816
CABA,1986,4,19.01,6.78,4.43,-34.6037,-58.3816
CABA,1986,5,14.52,2.66,4.78,-34.6037,-58.3816
CABA,1986,6,13.12,2.74,4.52,-34.6037,-58.3816
CABA,1986,7,11.89,1.19,4.84,-34.6037,-58.3816
CABA,1986,8,11.26,4.8,4.37,-34.6037,-58.3816
CABA,1986,9,13.68,2.39,5.04,-34.6037,-58.3816
CABA,1986,10,15.93,6.21,4.29,-34.6037,-58.3816
CABA,1986,11,19.02,7.02,4.62,-34.6037,-58.3816
CABA,1986,12,21.94,1.73,4.72,-34.6037,-58.3816
CABA,1987,1,24.38,2.27,4.08,-34.6037,-58.3816
CABA,1987,2,24.54,5.9,3.91,-34.6037,-58.3816
CABA,1987,3,21.99,5.73,4.62,-34.6037,-58.3816
CABA,1987,4,18.69,3.16,3.97,-34.6037,-58.3816
CABA,1987,5,12.95,0.38,5.19,-34.6037,-58.3816
CABA,1987,6,11.88,0.07,4.63,-34.6037,-58.3816
CABA,1987,7,12.59,3.19,4.59,-34.6037,-58.3816
CABA,1987,8,11.91,1.85,4.81,-34.6037,-58.3816
CABA,1987,9,13.16,1.93,4.59,-34.6037,-58.3816
CABA,1987,10,16.68,4.66,3.96,-34.6037,-58.3816
CABA,1987,11,19.25,4.3,4.5,-34.6037,-58.3816
CABA,1987,12,21.1,3.75,4.19,-34.6037,-58.3816
CABA,1988,1,23.37,3.75,3.73,-34.6037,-58.3816
CABA,1988,2,22.06,2.38,4.26,-34.6037,-58.3816
CABA,1988,3,22.78,14.21,4.64,-34.6037,-58.3816
CABA,1988,4,16.88,1.09,4.79,-34.6037,-58.3816
CABA,1988,5,12.96,0.09,4.06,-34.6037,-58.3816
CABA,1988,6,10.77,0.33,3.8,-34.6037,-58.3816
CABA,1988,7,9.78,1.08,4.76,-34.6037,-58.3816
CABA,1988,8,11.97,1.02,4.27,-34.6037,-58.3816
CABA,1988,9,12.51,1.15,4.03,-34.6037,-58.3816
CABA,1988,10,15.32,4.73,4.71,-34.6037,-58.3816
CABA,1988,11,19.31,2.49,4.26,-34.6037,-58.3816
CABA,1988,12,22.1,2.53,3.7,-34.6037,-58.3816
CABA,1989,1,25.06,1.4,4.26,-34.6037,-58.3816
CABA,1989,2,24.57,2.0,4.22,-34.6037,-58.3816
CABA,1989,3,22.0,5.4,3.97,-34.6037,-58.3816
CABA,1989,4,19.2,4.52,3.93,-34.6037,-58.3816
CABA,1989,5,15.58,0.29,4.23,-34.6037,-58.3816
CABA,1989,6,13.56,1.41,3.86,-34.6037,-58.3816
CABA,1989,7,11.11,1.6,4.81,-34.6037,-58.3816
CABA,1989,8,13.47,5.22,5.23,-34.6037,-58.3816
CABA,1989,9,13.3,1.01,4.43,-34.6037,-58.3816
CABA,1989,10,16.02,1.6,4.57,-34.6037,-58.3816
CABA,1989,11,19.33,3.54,4.24,-34.6037,-58.3816
CABA,1989,12,22.94,6.69,3.98,-34.6037,-58.3816
CABA,1990,1,24.1,6.89,4.09,-34.6037,-58.3816
CABA,1990,2,22.35,9.52,5.05,-34.6037,-58.3816
CABA,1990,3,20.68,4.91,4.47,-34.6037,-58.3816
CABA,1990,4,17.85,6.77,3.97,-34.6037,-58.3816
CABA,1990,5,14.23,1.86,4.86,-34.6037,-58.3816
CABA,1990,6,10.82,0.27,5.11,-34.6037,-58.3816
CABA,1990,7,10.75,0.93,4.6,-34.6037,-58.3816
CABA,1990,8,13.67,0.88,4.57,-34.6037,-58.3816
CABA,1990,9,13.08,1.79,5.15,-34.6037,-58.3816
CABA,1990,10,16.65,3.9,4.1,-34.6037,-58.3816
CABA,1990,11,19.05,8.31,4.13,-34.6037,-58.3816
CABA,1990,12,20.89,3.7,5.22,-34.6037,-58.3816
CABA,1991,1,23.18,4.91,4.37,-34.6037,-58.3816
CABA,1991,2,22.88,1.48,4.17,-34.6037,-58.3816
CABA,1991,3,22.66,1.32,4.08,-34.6037,-58.3816
CABA,1991,4,18.84,3.47,4.21,-34.6037,-58.3816
CABA,1991,5,17.11,3.06,4.21,-34.6037,-58.3816
CABA,1991,6,12.03,3.92,5.0,-34.6037,-58.3816
CABA,1991,7,10.61,3.02,4.52,-34.6037,-58.3816
CABA,1991,8,12.41,2.39,4.32,-34.6037,-58.3816
CABA,1991,9,14.46,2.77,4.71,-34.6037,-58.3816
CABA,1991,10,15.35,4.5,5.04,-34.6037,-58.3816
CABA,1991,11,18.06,3.47,4.24,-34.6037,-58.3816
CABA,1991,12,21.21,6.94,4.0,-34.6037,-58.3816
CABA,1992,1,22.16,3.14,4.89,-34.6037,-58.3816
CABA,1992,2,23.45,1.42,4.11,-34.6037,-58.3816
CABA,1992,3,22.66,3.77,4.42,-34.6037,-58.3816
CABA,1992,4,17.97,4.17,4.5,-34.6037,-58.3816
CABA,1992,5,14.47,4.87,5.3,-34.6037,-58.3816
CABA,1992,6,12.87,3.58,4.52,-34.6037,-58.3816
CABA,1992,7,8.99,1.48,4.79,-34.6037,-58.3816
CABA,1992,8,11.07,3.18,3.78,-34.6037,-58.3816
CABA,1992,9,13.28,1.9,4.59,-34.6037,-58.3816
CABA,1992,10,16.11,4.29,4.04,-34.6037,-58.3816
CABA,1992,11,17.23,3.27,4.62,-34.6037,-58.3816
CABA,1992,12,21.03,2.98,4.01,-34.6037,-58.3816
CABA,1993,1,23.96,3.86,3.87,-34.6037,-58.3816
CABA,1993,2,22.35,5.9,4.48,-34.6037,-58.3816
CABA,1993,3,22.55,2.76,3.96,-34.6037,-58.3816
CABA,1993,4,18.99,5.93,5.1,-34.6037,-58.3816
CABA,1993,5,14.57,3.37,4.58,-34.6037,-58.3816
CABA,1993,6,11.44,4.41,4.77,-34.6037,-58.3816
CABA,1993,7,9.84,1.02,5.07,-34.6037,-58.3816
CABA,1993,8,11.63,1.52,4.28,-34.6037,-58.3816
CABA,1993,9,12.38,1.37,4.33,-34.6037,-58.3816
CABA,1993,10,15.95,6.8,4.52,-34.6037,-58.3816
CABA,1993,11,17.99,8.02,5.43,-34.6037,-58.3816
CABA,1993,12,20.56,5.67,4.74,-34.6037,-58.3816
CABA,1994,1,22.72,2.71,4.31,-34.6037,-58.3816
CABA,1994,2,22.96,1.91,4.31,-34.6037,-58.3816
CABA,1994,3,21.9,4.28,4.84,-34.6037,-58.3816
CABA,1994,4,17.66,4.92,4.81,-34.6037,-58.3816
CABA,1994,5,15.96,3.42,4.06,-34.6037,-58.3816
CABA,1994,6,12.75,1.82,4.66,-34.6037,-58.3816
CABA,1994,7,11.04,3.07,4.6,-34.6037,-58.3816
CABA,1994,8,11.45,1.0,4.8,-34.6037,-58.3816
CABA,1994,9,13.81,0.94,4.5,-34.6037,-58.3816
CABA,1994,10,15.82,3.86,4.47,-34.6037,-58.3816
CABA,1994,11,19.74,1.15,4.11,-34.6037,-58.3816
CABA,1994,12,23.65,3.97,3.95,-34.6037,-58.3816
CABA,1995,1,23.77,1.78,4.39,-34.6037,-58.3816
CABA,1995,2,22.97,2.95,4.3,-34.6037,-58.3816
CABA,1995,3,21.43,4.63,4.5,-34.6037,-58.3816
CABA,1995,4,17.81,5.81,4.46,-34.6037,-58.3816
CABA,1995,5,14.91,0.81,3.75,-34.6037,-58.3816
CABA,1995,6,11.12,1.34,4.35,-34.6037,-58.3816
CABA,1995,7,9.79,0.96,4.73,-34.6037,-58.3816
CABA,1995,8,10.55,0.17,3.94,-34.6037,-58.3816
CABA,1995,9,12.65,0.97,4.4,-34.6037,-58.3816
CABA,1995,10,15.61,3.23,4.29,-34.6037,-58.3816
CABA,1995,11,19.59,4.07,4.58,-34.6037,-58.3816
CABA,1995,12,22.89,1.35,4.97,-34.6037,-58.3816
CABA,1996,1,24.24,2.02,4.26,-34.6037,-58.3816
CABA,1996,2,23.32,4.32,4.67,-34.6037,-58.3816
CABA,1996,3,23.25,1.59,4.36,-34.6037,-58.3816
CABA,1996,4,18.98,3.6,5.05,-34.6037,-58.3816
CABA,1996,5,15.86,0.77,3.6,-34.6037,-58.3816
CABA,1996,6,10.69,0.78,4.79,-34.6037,-58.3816
CABA,1996,7,9.59,0.85,4.39,-34.6037,-58.3816
CABA,1996,8,13.75,1.87,4.19,-34.6037,-58.3816
CABA,1996,9,13.48,4.26,5.21,-34.6037,-58.3816
CABA,1996,10,17.87,2.3,4.43,-34.6037,-58.3816
CABA,1996,11,20.88,4.11,4.6,-34.6037,-58.3816
CABA,1996,12,23.28,3.19,4.27,-34.6037,-58.3816
CABA,1997,1,25.54,4.16,4.11,-34.6037,-58.3816
CABA,1997,2,22.83,2.56,5.22,-34.6037,-58.3816
CABA,1997,3,22.43,1.94,4.44,-34.6037,-58.3816
CABA,1997,4,19.74,2.51,4.59,-34.6037,-58.3816
CABA,1997,5,16.73,2.43,4.32,-34.6037,-58.3816
CABA,1997,6,12.32,2.41,5.28,-34.6037,-58.3816
CABA,1997,7,12.06,1.25,4.78,-34.6037,-58.3816
CABA,1997,8,13.23,2.93,4.56,-34.6037,-58.3816
CABA,1997,9,14.24,0.52,4.22,-34.6037,-58.3816
CABA,1997,10,17.18,3.57,4.98,-34.6037,-58.3816
CABA,1997,11,19.98,3.79,4.93,-34.6037,-58.3816
CABA,1997,12,21.3,9.99,4.67,-34.6037,-58.3816
CABA,1998,1,22.88,4.05,4.18,-34.6037,-58.3816
CABA,1998,2,22.26,3.08,4.77,-34.6037,-58.3816
CABA,1998,3,20.99,3.36,4.73,-34.6037,-58.3816
CABA,1998,4,18.25,3.21,4.69,-34.6037,-58.3816
CABA,1998,5,15.84,2.1,4.36,-34.6037,-58.3816
CABA,1998,6,12.35,0.72,4.49,-34.6037,-58.3816
CABA,1998,7,13.25,2.62,4.06,-34.6037,-58.3816
CABA,1998,8,13.25,0.42,3.68,-34.6037,-58.3816
CABA,1998,9,13.89,1.5,4.92,-34.6037,-58.3816
CABA,1998,10,18.12,1.72,4.14,-34.6037,-58.3816
CABA,1998,11,20.13,2.81,4.7,-34.6037,-58.3816
CABA,1998,12,22.38,4.85,4.85,-34.6037,-58.3816
CABA,1999,1,22.11,4.61,5.15,-34.6037,-58.3816
CABA,1999,2,22.99,6.34,3.94,-34.6037,-58.3816
CABA,1999,3,22.66,6.55,4.4,-34.6037,-58.3816
CABA,1999,4,16.95,1.1,5.05,-34.6037,-58.3816
CABA,1999,5,14.69,1.19,4.27,-34.6037,-58.3816
CABA,1999,6,11.28,0.85,4.56,-34.6037,-58.3816
CABA,1999,7,10.86,3.41,5.09,-34.6037,-58.3816
CABA,1999,8,12.32,2.73,5.18,-34.6037,-58.3816
CABA,1999,9,14.56,2.12,4.89,-34.6037,-58.3816
CABA,1999,10,16.97,0.98,5.16,-34.6037,-58.3816
CABA,1999,11,19.95,1.49,5.02,-34.6037,-58.3816
CABA,1999,12,23.05,2.24,4.45,-34.6037,-58.3816
CABA,2000,1,25.09,2.85,4.36,-34.6037,-58.3816
CABA,2000,2,24.55,2.55,4.3,-34.6037,-58.3816
CABA,2000,3,21.66,1.92,4.59,-34.6037,-58.3816
CABA,2000,4,18.79,5.71,4.5,-34.6037,-58.3816
CABA,2000,5,14.67,9.66,5.23,-34.6037,-58.3816
CABA,2000,6,12.96,3.95,4.7,-34.6037,-58.3816
CABA,2000,7,8.92,1.7,5.85,-34.6037,-58.3816
CABA,2000,8,11.6,2.25,4.31,-34.6037,-58.3816
CABA,2000,9,13.32,3.61,4.51,-34.6037,-58.3816
CABA,2000,10,16.31,4.35,4.95,-34.6037,-58.3816
CABA,2000,11,18.82,3.31,4.79,-34.6037,-58.3816
CABA,2000,12,22.09,3.07,4.26,-34.6037,-58.3816
CABA,2001,1,24.75,5.44,4.01,-34.6037,-58.3816
CABA,2001,2,24.93,4.33,4.28,-34.6037,-58.3816
CABA,2001,3,23.17,8.23,4.84,-34.6037,-58.3816
CABA,2001,4,18.56,1.36,4.86,-34.6037,-58.3816
CABA,2001,5,14.27,2.21,4.37,-34.6037,-58.3816
CABA,2001,6,13.27,2.43,4.42,-34.6037,-58.3816
CABA,2001,7,10.81,1.85,4.6,-34.6037,-58.3816
CABA,2001,8,14.61,5.16,4.63,-34.6037,-58.3816
CABA,2001,9,14.16,1.51,5.46,-34.6037,-58.3816
CABA,2001,10,17.81,6.33,5.34,-34.6037,-58.3816
CABA,2001,11,19.54,4.6,5.29,-34.6037,-58.3816
CABA,2001,12,21.7,2.07,4.05,-34.6037,-58.3816
CABA,2002,1,24.3,3.3,4.46,-34.6037,-58.3816
CABA,2002,2,22.74,2.74,5.41,-34.6037,-58.3816
CABA,2002,3,22.28,8.71,5.29,-34.6037,-58.3816
CABA,2002,4,17.92,4.09,4.42,-34.6037,-58.3816
CABA,2002,5,16.24,5.58,4.92,-34.6037,-58.3816
CABA,2002,6,11.31,1.05,4.59,-34.6037,-58.3816
CABA,2002,7,10.84,3.05,4.54,-34.6037,-58.3816
CABA,2002,8,12.92,2.46,4.71,-34.6037,-58.3816
CABA,2002,9,13.89,2.89,4.5,-34.6037,-58.3816
CABA,2002,10,18.21,2.38,5.15,-34.6037,-58.3816
CABA,2002,11,20.26,4.76,5.04,-34.6037,-58.3816
CABA,2002,12,22.26,5.11,5.28,-34.6037,-58.3816
CABA,2003,1,24.43,2.63,4.09,-34.6037,-58.3816
CABA,2003,2,23.42,8.96,4.39,-34.6037,-58.3816
CABA,2003,3,21.86,2.51,4.42,-34.6037,-58.3816
CABA,2003,4,18.05,2.04,5.02,-34.6037,-58.3816
CABA,2003,5,15.39,1.77,5.07,-34.6037,-58.3816
CABA,2003,6,13.02,1.73,4.38,-34.6037,-58.3816
CABA,2003,7,10.96,1.98,4.31,-34.6037,-58.3816
CABA,2003,8,11.46,1.19,5.0,-34.6037,-58.3816
CABA,2003,9,13.22,3.62,4.66,-34.6037,-58.3816
CABA,2003,10,17.58,2.07,4.57,-34.6037,-58.3816
CABA,2003,11,19.76,5.81,5.1,-34.6037,-58.3816
CABA,2003,12,21.5,3.38,5.18,-34.6037,-58.3816
CABA,2004,1,24.72,4.61,4.3,-34.6037,-58.3816
CABA,2004,2,23.11,3.05,4.9,-34.6037,-58.3816
CABA,2004,3,23.36,1.03,4.53,-34.6037,-58.3816
CABA,2004,4,19.72,7.66,4.6,-34.6037,-58.3816
CABA,2004,5,14.09,2.07,4.95,-34.6037,-58.3816
CABA,2004,6,12.8,1.23,4.53,-34.6037,-58.3816
CABA,2004,7,11.36,1.17,5.18,-34.6037,-58.3816
CABA,2004,8,13.13,1.94,4.7,-34.6037,-58.3816
CABA,2004,9,14.9,1.15,4.98,-34.6037,-58.3816
CABA,2004,10,16.84,2.29,5.06,-34.6037,-58.3816
CABA,2004,11,18.85,2.44,5.05,-34.6037,-58.3816
CABA,2004,12,22.81,2.96,4.82,-34.6037,-58.3816
CABA,2005,1,24.94,4.8,4.61,-34.6037,-58.3816
CABA,2005,2,23.51,1.8,4.23,-34.6037,-58.3816
CABA,2005,3,21.71,3.81,4.43,-34.6037,-58.3816
CABA,2005,4,17.56,3.25,4.49,-34.6037,-58.3816
CABA,2005,5,15.21,0.82,4.94,-34.6037,-58.3816
CABA,2005,6,14.08,2.32,4.54,-34.6037,-58.3816
CABA,2005,7,11.75,2.55,4.71,-34.6037,-58.3816
CABA,2005,8,12.69,3.86,5.08,-34.6037,-58.3816
CABA,2005,9,13.17,2.0,4.47,-34.6037,-58.3816
CABA,2005,10,16.56,1.39,4.48,-34.6037,-58.3816
CABA,2005,11,20.83,1.86,4.74,-34.6037,-58.3816
CABA,2005,12,21.6,1.33,4.91,-34.6037,-58.3816
CABA,2006,1,23.96,6.91,4.82,-34.6037,-58.3816
CABA,2006,2,23.63,4.05,4.32,-34.6037,-58.3816
CABA,2006,3,20.9,4.29,4.18,-34.6037,-58.3816
CABA,2006,4,18.76,1.99,4.47,-34.6037,-58.3816
CABA,2006,5,14.29,0.25,4.07,-34.6037,-58.3816
CABA,2006,6,12.45,4.52,4.58,-34.6037,-58.3816
CABA,2006,7,13.31,1.36,4.61,-34.6037,-58.3816
CABA,2006,8,11.59,0.99,4.41,-34.6037,-58.3816
CABA,2006,9,14.18,0.79,4.65,-34.6037,-58.3816
CABA,2006,10,18.79,5.22,5.04,-34.6037,-58.3816
CABA,2006,11,20.11,2.02,5.13,-34.6037,-58.3816
CABA,2006,12,24.32,5.52,4.1,-34.6037,-58.3816
CABA,2007,1,24.68,1.54,4.96,-34.6037,-58.3816
CABA,2007,2,24.71,4.45,4.28,-34.6037,-58.3816
CABA,2007,3,21.98,11.79,4.74,-34.6037,-58.3816
CABA,2007,4,19.0,5.61,4.84,-34.6037,-58.3816
CABA,2007,5,12.98,2.08,4.81,-34.6037,-58.3816
CABA,2007,6,10.18,1.05,4.32,-34.6037,-58.3816
CABA,2007,7,8.81,0.33,4.33,-34.6037,-58.3816
CABA,2007,8,9.69,1.96,4.81,-34.6037,-58.3816
CABA,2007,9,15.66,3.66,4.77,-34.6037,-58.3816
CABA,2007,10,18.28,5.46,4.62,-34.6037,-58.3816
CABA,2007,11,18.6,1.39,5.0,-34.6037,-58.3816
CABA,2007,12,22.67,1.04,4.73,-34.6037,-58.3816
CABA,2008,1,24.49,3.24,4.95,-34.6037,-58.3816
CABA,2008,2,24.72,3.76,4.45,-34.6037,-58.3816
CABA,2008,3,21.59,4.03,4.68,-34.6037,-58.3816
CABA,2008,4,18.49,0.71,4.29,-34.6037,-58.3816
CABA,2008,5,15.38,1.11,4.13,-34.6037,-58.3816
CABA,2008,6,11.47,1.64,4.57,-34.6037,-58.3816
CABA,2008,7,13.36,1.12,4.54,-34.6037,-58.3816
CABA,2008,8,12.32,0.64,4.59,-34.6037,-58.3816
CABA,2008,9,13.8,0.74,4.96,-34.6037,-58.3816
CABA,2008,10,17.54,2.23,4.72,-34.6037,-58.3816
CABA,2008,11,23.44,2.04,5.01,-34.6037,-58.3816
CABA,2008,12,23.41,1.08,5.11,-34.6037,-58.3816
CABA,2009,1,24.41,0.79,5.17,-34.6037,-58.3816
CABA,2009,2,23.99,4.38,4.24,-34.6037,-58.3816
CABA,2009,3,23.06,3.85,4.38,-34.6037,-58.3816
CABA,2009,4,19.25,0.98,4.34,-34.6037,-58.3816
CABA,2009,5,16.06,1.27,4.42,-34.6037,-58.3816
CABA,2009,6,11.18,0.89,4.74,-34.6037,-58.3816
CABA,2009,7,9.8,3.41,4.79,-34.6037,-58.3816
CABA,2009,8,13.45,1.02,4.7,-34.6037,-58.3816
CABA,2009,9,13.36,3.23,5.37,-34.6037,-58.3816
CABA,2009,10,16.59,5.13,4.59,-34.6037,-58.3816
CABA,2009,11,21.1,5.66,4.68,-34.6037,-58.3816
CABA,2009,12,22.43,4.81,4.97,-34.6037,-58.3816
CABA,2010,1,25.25,3.77,4.03,-34.6037,-58.3816
CABA,2010,2,23.97,10.0,5.41,-34.6037,-58.3816
CABA,2010,3,22.57,2.26,4.55,-34.6037,-58.3816
CABA,2010,4,17.84,2.3,4.27,-34.6037,-58.3816
CABA,2010,5,15.72,3.91,4.25,-34.6037,-58.3816
CABA,2010,6,12.22,1.83,4.99,-34.6037,-58.3816
CABA,2010,7,10.48,3.15,5.07,-34.6037,-58.3816
CABA,2010,8,11.1,0.84,4.12,-34.6037,-58.3816
CABA,2010,9,14.23,4.89,5.35,-34.6037,-58.3816
CABA,2010,10,16.52,1.14,4.84,-34.6037,-58.3816
CABA,2010,11,19.98,1.03,4.34,-34.6037,-58.3816
CABA,2010,12,23.79,1.34,4.94,-34.6037,-58.3816
CABA,2011,1,25.02,3.76,4.88,-34.6037,-58.3816
CABA,2011,2,23.29,2.15,5.42,-34.6037,-58.3816
CABA,2011,3,21.99,1.2,4.5,-34.6037,-58.3816
CABA,2011,4,18.81,3.45,4.47,-34.6037,-58.3816
CABA,2011,5,14.81,1.43,4.64,-34.6037,-58.3816
CABA,2011,6,11.51,3.88,4.9,-34.6037,-58.3816
CABA,2011,7,10.15,2.43,4.66,-34.6037,-58.3816
CABA,2011,8,11.31,0.94,4.94,-34.6037,-58.3816
CABA,2011,9,14.83,0.45,5.02,-34.6037,-58.3816
CABA,2011,10,16.97,2.17,5.14,-34.6037,-58.3816
CABA,2011,11,21.96,2.38,4.81,-34.6037,-58.3816
CABA,2011,12,22.4,1.5,5.26,-34.6037,-58.3816
CABA,2012,1,25.32,1.27,4.82,-34.6037,-58.3816
CABA,2012,2,24.63,6.96,4.0,-34.6037,-58.3816
CABA,2012,3,21.88,3.72,4.38,-34.6037,-58.3816
CABA,2012,4,18.16,2.01,3.88,-34.6037,-58.3816
CABA,2012,5,16.0,2.73,4.26,-34.6037,-58.3816
CABA,2012,6,11.86,0.39,5.07,-34.6037,-58.3816
CABA,2012,7,9.4,0.66,4.63,-34.6037,-58.3816
CABA,2012,8,13.3,6.5,4.41,-34.6037,-58.3816
CABA,2012,9,15.44,2.95,5.63,-34.6037,-58.3816
CABA,2012,10,17.75,8.49,5.14,-34.6037,-58.3816
CABA,2012,11,21.52,2.94,4.77,-34.6037,-58.3816
CABA,2012,12,23.79,7.02,5.06,-34.6037,-58.3816
CABA,2013,1,24.53,1.6,4.46,-34.6037,-58.3816
CABA,2013,2,23.88,3.26,4.95,-34.6037,-58.3816
CABA,2013,3,20.36,2.59,4.43,-34.6037,-58.3816
CABA,2013,4,19.06,4.78,4.54,-34.6037,-58.3816
CABA,2013,5,14.96,3.09,4.49,-34.6037,-58.3816
CABA,2013,6,12.07,0.25,4.3,-34.6037,-58.3816
CABA,2013,7,11.33,1.76,4.67,-34.6037,-58.3816
CABA,2013,8,11.41,0.32,4.9,-34.6037,-58.3816
CABA,2013,9,13.73,6.8,5.18,-34.6037,-58.3816
CABA,2013,10,17.75,0.82,4.75,-34.6037,-58.3816
CABA,2013,11,20.59,5.09,5.68,-34.6037,-58.3816
CABA,2013,12,26.08,0.69,4.32,-34.6037,-58.3816
CABA,2014,1,25.53,6.33,4.41,-34.6037,-58.3816
CABA,2014,2,22.88,8.14,4.81,-34.6037,-58.3816
CABA,2014,3,20.63,4.68,4.85,-34.6037,-58.3816
CABA,2014,4,18.25,3.17,4.67,-34.6037,-58.3816
CABA,2014,5,15.17,3.89,4.28,-34.6037,-58.3816
CABA,2014,6,11.93,1.18,4.48,-34.6037,-58.3816
CABA,2014,7,11.74,4.7,4.66,-34.6037,-58.3816
CABA,2014,8,13.61,0.82,4.59,-34.6037,-58.3816
CABA,2014,9,15.7,5.44,4.72,-34.6037,-58.3816
CABA,2014,10,19.47,5.92,4.95,-34.6037,-58.3816
CABA,2014,11,20.51,6.88,5.16,-34.6037,-58.3816
CABA,2014,12,23.12,2.4,4.19,-34.6037,-58.3816
CABA,2015,1,24.19,5.04,4.68,-34.6037,-58.3816
CABA,2015,2,24.33,1.07,4.68,-34.6037,-58.3816
CABA,2015,3,23.17,1.01,4.12,-34.6037,-58.3816
CABA,2015,4,20.35,1.86,4.63,-34.6037,-58.3816
CABA,2015,5,16.86,1.12,4.08,-34.6037,-58.3816
CABA,2015,6,13.23,1.6,4.65,-34.6037,-58.3816
CABA,2015,7,12.17,1.7,4.19,-34.6037,-58.3816
CABA,2015,8,14.29,6.26,5.03,-34.6037,-58.3816
CABA,2015,9,14.01,1.02,4.92,-34.6037,-58.3816
CABA,2015,10,15.52,2.35,5.47,-34.6037,-58.3816
CABA,2015,11,20.1,5.57,4.85,-34.6037,-58.3816
CABA,2015,12,24.14,1.96,4.15,-34.6037,-58.3816
CABA,2016,1,25.52,1.56,5.07,-34.6037,-58.3816
CABA,2016,2,25.94,5.14,4.37,-34.6037,-58.3816
CABA,2016,3,21.3,2.32,4.77,-34.6037,-58.3816
CABA,2016,4,18.07,6.79,5.46,-34.6037,-58.3816
CABA,2016,5,12.85,1.26,4.35,-34.6037,-58.3816
CABA,2016,6,10.3,1.05,4.27,-34.6037,-58.3816
CABA,2016,7,10.75,4.97,4.33,-34.6037,-58.3816
CABA,2016,8,12.96,1.76,4.07,-34.6037,-58.3816
CABA,2016,9,13.74,1.77,5.29,-34.6037,-58.3816
CABA,2016,10,17.12,3.53,5.12,-34.6037,-58.3816
CABA,2016,11,20.54,2.93,4.64,-34.6037,-58.3816
CABA,2016,12,24.41,3.18,4.56,-34.6037,-58.3816
CABA,2017,1,25.36,3.2,4.98,-34.6037,-58.3816
CABA,2017,2,24.95,4.42,4.28,-34.6037,-58.3816
CABA,2017,3,22.68,2.36,5.1,-34.6037,-58.3816
CABA,2017,4,19.01,2.93,5.03,-34.6037,-58.3816
CABA,2017,5,16.12,3.62,4.34,-34.6037,-58.3816
CABA,2017,6,13.69,0.05,4.6,-34.6037,-58.3816
CABA,2017,7,12.67,3.18,5.3,-34.6037,-58.3816
CABA,2017,8,14.38,4.74,4.68,-34.6037,-58.3816
CABA,2017,9,15.49,4.7,4.73,-34.6037,-58.3816
CABA,2017,10,17.45,3.65,4.84,-34.6037,-58.3816
CABA,2017,11,19.91,1.33,5.06,-34.6037,-58.3816
CABA,2017,12,23.63,3.31,4.63,-34.6037,-58.3816
CABA,2018,1,25.24,1.75,4.51,-34.6037,-58.3816
CABA,2018,2,24.63,2.52,4.37,-34.6037,-58.3816
CABA,2018,3,22.21,3.84,4.35,-34.6037,-58.3816
CABA,2018,4,21.49,6.08,4.53,-34.6037,-58.3816
CABA,2018,5,16.76,6.23,4.73,-34.6037,-58.3816
CABA,2018,6,10.97,0.32,4.58,-34.6037,-58.3816
CABA,2018,7,10.56,3.77,4.97,-34.6037,-58.3816
CABA,2018,8,11.52,1.84,4.94,-34.6037,-58.3816
CABA,2018,9,16.36,3.64,4.74,-34.6037,-58.3816
CABA,2018,10,17.51,0.94,4.59,-34.6037,-58.3816
CABA,2018,11,20.84,4.55,5.25,-34.6037,-58.3816
CABA,2018,12,22.19,7.46,4.87,-34.6037,-58.3816
CABA,2019,1,24.74,3.47,4.73,-34.6037,-58.3816
CABA,2019,2,24.17,2.82,4.44,-34.6037,-58.3816
CABA,2019,3,21.04,3.51,4.88,-34.6037,-58.3816
CABA,2019,4,19.25,1.06,4.39,-34.6037,-58.3816
CABA,2019,5,16.04,2.89,4.95,-34.6037,-58.3816
CABA,2019,6,14.32,5.3,5.08,-34.6037,-58.3816
CABA,2019,7,11.21,2.77,4.39,-34.6037,-58.3816
CABA,2019,8,11.81,1.27,4.6,-34.6037,-58.3816
CABA,2019,9,14.09,1.2,4.68,-34.6037,-58.3816
CABA,2019,10,17.18,5.76,5.32,-34.6037,-58.3816
CABA,2019,11,21.96,1.93,4.88,-34.6037,-58.3816
CABA,2019,12,23.08,3.37,4.54,-34.6037,-58.3816
CABA,2020,1,24.53,2.38,4.51,-34.6037,-58.3816
CABA,2020,2,24.25,1.96,4.49,-34.6037,-58.3816
CABA,2020,3,23.84,3.47,4.24,-34.6037,-58.3816
CABA,2020,4,18.36,2.93,5.12,-34.6037,-58.3816
CABA,2020,5,15.07,0.37,5.26,-34.6037,-58.3816
CABA,2020,6,12.76,3.18,4.35,-34.6037,-58.3816
CABA,2020,7,10.39,0.33,4.45,-34.6037,-58.3816
CABA,2020,8,13.19,1.03,4.61,-34.6037,-58.3816
CABA,2020,9,14.02,2.84,4.71,-34.6037,-58.3816
CABA,2020,10,17.01,3.4,5.08,-34.6037,-58.3816
CABA,2020,11,21.08,1.72,4.94,-34.6037,-58.3816
CABA,2020,12,23.06,1.29,4.72,-34.6037,-58.3816
CABA,2021,1,24.85,3.63,4.77,-34.6037,-58.3816
CABA,2021,2,23.63,3.9,4.51,-34.6037,-58.3816
CABA,2021,3,22.18,2.79,4.35,-34.6037,-58.3816
CABA,2021,4,20.59,2.29,4.39,-34.6037,-58.3816
CABA,2021,5,14.51,2.48,4.83,-34.6037,-58.3816
CABA,2021,6,11.71,1.01,4.7,-34.6037,-58.3816
CABA,2021,7,11.21,1.52,4.75,-34.6037,-58.3816
CABA,2021,8,12.29,1.46,3.9,-34.6037,-58.3816
CABA,2021,9,15.13,4.16,5.43,-34.6037,-58.3816
CABA,2021,10,18.03,0.97,4.43,-34.6037,-58.3816
CABA,2021,11,21.24,3.6,5.26,-34.6037,-58.3816
CABA,2021,12,24.02,0.75,4.93,-34.6037,-58.3816
CABA,2022,1,25.96,4.62,4.69,-34.6037,-58.3816
CABA,2022,2,22.72,4.13,4.46,-34.6037,-58.3816
CABA,2022,3,20.7,2.43,4.89,-34.6037,-58.3816
CABA,2022,4,18.17,2.14,4.08,-34.6037,-58.3816
CABA,2022,5,14.05,1.09,4.42,-34.6037,-58.3816
CABA,2022,6,10.46,0.02,4.1,-34.6037,-58.3816
CABA,2022,7,11.9,1.38,4.56,-34.6037,-58.3816
CABA,2022,8,12.85,0.78,4.49,-34.6037,-58.3816
CABA,2022,9,15.02,0.59,4.12,-34.6037,-58.3816
CABA,2022,10,17.19,0.4,5.22,-34.6037,-58.3816
CABA,2022,11,22.59,0.61,4.66,-34.6037,-58.3816
CABA,2022,12,24.77,1.46,4.82,-34.6037,-58.3816
CABA,2023,1,26.36,0.96,4.52,-34.6037,-58.3816
CABA,2023,2,25.52,0.6,4.24,-34.6037,-58.3816
CABA,2023,3,26.22,0.65,4.54,-34.6037,-58.3816
CABA,2023,4,19.12,0.96,4.23,-34.6037,-58.3816
CABA,2023,5,16.84,3.21,4.28,-34.6037,-58.3816
CABA,2023,6,13.45,0.01,4.01,-34.6037,-58.3816
CABA,2023,7,12.39,1.11,5.02,-34.6037,-58.3816
CABA,2023,8,13.22,3.02,4.79,-34.6037,-58.3816
CABA,2023,9,14.39,1.21,5.52,-34.6037,-58.3816
CABA,2023,10,17.87,1.2,4.96,-34.6037,-58.3816
CABA,2023,11,21.15,3.23,5.13,-34.6037,-58.3816
CABA,2023,12,23.08,3.7,5.13,-34.6037,-58.3816
Buenos Aires,1981,1,23.2,6.0,3.19,-34.9215,-57.9545
Buenos Aires,1981,2,22.73,3.64,3.27,-34.9215,-57.9545
Buenos Aires,1981,3,20.13,3.0,2.79,-34.9215,-57.9545
Buenos Aires,1981,4,17.36,1.13,2.49,-34.9215,-57.9545
Buenos Aires,1981,5,16.19,6.48,3.0,-34.9215,-57.9545
Buenos Aires,1981,6,8.93,1.16,3.06,-34.9215,-57.9545
Buenos Aires,1981,7,9.64,1.94,2.98,-34.9215,-57.9545
Buenos Aires,1981,8,11.77,1.4,2.95,-34.9215,-57.9545
Buenos Aires,1981,9,12.33,2.42,3.31,-34.9215,-57.9545
Buenos Aires,1981,10,15.24,1.85,2.94,-34.9215,-57.9545
Buenos Aires,1981,11,18.77,3.28,3.29,-34.9215,-57.9545
Buenos Aires,1981,12,22.46,3.33,2.97,-34.9215,-57.9545
Buenos Aires,1982,1,23.96,1.65,3.17,-34.9215,-57.9545
Buenos Aires,1982,2,22.1,5.11,3.31,-34.9215,-57.9545
Buenos Aires,1982,3,21.82,3.16,2.85,-34.9215,-57.9545
Buenos Aires,1982,4,18.44,1.85,2.92,-34.9215,-57.9545
Buenos Aires,1982,5,14.28,3.15,2.94,-34.9215,-57.9545
Buenos Aires,1982,6,9.5,4.19,3.1,-34.9215,-57.9545
Buenos Aires,1982,7,9.53,2.35,3.05,-34.9215,-57.9545
Buenos Aires,1982,8,11.11,1.04,2.83,-34.9215,-57.9545
Buenos Aires,1982,9,13.42,6.18,3.54,-34.9215,-57.9545
Buenos Aires,1982,10,15.47,3.07,3.3,-34.9215,-57.9545
Buenos Aires,1982,11,18.16,1.13,3.12,-34.9215,-57.9545
Buenos Aires,1982,12,23.88,2.23,3.02,-34.9215,-57.9545
Buenos Aires,1983,1,25.61,2.14,3.21,-34.9215,-57.9545
Buenos Aires,1983,2,23.04,2.27,3.34,-34.9215,-57.9545
Buenos Aires,1983,3,20.85,1.09,3.22,-34.9215,-57.9545
Buenos Aires,1983,4,17.22,2.19,2.62,-34.9215,-57.9545
Buenos Aires,1983,5,13.28,1.8,2.97,-34.9215,-57.9545
Buenos Aires,1983,6,8.13,1.28,3.03,-34.9215,-57.9545
Buenos Aires,1983,7,8.02,0.49,2.68,-34.9215,-57.9545
Buenos Aires,1983,8,10.61,2.2,3.08,-34.9215,-57.9545
Buenos Aires,1983,9,12.22,2.96,3.0,-34.9215,-57.9545
Buenos Aires,1983,10,16.16,5.06,3.04,-34.9215,-57.9545
Buenos Aires,1983,11,19.17,2.04,3.43,-34.9215,-57.9545
Buenos Aires,1983,12,23.07,4.32,3.31,-34.9215,-57.9545
Buenos Aires,1984,1,24.06,6.15,2.92,-34.9215,-57.9545
Buenos Aires,1984,2,23.36,8.86,3.12,-34.9215,-57.9545
Buenos Aires,1984,3,20.19,3.04,2.96,-34.9215,-57.9545
Buenos Aires,1984,4,15.85,1.94,3.67,-34.9215,-57.9545
Buenos Aires,1984,5,12.19,2.5,3.64,-34.9215,-57.9545
Buenos Aires,1984,6,8.45,2.15,3.44,-34.9215,-57.9545
Buenos Aires,1984,7,8.53,1.38,3.19,-34.9215,-57.9545
Buenos Aires,1984,8,9.25,0.73,3.09,-34.9215,-57.9545
Buenos Aires,1984,9,12.86,1.82,3.36,-34.9215,-57.9545
Buenos Aires,1984,10,16.83,6.84,2.98,-34.9215,-57.9545
Buenos Aires,1984,11,18.47,2.32,2.86,-34.9215,-57.9545
Buenos Aires,1984,12,20.0,1.93,3.18,-34.9215,-57.9545
Buenos Aires,1985,1,24.31,2.75,3.58,-34.9215,-57.9545
Buenos Aires,1985,2,23.85,1.51,2.7,-34.9215,-57.9545
Buenos Aires,1985,3,21.03,3.1,3.4,-34.9215,-57.9545
Buenos Aires,1985,4,16.47,3.37,2.92,-34.9215,-57.9545
Buenos Aires,1985,5,13.74,6.65,2.78,-34.9215,-57.9545
Buenos Aires,1985,6,11.24,1.02,2.65,-34.9215,-57.9545
Buenos Aires,1985,7,10.57,2.88,3.2,-34.9215,-57.9545
Buenos Aires,1985,8,10.94,1.03,2.48,-34.9215,-57.9545
Buenos Aires,1985,9,13.22,2.8,3.01,-34.9215,-57.9545
Buenos Aires,1985,10,15.96,6.15,2.73,-34.9215,-57.9545
Buenos Aires,1985,11,19.69,8.06,3.01,-34.9215,-57.9545
Buenos Aires,1985,12,21.94,1.74,2.91,-34.9215,-57.9545
Buenos Aires,1986,1,24.6,4.03,3.33,-34.9215,-57.9545
Buenos Aires,1986,2,23.57,0.99,3.18,-34.9215,-57.9545
Buenos Aires,1986,3,19.82,2.05,2.75,-34.9215,-57.9545
Buenos Aires,1986,4,17.45,5.63,2.95,-34.9215,-57.9545
Buenos Aires,1986,5,12.5,2.13,3.08,-34.9215,-57.9545
Buenos Aires,1986,6,11.78,2.09,2.96,-34.9215,-57.9545
Buenos Aires,1986,7,10.36,0.93,3.1,-34.9215,-57.9545
Buenos Aires,1986,8,10.55,3.81,3.01,-34.9215,-57.9545
Buenos Aires,1986,9,13.36,2.25,3.59,-34.9215,-57.9545
Buenos Aires,1986,10,15.6,5.02,3.08,-34.9215,-57.9545
Buenos Aires,1986,11,18.26,6.58,3.16,-34.9215,-57.9545
Buenos Aires,1986,12,21.72,1.83,3.36,-34.9215,-57.9545
Buenos Aires,1987,1,24.63,2.44,2.92,-34.9215,-57.9545
Buenos Aires,1987,2,24.31,5.52,2.66,-34.9215,-57.9545
Buenos Aires,1987,3,20.88,5.46,3.16,-34.9215,-57.9545
Buenos Aires,1987,4,17.08,3.24,2.61,-34.9215,-57.9545
Buenos Aires,1987,5,10.85,0.3,3.36,-34.9215,-57.9545
Buenos Aires,1987,6,10.09,0.12,3.08,-34.9215,-57.9545
Buenos Aires,1987,7,11.39,3.08,3.18,-34.9215,-57.9545
Buenos Aires,1987,8,10.41,1.62,3.24,-34.9215,-57.9545
Buenos Aires,1987,9,11.62,1.36,3.14,-34.9215,-57.9545
Buenos Aires,1987,10,16.0,4.77,2.86,-34.9215,-57.9545
Buenos Aires,1987,11,18.99,4.63,3.32,-34.9215,-57.9545
Buenos Aires,1987,12,20.87,3.93,3.1,-34.9215,-57.9545
Buenos Aires,1988,1,23.6,3.22,2.91,-34.9215,-57.9545
Buenos Aires,1988,2,22.45,1.82,3.22,-34.9215,-57.9545
Buenos Aires,1988,3,22.2,11.81,3.27,-34.9215,-57.9545
Buenos Aires,1988,4,14.97,1.54,2.94,-34.9215,-57.9545
Buenos Aires,1988,5,10.69,0.14,2.58,-34.9215,-57.9545
Buenos Aires,1988,6,8.91,0.32,2.45,-34.9215,-57.9545
Buenos Aires,1988,7,8.18,1.34,3.12,-34.9215,-57.9545
Buenos Aires,1988,8,10.99,1.28,3.09,-34.9215,-57.9545
Buenos Aires,1988,9,12.12,1.13,3.13,-34.9215,-57.9545
Buenos Aires,1988,10,14.82,3.58,3.47,-34.9215,-57.9545
Buenos Aires,1988,11,19.72,2.91,3.25,-34.9215,-57.9545
Buenos Aires,1988,12,23.13,3.04,2.92,-34.9215,-57.9545
Buenos Aires,1989,1,26.44,0.97,3.42,-34.9215,-57.9545
Buenos Aires,1989,2,24.65,2.38,3.15,-34.9215,-57.9545
Buenos Aires,1989,3,20.91,4.81,2.63,-34.9215,-57.9545
Buenos Aires,1989,4,17.62,3.47,2.62,-34.9215,-57.9545
Buenos Aires,1989,5,13.79,0.56,2.72,-34.9215,-57.9545
Buenos Aires,1989,6,11.64,1.3,2.48,-34.9215,-57.9545
Buenos Aires,1989,7,9.29,1.82,3.18,-34.9215,-57.9545
Buenos Aires,1989,8,12.48,4.98,3.7,-34.9215,-57.9545
Buenos Aires,1989,9,12.08,0.73,2.98,-34.9215,-57.9545
Buenos Aires,1989,10,15.77,1.24,3.31,-34.9215,-57.9545
Buenos Aires,1989,11,19.66,2.81,3.17,-34.9215,-57.9545
Buenos Aires,1989,12,23.64,6.37,3.14,-34.9215,-57.9545
Buenos Aires,1990,1,24.6,7.48,3.11,-34.9215,-57.9545
Buenos Aires,1990,2,21.8,7.45,3.42,-34.9215,-57.9545
Buenos Aires,1990,3,19.32,4.42,2.94,-34.9215,-57.9545
Buenos Aires,1990,4,16.04,5.64,2.48,-34.9215,-57.9545
Buenos Aires,1990,5,12.2,2.82,3.07,-34.9215,-57.9545
Buenos Aires,1990,6,8.76,0.22,3.24,-34.9215,-57.9545
Buenos Aires,1990,7,8.92,1.08,3.03,-34.9215,-57.9545
Buenos Aires,1990,8,12.81,0.98,3.15,-34.9215,-57.9545
Buenos Aires,1990,9,12.13,1.78,3.64,-34.9215,-57.9545
Buenos Aires,1990,10,17.0,4.27,3.23,-34.9215,-57.9545
Buenos Aires,1990,11,19.15,9.27,3.1,-34.9215,-57.9545
Buenos Aires,1990,12,20.47,4.09,3.76,-34.9215,-57.9545
Buenos Aires,1991,1,23.65,4.54,3.23,-34.9215,-57.9545
Buenos Aires,1991,2,22.63,2.1,3.0,-34.9215,-57.9545
Buenos Aires,1991,3,22.4,1.26,2.76,-34.9215,-57.9545
Buenos Aires,1991,4,17.37,2.72,2.67,-34.9215,-57.9545
Buenos Aires,1991,5,15.39,2.74,2.65,-34.9215,-57.9545
Buenos Aires,1991,6,9.93,3.98,3.38,-34.9215,-57.9545
Buenos Aires,1991,7,8.73,2.8,2.92,-34.9215,-57.9545
Buenos Aires,1991,8,11.69,2.47,3.17,-34.9215,-57.9545
Buenos Aires,1991,9,13.8,2.75,3.38,-34.9215,-57.9545
Buenos Aires,1991,10,14.64,4.19,3.62,-34.9215,-57.9545
Buenos Aires,1991,11,17.82,3.5,3.14,-34.9215,-57.9545
Buenos Aires,1991,12,21.06,5.8,3.16,-34.9215,-57.9545
Buenos Aires,1992,1,22.75,4.15,3.84,-34.9215,-57.9545
Buenos Aires,1992,2,23.34,2.0,2.96,-34.9215,-57.9545
Buenos Aires,1992,3,22.07,4.49,3.12,-34.9215,-57.9545
Buenos Aires,1992,4,15.76,3.58,2.66,-34.9215,-57.9545
Buenos Aires,1992,5,12.49,3.98,3.55,-34.9215,-57.9545
Buenos Aires,1992,6,11.71,3.94,3.17,-34.9215,-57.9545
Buenos Aires,1992,7,7.16,1.73,3.16,-34.9215,-57.9545
Buenos Aires,1992,8,10.42,2.8,2.81,-34.9215,-57.9545
Buenos Aires,1992,9,12.39,1.84,3.3,-34.9215,-57.9545
Buenos Aires,1992,10,15.75,4.59,2.99,-34.9215,-57.9545
Buenos Aires,1992,11,16.8,3.39,3.37,-34.9215,-57.9545
Buenos Aires,1992,12,21.64,2.25,3.08,-34.9215,-57.9545
Buenos Aires,1993,1,24.9,3.49,3.13,-34.9215,-57.9545
Buenos Aires,1993,2,21.85,5.67,3.13,-34.9215,-57.9545
Buenos Aires,1993,3,22.16,2.85,2.71,-34.9215,-57.9545
Buenos Aires,1993,4,17.5,6.42,3.38,-34.9215,-57.9545
Buenos Aires,1993,5,12.61,3.1,2.98,-34.9215,-57.9545
Buenos Aires,1993,6,9.84,4.48,3.28,-34.9215,-57.9545
Buenos Aires,1993,7,7.88,0.74,3.21,-34.9215,-57.9545
Buenos Aires,1993,8,10.31,1.21,2.99,-34.9215,-57.9545
Buenos Aires,1993,9,11.51,2.01,3.01,-34.9215,-57.9545
Buenos Aires,1993,10,15.73,5.81,3.21,-34.9215,-57.9545
Buenos Aires,1993,11,17.77,8.12,3.94,-34.9215,-57.9545
Buenos Aires,1993,12,20.41,5.65,3.42,-34.9215,-57.9545
Buenos Aires,1994,1,22.68,2.95,3.04,-34.9215,-57.9545
Buenos Aires,1994,2,22.66,1.6,3.05,-34.9215,-57.9545
Buenos Aires,1994,3,21.08,4.72,3.34,-34.9215,-57.9545
Buenos Aires,1994,4,16.06,5.06,3.27,-34.9215,-57.9545
Buenos Aires,1994,5,14.21,3.37,2.61,-34.9215,-57.9545
Buenos Aires,1994,6,10.92,2.4,3.16,-34.9215,-57.9545
Buenos Aires,1994,7,9.07,3.17,3.09,-34.9215,-57.9545
Buenos Aires,1994,8,9.95,0.97,3.27,-34.9215,-57.9545
Buenos Aires,1994,9,13.03,1.48,3.22,-34.9215,-57.9545
Buenos Aires,1994,10,15.27,3.32,3.16,-34.9215,-57.9545
Buenos Aires,1994,11,19.7,1.14,2.89,-34.9215,-57.9545
Buenos Aires,1994,12,24.26,4.13,3.09,-34.9215,-57.9545
Buenos Aires,1995,1,23.76,1.96,3.17,-34.9215,-57.9545
Buenos Aires,1995,2,22.35,3.4,2.97,-34.9215,-57.9545
Buenos Aires,1995,3,20.43,3.69,3.06,-34.9215,-57.9545
Buenos Aires,1995,4,16.24,6.4,2.9,-34.9215,-57.9545
Buenos Aires,1995,5,12.9,0.76,2.39,-34.9215,-57.9545
Buenos Aires,1995,6,9.05,1.15,2.84,-34.9215,-57.9545
Buenos Aires,1995,7,8.19,0.78,3.19,-34.9215,-57.9545
Buenos Aires,1995,8,9.54,0.28,2.96,-34.9215,-57.9545
Buenos Aires,1995,9,12.83,0.83,3.24,-34.9215,-57.9545
Buenos Aires,1995,10,15.56,2.54,3.25,-34.9215,-57.9545
Buenos Aires,1995,11,20.09,3.73,3.48,-34.9215,-57.9545
Buenos Aires,1995,12,23.55,1.57,3.71,-34.9215,-57.9545
Buenos Aires,1996,1,24.49,1.97,3.04,-34.9215,-57.9545
Buenos Aires,1996,2,22.51,4.02,3.31,-34.9215,-57.9545
Buenos Aires,1996,3,22.51,1.51,2.94,-34.9215,-57.9545
Buenos Aires,1996,4,17.53,3.43,3.3,-34.9215,-57.9545
Buenos Aires,1996,5,13.71,0.95,2.2,-34.9215,-57.9545
Buenos Aires,1996,6,8.43,0.65,3.11,-34.9215,-57.9545
Buenos Aires,1996,7,7.82,1.06,2.97,-34.9215,-57.9545
Buenos Aires,1996,8,12.81,1.98,3.06,-34.9215,-57.9545
Buenos Aires,1996,9,12.24,3.32,3.5,-34.9215,-57.9545
Buenos Aires,1996,10,17.0,2.9,3.03,-34.9215,-57.9545
Buenos Aires,1996,11,20.29,3.74,3.17,-34.9215,-57.9545
Buenos Aires,1996,12,23.39,3.15,3.31,-34.9215,-57.9545
Buenos Aires,1997,1,25.7,3.9,3.1,-34.9215,-57.9545
Buenos Aires,1997,2,22.22,2.81,3.63,-34.9215,-57.9545
Buenos Aires,1997,3,21.82,1.63,2.97,-34.9215,-57.9545
Buenos Aires,1997,4,18.62,2.25,3.05,-34.9215,-57.9545
Buenos Aires,1997,5,15.17,2.04,2.84,-34.9215,-57.9545
Buenos Aires,1997,6,10.47,2.32,3.45,-34.9215,-57.9545
Buenos Aires,1997,7,10.88,1.21,3.28,-34.9215,-57.9545
Buenos Aires,1997,8,12.09,3.18,3.11,-34.9215,-57.9545
Buenos Aires,1997,9,12.98,0.51,2.81,-34.9215,-57.9545
Buenos Aires,1997,10,16.36,3.61,3.44,-34.9215,-57.9545
Buenos Aires,1997,11,19.05,3.86,3.39,-34.9215,-57.9545
Buenos Aires,1997,12,20.54,7.13,3.37,-34.9215,-57.9545
Buenos Aires,1998,1,22.17,4.1,2.9,-34.9215,-57.9545
Buenos Aires,1998,2,21.6,2.35,3.23,-34.9215,-57.9545
Buenos Aires,1998,3,20.05,3.45,3.05,-34.9215,-57.9545
Buenos Aires,1998,4,16.9,4.41,3.05,-34.9215,-57.9545
Buenos Aires,1998,5,13.98,2.11,2.81,-34.9215,-57.9545
Buenos Aires,1998,6,10.25,0.57,2.85,-34.9215,-57.9545
Buenos Aires,1998,7,11.5,2.2,2.74,-34.9215,-57.9545
Buenos Aires,1998,8,11.18,0.33,2.3,-34.9215,-57.9545
Buenos Aires,1998,9,12.43,1.55,3.45,-34.9215,-57.9545
Buenos Aires,1998,10,17.26,1.8,2.84,-34.9215,-57.9545
Buenos Aires,1998,11,19.58,2.3,3.18,-34.9215,-57.9545
Buenos Aires,1998,12,22.47,3.96,3.52,-34.9215,-57.9545
Buenos Aires,1999,1,22.04,3.93,3.6,-34.9215,-57.9545
Buenos Aires,1999,2,22.79,5.36,2.72,-34.9215,-57.9545
Buenos Aires,1999,3,21.93,4.58,2.97,-34.9215,-57.9545
Buenos Aires,1999,4,15.48,1.34,3.2,-34.9215,-57.9545
Buenos Aires,1999,5,12.75,1.16,2.7,-34.9215,-57.9545
Buenos Aires,1999,6,9.4,0.73,2.88,-34.9215,-57.9545
Buenos Aires,1999,7,8.91,3.15,3.37,-34.9215,-57.9545
Buenos Aires,1999,8,11.11,2.56,3.64,-34.9215,-57.9545
Buenos Aires,1999,9,13.26,2.46,3.32,-34.9215,-57.9545
Buenos Aires,1999,10,15.85,1.51,3.53,-34.9215,-57.9545
Buenos Aires,1999,11,19.59,1.91,3.6,-34.9215,-57.9545
Buenos Aires,1999,12,23.18,1.6,3.06,-34.9215,-57.9545
Buenos Aires,2000,1,25.49,2.65,2.94,-34.9215,-57.9545
Buenos Aires,2000,2,24.01,3.35,2.94,-34.9215,-57.9545
Buenos Aires,2000,3,20.76,1.6,3.18,-34.9215,-57.9545
Buenos Aires,2000,4,17.28,4.99,2.82,-34.9215,-57.9545
Buenos Aires,2000,5,12.62,8.52,3.42,-34.9215,-57.9545
Buenos Aires,2000,6,11.24,3.31,3.01,-34.9215,-57.9545
Buenos Aires,2000,7,6.99,1.35,3.89,-34.9215,-57.9545
Buenos Aires,2000,8,9.91,2.57,3.02,-34.9215,-57.9545
Buenos Aires,2000,9,12.02,3.03,3.14,-34.9215,-57.9545
Buenos Aires,2000,10,15.42,4.55,3.44,-34.9215,-57.9545
Buenos Aires,2000,11,17.33,2.83,3.18,-34.9215,-57.9545
Buenos Aires,2000,12,21.11,2.87,2.97,-34.9215,-57.9545
Buenos Aires,2001,1,24.58,4.58,2.85,-34.9215,-57.9545
Buenos Aires,2001,2,24.65,3.89,3.06,-34.9215,-57.9545
Buenos Aires,2001,3,21.87,6.91,3.19,-34.9215,-57.9545
Buenos Aires,2001,4,16.39,1.11,3.03,-34.9215,-57.9545
Buenos Aires,2001,5,12.82,2.56,2.81,-34.9215,-57.9545
Buenos Aires,2001,6,11.05,2.04,2.78,-34.9215,-57.9545
Buenos Aires,2001,7,8.94,1.68,2.97,-34.9215,-57.9545
Buenos Aires,2001,8,13.51,5.36,3.4,-34.9215,-57.9545
Buenos Aires,2001,9,12.91,1.41,3.81,-34.9215,-57.9545
Buenos Aires,2001,10,16.88,6.15,3.77,-34.9215,-57.9545
Buenos Aires,2001,11,18.0,4.41,3.44,-34.9215,-57.9545
Buenos Aires,2001,12,21.36,2.27,2.86,-34.9215,-57.9545
Buenos Aires,2002,1,24.03,2.84,3.13,-34.9215,-57.9545
Buenos Aires,2002,2,22.19,3.28,3.7,-34.9215,-57.9545
Buenos Aires,2002,3,20.84,9.68,3.52,-34.9215,-57.9545
Buenos Aires,2002,4,15.79,3.95,2.79,-34.9215,-57.9545
Buenos Aires,2002,5,14.37,4.96,3.2,-34.9215,-57.9545
Buenos Aires,2002,6,8.51,0.97,2.93,-34.9215,-57.9545
Buenos Aires,2002,7,8.9,2.28,2.91,-34.9215,-57.9545
Buenos Aires,2002,8,11.81,2.73,3.39,-34.9215,-57.9545
Buenos Aires,2002,9,12.61,2.85,3.14,-34.9215,-57.9545
Buenos Aires,2002,10,17.08,2.88,3.52,-34.9215,-57.9545
Buenos Aires,2002,11,19.34,4.94,3.52,-34.9215,-57.9545
Buenos Aires,2002,12,21.57,3.77,3.48,-34.9215,-57.9545
Buenos Aires,2003,1,24.5,2.09,3.01,-34.9215,-57.9545
Buenos Aires,2003,2,22.38,8.22,2.93,-34.9215,-57.9545
Buenos Aires,2003,3,20.91,2.13,2.94,-34.9215,-57.9545
Buenos Aires,2003,4,16.11,2.67,3.13,-34.9215,-57.9545
Buenos Aires,2003,5,13.2,1.87,3.29,-34.9215,-57.9545
Buenos Aires,2003,6,11.19,1.62,2.83,-34.9215,-57.9545
Buenos Aires,2003,7,8.95,1.87,2.85,-34.9215,-57.9545
Buenos Aires,2003,8,9.74,0.91,3.27,-34.9215,-57.9545
Buenos Aires,2003,9,12.25,2.64,3.12,-34.9215,-57.9545
Buenos Aires,2003,10,16.77,2.37,3.29,-34.9215,-57.9545
Buenos Aires,2003,11,19.04,6.3,3.53,-34.9215,-57.9545
Buenos Aires,2003,12,20.59,3.0,3.65,-34.9215,-57.9545
Buenos Aires,2004,1,25.06,4.38,3.11,-34.9215,-57.9545
Buenos Aires,2004,2,22.15,1.6,3.34,-34.9215,-57.9545
Buenos Aires,2004,3,22.62,1.23,3.03,-34.9215,-57.9545
Buenos Aires,2004,4,18.18,7.12,3.0,-34.9215,-57.9545
Buenos Aires,2004,5,11.94,1.6,3.13,-34.9215,-57.9545
Buenos Aires,2004,6,11.29,1.07,2.98,-34.9215,-57.9545
Buenos Aires,2004,7,9.49,1.16,3.51,-34.9215,-57.9545
Buenos Aires,2004,8,11.69,2.31,3.35,-34.9215,-57.9545
Buenos Aires,2004,9,13.48,1.01,3.33,-34.9215,-57.9545
Buenos Aires,2004,10,15.88,1.99,3.52,-34.9215,-57.9545
Buenos Aires,2004,11,18.49,3.12,3.54,-34.9215,-57.9545
Buenos Aires,2004,12,22.65,2.8,3.48,-34.9215,-57.9545
Buenos Aires,2005,1,24.92,4.87,3.38,-34.9215,-57.9545
Buenos Aires,2005,2,23.19,1.73,2.99,-34.9215,-57.9545
Buenos Aires,2005,3,20.59,4.27,2.82,-34.9215,-57.9545
Buenos Aires,2005,4,15.56,2.11,2.88,-34.9215,-57.9545
Buenos Aires,2005,5,13.27,0.65,3.07,-34.9215,-57.9545
Buenos Aires,2005,6,12.53,2.11,2.93,-34.9215,-57.9545
Buenos Aires,2005,7,10.26,2.52,3.14,-34.9215,-57.9545
Buenos Aires,2005,8,11.17,4.08,3.5,-34.9215,-57.9545
Buenos Aires,2005,9,12.01,2.03,3.06,-34.9215,-57.9545
Buenos Aires,2005,10,15.21,1.91,2.99,-34.9215,-57.9545
Buenos Aires,2005,11,20.73,2.08,3.49,-34.9215,-57.9545
Buenos Aires,2005,12,21.18,1.51,3.48,-34.9215,-57.9545
Buenos Aires,2006,1,23.14,7.39,3.18,-34.9215,-57.9545
Buenos Aires,2006,2,22.96,4.72,2.85,-34.9215,-57.9545
Buenos Aires,2006,3,19.14,3.7,2.63,-34.9215,-57.9545
Buenos Aires,2006,4,16.89,2.45,2.88,-34.9215,-57.9545
Buenos Aires,2006,5,12.08,0.23,2.51,-34.9215,-57.9545
Buenos Aires,2006,6,10.73,3.11,3.04,-34.9215,-57.9545
Buenos Aires,2006,7,11.87,1.76,3.25,-34.9215,-57.9545
Buenos Aires,2006,8,10.08,0.59,2.96,-34.9215,-57.9545
Buenos Aires,2006,9,13.01,0.68,3.17,-34.9215,-57.9545
Buenos Aires,2006,10,17.78,4.43,3.45,-34.9215,-57.9545
Buenos Aires,2006,11,19.47,1.77,3.31,-34.9215,-57.9545
Buenos Aires,2006,12,23.9,5.58,2.91,-34.9215,-57.9545
Buenos Aires,2007,1,24.32,1.54,3.42,-34.9215,-57.9545
Buenos Aires,2007,2,24.25,4.42,2.92,-34.9215,-57.9545
Buenos Aires,2007,3,20.65,9.24,3.12,-34.9215,-57.9545
Buenos Aires,2007,4,16.97,4.69,2.99,-34.9215,-57.9545
Buenos Aires,2007,5,10.57,1.75,2.93,-34.9215,-57.9545
Buenos Aires,2007,6,7.73,1.14,2.69,-34.9215,-57.9545
Buenos Aires,2007,7,6.4,0.43,2.81,-34.9215,-57.9545
Buenos Aires,2007,8,8.07,1.63,3.13,-34.9215,-57.9545
Buenos Aires,2007,9,14.83,3.39,3.41,-34.9215,-57.9545
Buenos Aires,2007,10,17.23,6.11,3.1,-34.9215,-57.9545
Buenos Aires,2007,11,16.99,1.71,3.4,-34.9215,-57.9545
Buenos Aires,2007,12,22.45,1.17,3.23,-34.9215,-57.9545
Buenos Aires,2008,1,24.2,3.19,3.63,-34.9215,-57.9545
Buenos Aires,2008,2,24.16,4.46,3.19,-34.9215,-57.9545
Buenos Aires,2008,3,20.22,4.39,3.12,-34.9215,-57.9545
Buenos Aires,2008,4,16.22,0.85,2.73,-34.9215,-57.9545
Buenos Aires,2008,5,13.25,0.88,2.73,-34.9215,-57.9545
Buenos Aires,2008,6,9.54,1.84,3.05,-34.9215,-57.9545
Buenos Aires,2008,7,11.9,1.15,3.02,-34.9215,-57.9545
Buenos Aires,2008,8,10.5,0.76,3.09,-34.9215,-57.9545
Buenos Aires,2008,9,12.7,0.85,3.38,-34.9215,-57.9545
Buenos Aires,2008,10,16.47,2.22,3.13,-34.9215,-57.9545
Buenos Aires,2008,11,23.4,1.83,3.63,-34.9215,-57.9545
Buenos Aires,2008,12,23.32,0.82,3.6,-34.9215,-57.9545
Buenos Aires,2009,1,25.03,0.56,3.75,-34.9215,-57.9545
Buenos Aires,2009,2,23.78,4.18,2.96,-34.9215,-57.9545
Buenos Aires,2009,3,22.15,3.58,2.86,-34.9215,-57.9545
Buenos Aires,2009,4,17.64,1.08,2.77,-34.9215,-57.9545
Buenos Aires,2009,5,14.28,1.26,2.88,-34.9215,-57.9545
Buenos Aires,2009,6,9.21,0.84,3.12,-34.9215,-57.9545
Buenos Aires,2009,7,7.89,3.4,3.32,-34.9215,-57.9545
Buenos Aires,2009,8,12.58,0.94,3.27,-34.9215,-57.9545
Buenos Aires,2009,9,11.67,3.37,3.51,-34.9215,-57.9545
Buenos Aires,2009,10,15.45,4.6,3.05,-34.9215,-57.9545
Buenos Aires,2009,11,20.04,5.28,3.25,-34.9215,-57.9545
Buenos Aires,2009,12,21.33,4.92,3.22,-34.9215,-57.9545
Buenos Aires,2010,1,24.74,3.48,2.87,-34.9215,-57.9545
Buenos Aires,2010,2,22.61,9.03,3.6,-34.9215,-57.9545
Buenos Aires,2010,3,20.93,2.56,2.95,-34.9215,-57.9545
Buenos Aires,2010,4,15.73,2.24,2.66,-34.9215,-57.9545
Buenos Aires,2010,5,14.11,3.92,2.76,-34.9215,-57.9545
Buenos Aires,2010,6,10.31,1.84,3.22,-34.9215,-57.9545
Buenos Aires,2010,7,8.65,2.93,3.45,-34.9215,-57.9545
Buenos Aires,2010,8,9.67,0.76,2.78,-34.9215,-57.9545
Buenos Aires,2010,9,12.89,3.75,3.58,-34.9215,-57.9545
Buenos Aires,2010,10,15.05,1.21,3.19,-34.9215,-57.9545
Buenos Aires,2010,11,19.15,1.28,2.83,-34.9215,-57.9545
Buenos Aires,2010,12,23.92,1.27,3.53,-34.9215,-57.9545
Buenos Aires,2011,1,24.36,4.62,3.33,-34.9215,-57.9545
Buenos Aires,2011,2,22.59,2.2,3.54,-34.9215,-57.9545
Buenos Aires,2011,3,20.98,1.03,2.97,-34.9215,-57.9545
Buenos Aires,2011,4,17.06,3.09,2.87,-34.9215,-57.9545
Buenos Aires,2011,5,12.94,1.17,2.88,-34.9215,-57.9545
Buenos Aires,2011,6,9.44,3.75,3.04,-34.9215,-57.9545
Buenos Aires,2011,7,7.99,2.42,3.08,-34.9215,-57.9545
Buenos Aires,2011,8,9.65,1.03,3.34,-34.9215,-57.9545
Buenos Aires,2011,9,13.41,0.58,3.47,-34.9215,-57.9545
Buenos Aires,2011,10,15.66,2.02,3.44,-34.9215,-57.9545
Buenos Aires,2011,11,21.61,2.38,3.34,-34.9215,-57.9545
Buenos Aires,2011,12,22.17,1.37,3.58,-34.9215,-57.9545
Buenos Aires,2012,1,25.7,1.19,3.44,-34.9215,-57.9545
Buenos Aires,2012,2,24.0,6.31,2.69,-34.9215,-57.9545
Buenos Aires,2012,3,20.5,3.58,2.93,-34.9215,-57.9545
Buenos Aires,2012,4,16.27,1.65,2.51,-34.9215,-57.9545
Buenos Aires,2012,5,14.75,2.66,2.89,-34.9215,-57.9545
Buenos Aires,2012,6,9.7,0.45,3.16,-34.9215,-57.9545
Buenos Aires,2012,7,6.88,0.56,2.95,-34.9215,-57.9545
Buenos Aires,2012,8,12.01,6.72,3.03,-34.9215,-57.9545
Buenos Aires,2012,9,13.51,2.36,3.62,-34.9215,-57.9545
Buenos Aires,2012,10,16.53,7.52,3.41,-34.9215,-57.9545
Buenos Aires,2012,11,20.11,2.58,3.2,-34.9215,-57.9545
Buenos Aires,2012,12,22.3,6.78,3.5,-34.9215,-57.9545
Buenos Aires,2013,1,24.17,1.61,3.08,-34.9215,-57.9545
Buenos Aires,2013,2,23.33,3.11,3.28,-34.9215,-57.9545
Buenos Aires,2013,3,18.94,2.85,2.96,-34.9215,-57.9545
Buenos Aires,2013,4,17.04,5.66,2.92,-34.9215,-57.9545
Buenos Aires,2013,5,12.63,3.35,2.78,-34.9215,-57.9545
Buenos Aires,2013,6,9.57,0.32,2.71,-34.9215,-57.9545
Buenos Aires,2013,7,9.35,1.93,3.04,-34.9215,-57.9545
Buenos Aires,2013,8,9.6,0.23,3.24,-34.9215,-57.9545
Buenos Aires,2013,9,12.17,6.09,3.48,-34.9215,-57.9545
Buenos Aires,2013,10,16.62,0.91,3.09,-34.9215,-57.9545
Buenos Aires,2013,11,19.6,5.08,3.79,-34.9215,-57.9545
Buenos Aires,2013,12,25.93,0.94,3.05,-34.9215,-57.9545
Buenos Aires,2014,1,24.85,6.64,3.05,-34.9215,-57.9545
Buenos Aires,2014,2,21.46,7.72,3.12,-34.9215,-57.9545
Buenos Aires,2014,3,18.9,4.55,3.1,-34.9215,-57.9545
Buenos Aires,2014,4,16.21,3.1,3.06,-34.9215,-57.9545
Buenos Aires,2014,5,13.03,3.56,2.63,-34.9215,-57.9545
Buenos Aires,2014,6,9.25,1.28,2.74,-34.9215,-57.9545
Buenos Aires,2014,7,9.75,4.38,3.06,-34.9215,-57.9545
Buenos Aires,2014,8,11.77,1.12,3.14,-34.9215,-57.9545
Buenos Aires,2014,9,13.81,4.88,3.05,-34.9215,-57.9545
Buenos Aires,2014,10,17.93,5.72,3.26,-34.9215,-57.9545
Buenos Aires,2014,11,18.78,6.56,3.38,-34.9215,-57.9545
Buenos Aires,2014,12,22.09,2.21,2.78,-34.9215,-57.9545
Buenos Aires,2015,1,23.09,4.44,3.14,-34.9215,-57.9545
Buenos Aires,2015,2,23.36,1.55,3.11,-34.9215,-57.9545
Buenos Aires,2015,3,22.19,0.93,2.68,-34.9215,-57.9545
Buenos Aires,2015,4,19.19,1.83,3.17,-34.9215,-57.9545
Buenos Aires,2015,5,15.1,1.43,2.55,-34.9215,-57.9545
Buenos Aires,2015,6,10.84,1.61,2.96,-34.9215,-57.9545
Buenos Aires,2015,7,10.24,2.07,2.77,-34.9215,-57.9545
Buenos Aires,2015,8,12.61,6.25,3.33,-34.9215,-57.9545
Buenos Aires,2015,9,12.27,0.98,3.22,-34.9215,-57.9545
Buenos Aires,2015,10,14.02,2.37,3.53,-34.9215,-57.9545
Buenos Aires,2015,11,18.93,5.46,3.15,-34.9215,-57.9545
Buenos Aires,2015,12,23.64,1.76,2.83,-34.9215,-57.9545
Buenos Aires,2016,1,25.04,1.77,3.42,-34.9215,-57.9545
Buenos Aires,2016,2,25.04,4.82,2.9,-34.9215,-57.9545
Buenos Aires,2016,3,20.02,2.06,3.09,-34.9215,-57.9545
Buenos Aires,2016,4,16.17,5.96,3.46,-34.9215,-57.9545
Buenos Aires,2016,5,11.15,1.44,2.7,-34.9215,-57.9545
Buenos Aires,2016,6,8.13,0.99,2.75,-34.9215,-57.9545
Buenos Aires,2016,7,9.07,4.99,2.89,-34.9215,-57.9545
Buenos Aires,2016,8,11.13,1.45,2.62,-34.9215,-57.9545
Buenos Aires,2016,9,12.26,1.63,3.54,-34.9215,-57.9545
Buenos Aires,2016,10,15.75,3.61,3.46,-34.9215,-57.9545
Buenos Aires,2016,11,19.36,2.49,3.15,-34.9215,-57.9545
Buenos Aires,2016,12,23.88,3.19,3.21,-34.9215,-57.9545
Buenos Aires,2017,1,24.44,3.52,3.31,-34.9215,-57.9545
Buenos Aires,2017,2,24.04,4.7,2.85,-34.9215,-57.9545
Buenos Aires,2017,3,21.15,2.36,3.35,-34.9215,-57.9545
Buenos Aires,2017,4,17.32,3.22,3.24,-34.9215,-57.9545
Buenos Aires,2017,5,14.04,4.01,2.59,-34.9215,-57.9545
Buenos Aires,2017,6,11.54,0.09,3.12,-34.9215,-57.9545
Buenos Aires,2017,7,11.08,3.13,3.55,-34.9215,-57.9545
Buenos Aires,2017,8,12.82,4.73,3.22,-34.9215,-57.9545
Buenos Aires,2017,9,13.74,4.21,3.12,-34.9215,-57.9545
Buenos Aires,2017,10,15.76,3.44,3.14,-34.9215,-57.9545
Buenos Aires,2017,11,18.3,1.07,3.34,-34.9215,-57.9545
Buenos Aires,2017,12,23.05,3.36,3.3,-34.9215,-57.9545
Buenos Aires,2018,1,24.67,2.24,3.05,-34.9215,-57.9545
Buenos Aires,2018,2,24.08,2.13,2.9,-34.9215,-57.9545
Buenos Aires,2018,3,21.06,3.22,2.91,-34.9215,-57.9545
Buenos Aires,2018,4,19.99,6.09,2.94,-34.9215,-57.9545
Buenos Aires,2018,5,14.54,5.94,2.85,-34.9215,-57.9545
Buenos Aires,2018,6,8.62,0.35,2.93,-34.9215,-57.9545
Buenos Aires,2018,7,8.89,3.61,3.3,-34.9215,-57.9545
Buenos Aires,2018,8,9.89,1.78,3.33,-34.9215,-57.9545
Buenos Aires,2018,9,15.07,4.2,3.12,-34.9215,-57.9545
Buenos Aires,2018,10,15.55,0.78,2.82,-34.9215,-57.9545
Buenos Aires,2018,11,19.45,5.0,3.44,-34.9215,-57.9545
Buenos Aires,2018,12,20.98,7.03,3.22,-34.9215,-57.9545
Buenos Aires,2019,1,23.77,3.48,3.1,-34.9215,-57.9545
Buenos Aires,2019,2,23.05,2.93,2.96,-34.9215,-57.9545
Buenos Aires,2019,3,19.61,3.31,3.15,-34.9215,-57.9545
Buenos Aires,2019,4,17.47,1.27,2.79,-34.9215,-57.9545
Buenos Aires,2019,5,13.79,2.26,3.0,-34.9215,-57.9545
Buenos Aires,2019,6,12.21,5.03,3.34,-34.9215,-57.9545
Buenos Aires,2019,7,9.16,2.99,2.79,-34.9215,-57.9545
Buenos Aires,2019,8,10.15,1.11,2.96,-34.9215,-57.9545
Buenos Aires,2019,9,12.29,0.96,3.08,-34.9215,-57.9545
Buenos Aires,2019,10,15.5,5.8,3.51,-34.9215,-57.9545
Buenos Aires,2019,11,20.67,1.59,3.29,-34.9215,-57.9545
Buenos Aires,2019,12,22.49,3.32,3.22,-34.9215,-57.9545
Buenos Aires,2020,1,23.67,2.25,3.07,-34.9215,-57.9545
Buenos Aires,2020,2,23.51,2.37,3.12,-34.9215,-57.9545
Buenos Aires,2020,3,22.85,3.89,2.77,-34.9215,-57.9545
Buenos Aires,2020,4,16.46,3.47,3.29,-34.9215,-57.9545
Buenos Aires,2020,5,13.32,0.4,3.41,-34.9215,-57.9545
Buenos Aires,2020,6,10.88,3.39,2.97,-34.9215,-57.9545
Buenos Aires,2020,7,8.32,0.48,2.98,-34.9215,-57.9545
Buenos Aires,2020,8,11.39,1.34,3.22,-34.9215,-57.9545
Buenos Aires,2020,9,12.3,2.63,3.11,-34.9215,-57.9545
Buenos Aires,2020,10,15.52,3.46,3.28,-34.9215,-57.9545
Buenos Aires,2020,11,20.39,1.49,3.24,-34.9215,-57.9545
Buenos Aires,2020,12,22.7,1.77,3.34,-34.9215,-57.9545
Buenos Aires,2021,1,24.1,3.65,3.26,-34.9215,-57.9545
Buenos Aires,2021,2,22.3,4.18,3.09,-34.9215,-57.9545
Buenos Aires,2021,3,21.09,2.76,2.76,-34.9215,-57.9545
Buenos Aires,2021,4,19.15,2.1,2.86,-34.9215,-57.9545
Buenos Aires,2021,5,12.27,2.48,3.12,-34.9215,-57.9545
Buenos Aires,2021,6,9.75,0.58,3.02,-34.9215,-57.9545
Buenos Aires,2021,7,9.64,1.27,3.28,-34.9215,-57.9545
Buenos Aires,2021,8,10.52,1.43,2.61,-34.9215,-57.9545
Buenos Aires,2021,9,13.68,3.6,3.66,-34.9215,-57.9545
Buenos Aires,2021,10,16.77,1.5,2.93,-34.9215,-57.9545
Buenos Aires,2021,11,20.53,3.06,3.61,-34.9215,-57.9545
Buenos Aires,2021,12,23.95,0.64,3.4,-34.9215,-57.9545
Buenos Aires,2022,1,25.69,4.38,3.35,-34.9215,-57.9545
Buenos Aires,2022,2,21.97,3.7,3.03,-34.9215,-57.9545
Buenos Aires,2022,3,19.42,2.37,3.18,-34.9215,-57.9545
Buenos Aires,2022,4,16.38,2.02,2.71,-34.9215,-57.9545
Buenos Aires,2022,5,11.66,0.94,2.79,-34.9215,-57.9545
Buenos Aires,2022,6,7.87,0.0,2.5,-34.9215,-57.9545
Buenos Aires,2022,7,10.45,1.58,3.08,-34.9215,-57.9545
Buenos Aires,2022,8,11.26,0.66,2.87,-34.9215,-57.9545
Buenos Aires,2022,9,13.97,0.47,2.73,-34.9215,-57.9545
Buenos Aires,2022,10,16.49,0.57,3.53,-34.9215,-57.9545
Buenos Aires,2022,11,22.53,1.37,3.48,-34.9215,-57.9545
Buenos Aires,2022,12,24.34,1.8,3.4,-34.9215,-57.9545
Buenos Aires,2023,1,26.31,1.22,3.28,-34.9215,-57.9545
Buenos Aires,2023,2,25.25,0.7,3.0,-34.9215,-57.9545
Buenos Aires,2023,3,25.8,1.11,3.12,-34.9215,-57.9545
Buenos Aires,2023,4,17.62,1.19,2.64,-34.9215,-57.9545
Buenos Aires,2023,5,14.88,4.22,2.66,-34.9215,-57.9545
Buenos Aires,2023,6,10.84,0.07,2.5,-34.9215,-57.9545
Buenos Aires,2023,7,10.5,1.5,3.16,-34.9215,-57.9545
Buenos Aires,2023,8,11.16,3.32,3.25,-34.9215,-57.9545
Buenos Aires,2023,9,12.71,1.56,3.54,-34.9215,-57.9545
Buenos Aires,2023,10,16.62,1.19,3.32,-34.9215,-57.9545
Buenos Aires,2023,11,19.85,4.46,3.36,-34.9215,-57.9545
Buenos Aires,2023,12,21.77,4.76,3.32,-34.9215,-57.9545
Catamarca,1981,1,24.1,3.29,2.45,-28.4696,-65.7852
Catamarca,1981,2,22.89,3.96,2.19,-28.4696,-65.7852
Catamarca,1981,3,21.75,3.01,1.95,-28.4696,-65.7852
Catamarca,1981,4,18.95,1.49,1.68,-28.4696,-65.7852
Catamarca,1981,5,17.83,0.12,1.56,-28.4696,-65.7852
Catamarca,1981,6,11.36,0.01,1.64,-28.4696,-65.7852
Catamarca,1981,7,11.13,0.38,2.07,-28.4696,-65.7852
Catamarca,1981,8,15.4,0.37,1.87,-28.4696,-65.7852
Catamarca,1981,9,15.0,0.24,2.21,-28.4696,-65.7852
Catamarca,1981,10,19.55,1.71,2.53,-28.4696,-65.7852
Catamarca,1981,11,22.1,2.29,2.47,-28.4696,-65.7852
Catamarca,1981,12,24.8,1.94,2.65,-28.4696,-65.7852
Catamarca,1982,1,24.48,2.14,2.37,-28.4696,-65.7852
Catamarca,1982,2,23.28,1.83,2.26,-28.4696,-65.7852
Catamarca,1982,3,20.98,2.21,2.05,-28.4696,-65.7852
Catamarca,1982,4,19.05,1.03,1.9,-28.4696,-65.7852
Catamarca,1982,5,16.52,0.02,1.76,-28.4696,-65.7852
Catamarca,1982,6,12.56,0.23,1.59,-28.4696,-65.7852
Catamarca,1982,7,14.0,0.08,1.79,-28.4696,-65.7852
Catamarca,1982,8,15.6,0.01,2.16,-28.4696,-65.7852
Catamarca,1982,9,17.52,1.54,2.69,-28.4696,-65.7852
Catamarca,1982,10,20.07,0.13,2.51,-28.4696,-65.7852
Catamarca,1982,11,22.87,2.33,2.81,-28.4696,-65.7852
Catamarca,1982,12,23.83,3.58,2.18,-28.4696,-65.7852
Catamarca,1983,1,24.27,5.77,2.17,-28.4696,-65.7852
Catamarca,1983,2,22.39,3.16,1.98,-28.4696,-65.7852
Catamarca,1983,3,22.39,0.27,2.5,-28.4696,-65.7852
Catamarca,1983,4,19.37,1.39,1.88,-28.4696,-65.7852
Catamarca,1983,5,14.78,0.32,1.76,-28.4696,-65.7852
Catamarca,1983,6,9.77,0.22,1.46,-28.4696,-65.7852
Catamarca,1983,7,10.04,0.41,1.66,-28.4696,-65.7852
Catamarca,1983,8,12.34,0.13,2.35,-28.4696,-65.7852
Catamarca,1983,9,14.68,0.35,2.46,-28.4696,-65.7852
Catamarca,1983,10,21.33,1.95,2.74,-28.4696,-65.7852
Catamarca,1983,11,22.27,2.59,2.46,-28.4696,-65.7852
Catamarca,1983,12,25.27,2.17,2.24,-28.4696,-65.7852
Catamarca,1984,1,24.22,4.61,1.98,-28.4696,-65.7852
Catamarca,1984,2,23.63,3.39,2.09,-28.4696,-65.7852
Catamarca,1984,3,20.69,4.44,2.14,-28.4696,-65.7852
Catamarca,1984,4,16.81,0.47,1.81,-28.4696,-65.7852
Catamarca,1984,5,15.52,0.26,1.48,-28.4696,-65.7852
Catamarca,1984,6,9.75,0.35,1.68,-28.4696,-65.7852
Catamarca,1984,7,11.66,0.11,1.75,-28.4696,-65.7852
Catamarca,1984,8,11.95,0.09,1.96,-28.4696,-65.7852
Catamarca,1984,9,17.3,0.53,2.6,-28.4696,-65.7852
Catamarca,1984,10,22.44,0.18,2.74,-28.4696,-65.7852
Catamarca,1984,11,23.2,0.76,2.97,-28.4696,-65.7852
Catamarca,1984,12,23.06,1.79,2.84,-28.4696,-65.7852
Catamarca,1985,1,24.27,3.56,2.44,-28.4696,-65.7852
Catamarca,1985,2,22.47,4.71,2.0,-28.4696,-65.7852
Catamarca,1985,3,21.9,3.57,1.84,-28.4696,-65.7852
Catamarca,1985,4,18.66,0.35,1.84,-28.4696,-65.7852
Catamarca,1985,5,17.17,0.09,1.57,-28.4696,-65.7852
Catamarca,1985,6,14.05,0.02,1.62,-28.4696,-65.7852
Catamarca,1985,7,11.55,1.24,2.1,-28.4696,-65.7852
Catamarca,1985,8,13.39,0.87,1.91,-28.4696,-65.7852
Catamarca,1985,9,16.37,0.02,2.51,-28.4696,-65.7852
Catamarca,1985,10,20.86,1.31,2.54,-28.4696,-65.7852
Catamarca,1985,11,23.5,3.33,2.44,-28.4696,-65.7852
Catamarca,1985,12,25.52,2.32,2.24,-28.4696,-65.7852
Catamarca,1986,1,25.85,1.08,2.52,-28.4696,-65.7852
Catamarca,1986,2,23.87,3.96,2.22,-28.4696,-65.7852
Catamarca,1986,3,21.86,1.11,1.99,-28.4696,-65.7852
Catamarca,1986,4,20.85,0.41,1.83,-28.4696,-65.7852
Catamarca,1986,5,16.76,0.13,1.67,-28.4696,-65.7852
Catamarca,1986,6,14.16,0.22,1.67,-28.4696,-65.7852
Catamarca,1986,7,13.79,0.83,1.89,-28.4696,-65.7852
Catamarca,1986,8,15.1,0.35,2.06,-28.4696,-65.7852
Catamarca,1986,9,16.51,0.49,2.7,-28.4696,-65.7852
Catamarca,1986,10,20.26,0.74,2.51,-28.4696,-65.7852
Catamarca,1986,11,23.66,2.76,2.99,-28.4696,-65.7852
Catamarca,1986,12,25.79,2.21,2.48,-28.4696,-65.7852
Catamarca,1987,1,24.98,4.24,2.3,-28.4696,-65.7852
Catamarca,1987,2,23.98,0.66,2.58,-28.4696,-65.7852
Catamarca,1987,3,22.9,2.0,2.1,-28.4696,-65.7852
Catamarca,1987,4,19.12,1.87,1.86,-28.4696,-65.7852
Catamarca,1987,5,11.76,0.46,1.99,-28.4696,-65.7852
Catamarca,1987,6,12.96,0.02,1.56,-28.4696,-65.7852
Catamarca,1987,7,14.03,0.2,1.9,-28.4696,-65.7852
Catamarca,1987,8,12.91,0.12,2.25,-28.4696,-65.7852
Catamarca,1987,9,15.96,0.18,2.48,-28.4696,-65.7852
Catamarca,1987,10,20.75,1.38,2.64,-28.4696,-65.7852
Catamarca,1987,11,23.04,1.61,2.46,-28.4696,-65.7852
Catamarca,1987,12,23.37,3.3,2.48,-28.4696,-65.7852
Catamarca,1988,1,25.3,3.92,2.25,-28.4696,-65.7852
Catamarca,1988,2,22.45,4.06,2.07,-28.4696,-65.7852
Catamarca,1988,3,23.13,1.77,1.93,-28.4696,-65.7852
Catamarca,1988,4,18.31,0.16,1.9,-28.4696,-65.7852
Catamarca,1988,5,12.48,0.39,1.67,-28.4696,-65.7852
Catamarca,1988,6,11.22,0.01,1.64,-28.4696,-65.7852
Catamarca,1988,7,9.27,0.2,1.88,-28.4696,-65.7852
Catamarca,1988,8,14.77,0.0,2.06,-28.4696,-65.7852
Catamarca,1988,9,15.61,0.15,2.46,-28.4696,-65.7852
Catamarca,1988,10,20.4,0.18,2.49,-28.4696,-65.7852
Catamarca,1988,11,24.53,0.31,2.85,-28.4696,-65.7852
Catamarca,1988,12,26.75,1.03,2.44,-28.4696,-65.7852
Catamarca,1989,1,25.42,4.79,1.91,-28.4696,-65.7852
Catamarca,1989,2,24.97,3.35,1.97,-28.4696,-65.7852
Catamarca,1989,3,21.41,2.19,1.98,-28.4696,-65.7852
Catamarca,1989,4,18.9,0.4,1.86,-28.4696,-65.7852
Catamarca,1989,5,14.39,0.47,1.81,-28.4696,-65.7852
Catamarca,1989,6,14.56,0.17,1.62,-28.4696,-65.7852
Catamarca,1989,7,11.28,0.01,1.97,-28.4696,-65.7852
Catamarca,1989,8,14.82,0.01,2.36,-28.4696,-65.7852
Catamarca,1989,9,14.62,0.37,2.55,-28.4696,-65.7852
Catamarca,1989,10,20.02,0.39,2.7,-28.4696,-65.7852
Catamarca,1989,11,23.09,1.93,2.61,-28.4696,-65.7852
Catamarca,1989,12,25.34,2.48,2.43,-28.4696,-65.7852
Catamarca,1990,1,25.13,2.46,2.28,-28.4696,-65.7852
Catamarca,1990,2,22.52,3.43,1.84,-28.4696,-65.7852
Catamarca,1990,3,21.52,1.68,1.97,-28.4696,-65.7852
Catamarca,1990,4,19.08,0.77,1.82,-28.4696,-65.7852
Catamarca,1990,5,15.06,0.28,1.71,-28.4696,-65.7852
Catamarca,1990,6,12.27,0.06,1.65,-28.4696,-65.7852
Catamarca,1990,7,10.31,0.71,1.88,-28.4696,-65.7852
Catamarca,1990,8,15.76,0.04,1.97,-28.4696,-65.7852
Catamarca,1990,9,14.47,0.13,2.29,-28.4696,-65.7852
Catamarca,1990,10,20.49,1.56,2.49,-28.4696,-65.7852
Catamarca,1990,11,23.22,3.57,2.64,-28.4696,-65.7852
Catamarca,1990,12,24.6,1.64,2.97,-28.4696,-65.7852
Catamarca,1991,1,24.63,1.77,2.61,-28.4696,-65.7852
Catamarca,1991,2,23.84,3.2,2.2,-28.4696,-65.7852
Catamarca,1991,3,23.05,2.9,2.16,-28.4696,-65.7852
Catamarca,1991,4,19.75,0.6,1.92,-28.4696,-65.7852
Catamarca,1991,5,17.15,0.27,1.59,-28.4696,-65.7852
Catamarca,1991,6,12.44,0.31,1.56,-28.4696,-65.7852
Catamarca,1991,7,11.79,0.07,1.77,-28.4696,-65.7852
Catamarca,1991,8,13.54,0.07,2.1,-28.4696,-65.7852
Catamarca,1991,9,17.13,0.32,2.55,-28.4696,-65.7852
Catamarca,1991,10,18.77,1.6,2.42,-28.4696,-65.7852
Catamarca,1991,11,22.28,0.34,2.84,-28.4696,-65.7852
Catamarca,1991,12,24.58,4.21,2.36,-28.4696,-65.7852
Catamarca,1992,1,23.61,3.28,2.33,-28.4696,-65.7852
Catamarca,1992,2,21.74,5.66,2.27,-28.4696,-65.7852
Catamarca,1992,3,21.57,3.66,1.96,-28.4696,-65.7852
Catamarca,1992,4,16.6,2.54,1.83,-28.4696,-65.7852
Catamarca,1992,5,14.26,0.28,1.56,-28.4696,-65.7852
Catamarca,1992,6,13.33,0.28,1.41,-28.4696,-65.7852
Catamarca,1992,7,8.04,0.07,1.84,-28.4696,-65.7852
Catamarca,1992,8,12.97,0.35,2.12,-28.4696,-65.7852
Catamarca,1992,9,14.96,0.16,2.37,-28.4696,-65.7852
Catamarca,1992,10,20.2,0.18,2.59,-28.4696,-65.7852
Catamarca,1992,11,21.19,2.7,2.74,-28.4696,-65.7852
Catamarca,1992,12,23.98,2.6,2.83,-28.4696,-65.7852
Catamarca,1993,1,24.82,4.31,2.2,-28.4696,-65.7852
Catamarca,1993,2,22.43,1.92,2.08,-28.4696,-65.7852
Catamarca,1993,3,22.84,2.19,2.02,-28.4696,-65.7852
Catamarca,1993,4,18.61,0.36,1.89,-28.4696,-65.7852
Catamarca,1993,5,14.77,0.23,1.89,-28.4696,-65.7852
Catamarca,1993,6,12.64,0.01,1.52,-28.4696,-65.7852
Catamarca,1993,7,10.26,0.05,1.7,-28.4696,-65.7852
Catamarca,1993,8,14.19,0.0,1.93,-28.4696,-65.7852
Catamarca,1993,9,15.12,0.2,2.29,-28.4696,-65.7852
Catamarca,1993,10,19.45,0.89,2.51,-28.4696,-65.7852
Catamarca,1993,11,23.45,0.87,2.76,-28.4696,-65.7852
Catamarca,1993,12,25.53,1.58,2.78,-28.4696,-65.7852
Catamarca,1994,1,25.05,2.1,2.41,-28.4696,-65.7852
Catamarca,1994,2,22.45,3.45,2.16,-28.4696,-65.7852
Catamarca,1994,3,21.6,0.45,2.13,-28.4696,-65.7852
Catamarca,1994,4,18.68,0.52,1.98,-28.4696,-65.7852
Catamarca,1994,5,17.83,0.26,1.72,-28.4696,-65.7852
Catamarca,1994,6,14.59,0.03,1.68,-28.4696,-65.7852
Catamarca,1994,7,11.37,0.32,1.74,-28.4696,-65.7852
Catamarca,1994,8,13.94,0.04,2.2,-28.4696,-65.7852
Catamarca,1994,9,18.71,0.07,2.45,-28.4696,-65.7852
Catamarca,1994,10,20.64,0.73,2.66,-28.4696,-65.7852
Catamarca,1994,11,23.27,1.65,2.52,-28.4696,-65.7852
Catamarca,1994,12,26.76,2.87,2.53,-28.4696,-65.7852
Catamarca,1995,1,25.13,1.36,2.35,-28.4696,-65.7852
Catamarca,1995,2,23.1,1.27,2.12,-28.4696,-65.7852
Catamarca,1995,3,22.76,1.18,2.12,-28.4696,-65.7852
Catamarca,1995,4,19.84,0.12,1.91,-28.4696,-65.7852
Catamarca,1995,5,15.67,0.47,1.69,-28.4696,-65.7852
Catamarca,1995,6,13.52,0.01,1.77,-28.4696,-65.7852
Catamarca,1995,7,11.8,0.0,1.81,-28.4696,-65.7852
Catamarca,1995,8,13.51,0.0,1.96,-28.4696,-65.7852
Catamarca,1995,9,16.9,0.05,2.51,-28.4696,-65.7852
Catamarca,1995,10,20.11,0.05,2.64,-28.4696,-65.7852
Catamarca,1995,11,23.28,1.57,2.71,-28.4696,-65.7852
Catamarca,1995,12,25.79,0.53,2.45,-28.4696,-65.7852
Catamarca,1996,1,23.91,3.26,2.2,-28.4696,-65.7852
Catamarca,1996,2,23.78,1.15,2.44,-28.4696,-65.7852
Catamarca,1996,3,22.26,1.51,1.92,-28.4696,-65.7852
Catamarca,1996,4,17.67,0.83,2.01,-28.4696,-65.7852
Catamarca,1996,5,15.65,0.28,1.92,-28.4696,-65.7852
Catamarca,1996,6,9.76,0.43,1.61,-28.4696,-65.7852
Catamarca,1996,7,10.24,0.0,1.88,-28.4696,-65.7852
Catamarca,1996,8,15.26,0.0,2.26,-28.4696,-65.7852
Catamarca,1996,9,15.18,0.6,2.44,-28.4696,-65.7852
Catamarca,1996,10,20.1,0.79,2.6,-28.4696,-65.7852
Catamarca,1996,11,22.56,1.76,2.76,-28.4696,-65.7852
Catamarca,1996,12,24.53,2.69,2.56,-28.4696,-65.7852
Catamarca,1997,1,25.62,2.72,2.34,-28.4696,-65.7852
Catamarca,1997,2,21.61,2.86,2.32,-28.4696,-65.7852
Catamarca,1997,3,21.93,1.07,2.21,-28.4696,-65.7852
Catamarca,1997,4,20.55,0.04,1.78,-28.4696,-65.7852
Catamarca,1997,5,15.6,0.35,1.97,-28.4696,-65.7852
Catamarca,1997,6,13.23,0.03,1.48,-28.4696,-65.7852
Catamarca,1997,7,14.06,0.04,1.78,-28.4696,-65.7852
Catamarca,1997,8,15.17,0.04,2.25,-28.4696,-65.7852
Catamarca,1997,9,19.29,0.1,2.45,-28.4696,-65.7852
Catamarca,1997,10,20.31,0.65,2.63,-28.4696,-65.7852
Catamarca,1997,11,23.56,0.75,2.68,-28.4696,-65.7852
Catamarca,1997,12,25.45,2.49,2.92,-28.4696,-65.7852
Catamarca,1998,1,24.53,3.36,2.45,-28.4696,-65.7852
Catamarca,1998,2,21.99,2.31,2.39,-28.4696,-65.7852
Catamarca,1998,3,20.3,1.05,2.14,-28.4696,-65.7852
Catamarca,1998,4,17.33,1.14,2.03,-28.4696,-65.7852
Catamarca,1998,5,14.36,1.08,1.7,-28.4696,-65.7852
Catamarca,1998,6,11.37,0.61,1.73,-28.4696,-65.7852
Catamarca,1998,7,12.67,0.19,1.78,-28.4696,-65.7852
Catamarca,1998,8,12.96,0.55,2.02,-28.4696,-65.7852
Catamarca,1998,9,14.12,0.18,2.57,-28.4696,-65.7852
Catamarca,1998,10,20.68,1.26,2.67,-28.4696,-65.7852
Catamarca,1998,11,22.83,1.18,2.77,-28.4696,-65.7852
Catamarca,1998,12,24.95,2.5,2.42,-28.4696,-65.7852
Catamarca,1999,1,22.59,3.72,2.16,-28.4696,-65.7852
Catamarca,1999,2,23.68,2.74,2.2,-28.4696,-65.7852
Catamarca,1999,3,21.26,3.3,2.24,-28.4696,-65.7852
Catamarca,1999,4,15.82,0.61,1.78,-28.4696,-65.7852
Catamarca,1999,5,13.8,1.65,1.74,-28.4696,-65.7852
Catamarca,1999,6,11.05,0.27,1.65,-28.4696,-65.7852
Catamarca,1999,7,9.16,0.21,1.72,-28.4696,-65.7852
Catamarca,1999,8,13.16,0.06,2.09,-28.4696,-65.7852
Catamarca,1999,9,18.64,0.43,2.31,-28.4696,-65.7852
Catamarca,1999,10,19.12,2.8,2.66,-28.4696,-65.7852
Catamarca,1999,11,20.05,3.87,2.33,-28.4696,-65.7852
Catamarca,1999,12,22.86,3.25,2.48,-28.4696,-65.7852
Catamarca,2000,1,23.09,5.29,1.92,-28.4696,-65.7852
Catamarca,2000,2,21.17,2.6,2.16,-28.4696,-65.7852
Catamarca,2000,3,19.68,1.55,2.18,-28.4696,-65.7852
Catamarca,2000,4,18.99,1.86,1.84,-28.4696,-65.7852
Catamarca,2000,5,12.36,0.57,1.96,-28.4696,-65.7852
Catamarca,2000,6,11.21,0.36,1.66,-28.4696,-65.7852
Catamarca,2000,7,8.82,0.33,1.86,-28.4696,-65.7852
Catamarca,2000,8,13.4,0.01,2.04,-28.4696,-65.7852
Catamarca,2000,9,15.93,0.01,2.49,-28.4696,-65.7852
Catamarca,2000,10,20.79,1.62,2.69,-28.4696,-65.7852
Catamarca,2000,11,20.87,3.19,2.56,-28.4696,-65.7852
Catamarca,2000,12,23.56,2.74,2.26,-28.4696,-65.7852
Catamarca,2001,1,24.17,3.75,2.37,-28.4696,-65.7852
Catamarca,2001,2,24.33,2.9,2.12,-28.4696,-65.7852
Catamarca,2001,3,22.46,1.63,2.21,-28.4696,-65.7852
Catamarca,2001,4,17.57,1.36,2.0,-28.4696,-65.7852
Catamarca,2001,5,13.31,1.1,1.69,-28.4696,-65.7852
Catamarca,2001,6,12.01,0.65,1.58,-28.4696,-65.7852
Catamarca,2001,7,11.24,0.02,1.82,-28.4696,-65.7852
Catamarca,2001,8,15.35,0.01,2.16,-28.4696,-65.7852
Catamarca,2001,9,15.08,2.17,2.57,-28.4696,-65.7852
Catamarca,2001,10,19.84,1.17,2.8,-28.4696,-65.7852
Catamarca,2001,11,21.65,2.64,2.68,-28.4696,-65.7852
Catamarca,2001,12,23.42,2.39,2.17,-28.4696,-65.7852
Catamarca,2002,1,23.82,2.48,2.23,-28.4696,-65.7852
Catamarca,2002,2,22.17,3.78,2.19,-28.4696,-65.7852
Catamarca,2002,3,22.53,2.58,1.88,-28.4696,-65.7852
Catamarca,2002,4,17.56,1.05,1.93,-28.4696,-65.7852
Catamarca,2002,5,15.3,0.83,1.67,-28.4696,-65.7852
Catamarca,2002,6,9.68,0.06,1.69,-28.4696,-65.7852
Catamarca,2002,7,10.49,0.84,1.78,-28.4696,-65.7852
Catamarca,2002,8,14.03,0.1,2.07,-28.4696,-65.7852
Catamarca,2002,9,17.26,0.0,2.45,-28.4696,-65.7852
Catamarca,2002,10,22.24,4.67,2.44,-28.4696,-65.7852
Catamarca,2002,11,22.53,0.67,2.5,-28.4696,-65.7852
Catamarca,2002,12,22.72,4.38,2.52,-28.4696,-65.7852
Catamarca,2003,1,25.64,1.42,2.19,-28.4696,-65.7852
Catamarca,2003,2,24.59,1.44,2.12,-28.4696,-65.7852
Catamarca,2003,3,22.05,1.87,2.09,-28.4696,-65.7852
Catamarca,2003,4,18.39,0.95,1.75,-28.4696,-65.7852
Catamarca,2003,5,15.4,0.46,1.62,-28.4696,-65.7852
Catamarca,2003,6,14.6,0.25,1.56,-28.4696,-65.7852
Catamarca,2003,7,10.92,0.03,1.78,-28.4696,-65.7852
Catamarca,2003,8,12.06,0.02,2.12,-28.4696,-65.7852
Catamarca,2003,9,17.23,0.02,2.38,-28.4696,-65.7852
Catamarca,2003,10,22.1,0.59,3.01,-28.4696,-65.7852
Catamarca,2003,11,24.81,0.77,2.67,-28.4696,-65.7852
Catamarca,2003,12,24.31,1.31,2.88,-28.4696,-65.7852
Catamarca,2004,1,26.47,1.92,2.25,-28.4696,-65.7852
Catamarca,2004,2,22.61,2.76,2.33,-28.4696,-65.7852
Catamarca,2004,3,22.65,0.39,2.62,-28.4696,-65.7852
Catamarca,2004,4,19.33,1.5,1.92,-28.4696,-65.7852
Catamarca,2004,5,10.85,0.5,1.75,-28.4696,-65.7852
Catamarca,2004,6,12.08,0.05,1.68,-28.4696,-65.7852
Catamarca,2004,7,11.8,0.03,1.97,-28.4696,-65.7852
Catamarca,2004,8,13.51,0.04,2.04,-28.4696,-65.7852
Catamarca,2004,9,18.0,0.26,2.25,-28.4696,-65.7852
Catamarca,2004,10,21.5,0.04,3.41,-28.4696,-65.7852
Catamarca,2004,11,22.53,2.0,2.84,-28.4696,-65.7852
Catamarca,2004,12,24.4,2.46,2.74,-28.4696,-65.7852
Catamarca,2005,1,25.42,0.97,2.36,-28.4696,-65.7852
Catamarca,2005,2,24.4,1.23,2.26,-28.4696,-65.7852
Catamarca,2005,3,21.51,2.8,2.25,-28.4696,-65.7852
Catamarca,2005,4,16.27,1.56,1.87,-28.4696,-65.7852
Catamarca,2005,5,14.46,0.16,1.66,-28.4696,-65.7852
Catamarca,2005,6,12.73,0.29,1.48,-28.4696,-65.7852
Catamarca,2005,7,11.26,0.1,2.01,-28.4696,-65.7852
Catamarca,2005,8,14.06,0.04,2.14,-28.4696,-65.7852
Catamarca,2005,9,13.41,0.25,2.71,-28.4696,-65.7852
Catamarca,2005,10,18.6,0.74,2.59,-28.4696,-65.7852
Catamarca,2005,11,23.43,1.14,2.87,-28.4696,-65.7852
Catamarca,2005,12,24.48,1.88,2.8,-28.4696,-65.7852
Catamarca,2006,1,24.79,2.95,2.41,-28.4696,-65.7852
Catamarca,2006,2,24.2,1.73,2.16,-28.4696,-65.7852
Catamarca,2006,3,22.37,0.4,2.18,-28.4696,-65.7852
Catamarca,2006,4,19.03,0.81,2.04,-28.4696,-65.7852
Catamarca,2006,5,13.9,0.0,1.69,-28.4696,-65.7852
Catamarca,2006,6,13.53,0.16,1.64,-28.4696,-65.7852
Catamarca,2006,7,14.53,0.0,1.76,-28.4696,-65.7852
Catamarca,2006,8,13.63,0.0,2.05,-28.4696,-65.7852
Catamarca,2006,9,16.95,0.0,2.66,-28.4696,-65.7852
Catamarca,2006,10,22.28,0.94,2.7,-28.4696,-65.7852
Catamarca,2006,11,22.96,2.18,2.96,-28.4696,-65.7852
Catamarca,2006,12,25.07,2.03,2.7,-28.4696,-65.7852
Catamarca,2007,1,24.57,2.33,2.39,-28.4696,-65.7852
Catamarca,2007,2,23.68,1.64,2.57,-28.4696,-65.7852
Catamarca,2007,3,21.66,1.19,2.17,-28.4696,-65.7852
Catamarca,2007,4,19.35,0.21,2.0,-28.4696,-65.7852
Catamarca,2007,5,11.69,1.17,1.66,-28.4696,-65.7852
Catamarca,2007,6,11.09,0.01,1.57,-28.4696,-65.7852
Catamarca,2007,7,9.61,0.78,1.78,-28.4696,-65.7852
Catamarca,2007,8,8.85,0.19,2.23,-28.4696,-65.7852
Catamarca,2007,9,16.8,0.13,2.46,-28.4696,-65.7852
Catamarca,2007,10,20.93,0.91,2.62,-28.4696,-65.7852
Catamarca,2007,11,22.59,1.0,2.69,-28.4696,-65.7852
Catamarca,2007,12,23.91,3.44,2.4,-28.4696,-65.7852
Catamarca,2008,1,23.6,4.74,2.43,-28.4696,-65.7852
Catamarca,2008,2,22.22,3.19,1.95,-28.4696,-65.7852
Catamarca,2008,3,20.64,3.32,1.85,-28.4696,-65.7852
Catamarca,2008,4,16.89,3.11,1.56,-28.4696,-65.7852
Catamarca,2008,5,13.47,0.48,1.61,-28.4696,-65.7852
Catamarca,2008,6,9.61,0.0,1.48,-28.4696,-65.7852
Catamarca,2008,7,13.41,0.0,1.78,-28.4696,-65.7852
Catamarca,2008,8,13.71,0.02,2.05,-28.4696,-65.7852
Catamarca,2008,9,15.3,0.13,2.57,-28.4696,-65.7852
Catamarca,2008,10,20.43,0.35,2.75,-28.4696,-65.7852
Catamarca,2008,11,24.08,1.1,2.82,-28.4696,-65.7852
Catamarca,2008,12,24.11,2.57,2.23,-28.4696,-65.7852
Catamarca,2009,1,23.9,1.23,2.1,-28.4696,-65.7852
Catamarca,2009,2,24.15,1.47,2.22,-28.4696,-65.7852
Catamarca,2009,3,22.51,2.78,1.82,-28.4696,-65.7852
Catamarca,2009,4,20.43,0.15,1.84,-28.4696,-65.7852
Catamarca,2009,5,16.05,0.3,1.66,-28.4696,-65.7852
Catamarca,2009,6,11.53,0.0,1.65,-28.4696,-65.7852
Catamarca,2009,7,10.01,0.03,1.88,-28.4696,-65.7852
Catamarca,2009,8,15.1,0.0,2.12,-28.4696,-65.7852
Catamarca,2009,9,14.23,0.34,2.5,-28.4696,-65.7852
Catamarca,2009,10,21.39,0.02,2.65,-28.4696,-65.7852
Catamarca,2009,11,25.74,1.13,2.4,-28.4696,-65.7852
Catamarca,2009,12,23.53,2.98,2.56,-28.4696,-65.7852
Catamarca,2010,1,25.03,1.98,2.37,-28.4696,-65.7852
Catamarca,2010,2,24.78,1.92,2.31,-28.4696,-65.7852
Catamarca,2010,3,23.51,0.55,2.24,-28.4696,-65.7852
Catamarca,2010,4,17.13,1.02,1.93,-28.4696,-65.7852
Catamarca,2010,5,12.16,0.46,1.9,-28.4696,-65.7852
Catamarca,2010,6,11.45,0.01,1.72,-28.4696,-65.7852
Catamarca,2010,7,8.9,0.12,1.93,-28.4696,-65.7852
Catamarca,2010,8,11.51,0.0,2.2,-28.4696,-65.7852
Catamarca,2010,9,16.23,3.64,2.46,-28.4696,-65.7852
Catamarca,2010,10,18.09,0.64,2.65,-28.4696,-65.7852
Catamarca,2010,11,21.07,1.79,2.45,-28.4696,-65.7852
Catamarca,2010,12,23.55,2.31,2.21,-28.4696,-65.7852
Catamarca,2011,1,23.66,2.52,2.14,-28.4696,-65.7852
Catamarca,2011,2,21.47,4.83,2.11,-28.4696,-65.7852
Catamarca,2011,3,19.08,1.27,1.91,-28.4696,-65.7852
Catamarca,2011,4,17.72,0.8,1.9,-28.4696,-65.7852
Catamarca,2011,5,13.91,0.03,1.77,-28.4696,-65.7852
Catamarca,2011,6,11.22,0.1,1.61,-28.4696,-65.7852
Catamarca,2011,7,10.15,0.06,1.81,-28.4696,-65.7852
Catamarca,2011,8,12.17,0.12,2.26,-28.4696,-65.7852
Catamarca,2011,9,17.83,0.29,2.54,-28.4696,-65.7852
Catamarca,2011,10,19.83,0.4,2.55,-28.4696,-65.7852
Catamarca,2011,11,24.1,0.74,2.9,-28.4696,-65.7852
Catamarca,2011,12,23.61,1.57,2.32,-28.4696,-65.7852
Catamarca,2012,1,25.64,1.31,2.53,-28.4696,-65.7852
Catamarca,2012,2,24.86,3.29,2.3,-28.4696,-65.7852
Catamarca,2012,3,22.1,1.61,2.19,-28.4696,-65.7852
Catamarca,2012,4,17.88,1.33,1.89,-28.4696,-65.7852
Catamarca,2012,5,15.61,0.14,1.76,-28.4696,-65.7852
Catamarca,2012,6,11.9,0.01,1.64,-28.4696,-65.7852
Catamarca,2012,7,9.8,0.13,1.72,-28.4696,-65.7852
Catamarca,2012,8,13.36,0.09,2.37,-28.4696,-65.7852
Catamarca,2012,9,17.94,0.52,2.43,-28.4696,-65.7852
Catamarca,2012,10,20.69,0.72,2.73,-28.4696,-65.7852
Catamarca,2012,11,23.49,0.65,2.93,-28.4696,-65.7852
Catamarca,2012,12,26.41,0.58,2.78,-28.4696,-65.7852
Catamarca,2013,1,24.72,3.01,2.45,-28.4696,-65.7852
Catamarca,2013,2,23.92,2.29,2.41,-28.4696,-65.7852
Catamarca,2013,3,20.08,1.15,2.12,-28.4696,-65.7852
Catamarca,2013,4,18.42,0.8,2.09,-28.4696,-65.7852
Catamarca,2013,5,15.06,0.31,1.59,-28.4696,-65.7852
Catamarca,2013,6,12.61,0.56,1.51,-28.4696,-65.7852
Catamarca,2013,7,11.13,0.01,1.91,-28.4696,-65.7852
Catamarca,2013,8,12.19,0.09,1.98,-28.4696,-65.7852
Catamarca,2013,9,15.27,0.44,2.6,-28.4696,-65.7852
Catamarca,2013,10,20.41,1.64,2.9,-28.4696,-65.7852
Catamarca,2013,11,22.03,1.58,2.98,-28.4696,-65.7852
Catamarca,2013,12,26.75,2.54,2.4,-28.4696,-65.7852
Catamarca,2014,1,24.93,3.05,2.39,-28.4696,-65.7852
Catamarca,2014,2,22.15,6.65,2.24,-28.4696,-65.7852
Catamarca,2014,3,18.65,2.71,1.93,-28.4696,-65.7852
Catamarca,2014,4,17.33,1.53,1.85,-28.4696,-65.7852
Catamarca,2014,5,14.6,0.29,1.65,-28.4696,-65.7852
Catamarca,2014,6,10.65,1.0,1.64,-28.4696,-65.7852
Catamarca,2014,7,10.89,0.18,1.8,-28.4696,-65.7852
Catamarca,2014,8,15.21,0.0,2.2,-28.4696,-65.7852
Catamarca,2014,9,17.78,0.15,2.57,-28.4696,-65.7852
Catamarca,2014,10,23.37,0.62,2.93,-28.4696,-65.7852
Catamarca,2014,11,22.25,1.56,2.76,-28.4696,-65.7852
Catamarca,2014,12,23.52,2.77,2.61,-28.4696,-65.7852
Catamarca,2015,1,24.39,5.69,2.37,-28.4696,-65.7852
Catamarca,2015,2,22.59,4.85,2.24,-28.4696,-65.7852
Catamarca,2015,3,21.06,2.53,1.97,-28.4696,-65.7852
Catamarca,2015,4,19.46,0.51,1.92,-28.4696,-65.7852
Catamarca,2015,5,15.72,0.27,1.66,-28.4696,-65.7852
Catamarca,2015,6,13.38,0.03,1.57,-28.4696,-65.7852
Catamarca,2015,7,11.78,0.22,1.77,-28.4696,-65.7852
Catamarca,2015,8,15.02,0.9,2.08,-28.4696,-65.7852
Catamarca,2015,9,16.96,0.12,2.16,-28.4696,-65.7852
Catamarca,2015,10,18.51,1.5,2.89,-28.4696,-65.7852
Catamarca,2015,11,20.51,2.49,2.76,-28.4696,-65.7852
Catamarca,2015,12,23.91,4.03,2.49,-28.4696,-65.7852
Catamarca,2016,1,24.2,3.98,2.57,-28.4696,-65.7852
Catamarca,2016,2,25.13,1.97,2.49,-28.4696,-65.7852
Catamarca,2016,3,20.28,1.67,2.15,-28.4696,-65.7852
Catamarca,2016,4,17.05,2.8,1.82,-28.4696,-65.7852
Catamarca,2016,5,12.05,0.24,1.74,-28.4696,-65.7852
Catamarca,2016,6,8.68,1.49,1.58,-28.4696,-65.7852
Catamarca,2016,7,10.29,0.21,1.75,-28.4696,-65.7852
Catamarca,2016,8,14.73,0.28,1.85,-28.4696,-65.7852
Catamarca,2016,9,16.05,0.06,2.41,-28.4696,-65.7852
Catamarca,2016,10,19.49,0.64,2.91,-28.4696,-65.7852
Catamarca,2016,11,21.52,2.95,2.58,-28.4696,-65.7852
Catamarca,2016,12,24.34,1.73,2.61,-28.4696,-65.7852
Catamarca,2017,1,26.31,1.8,2.22,-28.4696,-65.7852
Catamarca,2017,2,24.43,3.91,2.02,-28.4696,-65.7852
Catamarca,2017,3,21.39,3.15,2.37,-28.4696,-65.7852
Catamarca,2017,4,17.04,2.05,1.98,-28.4696,-65.7852
Catamarca,2017,5,13.9,0.23,1.8,-28.4696,-65.7852
Catamarca,2017,6,12.09,0.13,1.7,-28.4696,-65.7852
Catamarca,2017,7,12.94,0.05,1.87,-28.4696,-65.7852
Catamarca,2017,8,14.44,0.15,2.32,-28.4696,-65.7852
Catamarca,2017,9,15.97,0.88,2.4,-28.4696,-65.7852
Catamarca,2017,10,20.02,0.61,2.52,-28.4696,-65.7852
Catamarca,2017,11,23.68,0.25,2.61,-28.4696,-65.7852
Catamarca,2017,12,25.22,5.52,2.34,-28.4696,-65.7852
Catamarca,2018,1,23.24,3.95,2.13,-28.4696,-65.7852
Catamarca,2018,2,22.93,2.12,1.96,-28.4696,-65.7852
Catamarca,2018,3,21.39,0.39,1.98,-28.4696,-65.7852
Catamarca,2018,4,21.33,0.72,1.69,-28.4696,-65.7852
Catamarca,2018,5,15.82,0.8,1.69,-28.4696,-65.7852
Catamarca,2018,6,9.69,0.06,1.66,-28.4696,-65.7852
Catamarca,2018,7,8.9,0.23,1.9,-28.4696,-65.7852
Catamarca,2018,8,12.9,0.01,2.27,-28.4696,-65.7852
Catamarca,2018,9,19.44,0.32,2.16,-28.4696,-65.7852
Catamarca,2018,10,20.17,2.02,2.45,-28.4696,-65.7852
Catamarca,2018,11,22.43,2.5,2.78,-28.4696,-65.7852
Catamarca,2018,12,23.14,3.91,2.43,-28.4696,-65.7852
Catamarca,2019,1,23.32,5.17,2.04,-28.4696,-65.7852
Catamarca,2019,2,22.26,3.96,1.93,-28.4696,-65.7852
Catamarca,2019,3,19.2,5.32,1.95,-28.4696,-65.7852
Catamarca,2019,4,17.44,2.04,1.59,-28.4696,-65.7852
Catamarca,2019,5,13.73,0.31,1.63,-28.4696,-65.7852
Catamarca,2019,6,12.0,0.06,1.64,-28.4696,-65.7852
Catamarca,2019,7,11.13,0.07,1.63,-28.4696,-65.7852
Catamarca,2019,8,12.71,0.0,2.04,-28.4696,-65.7852
Catamarca,2019,9,15.86,0.34,2.45,-28.4696,-65.7852
Catamarca,2019,10,20.1,0.46,2.36,-28.4696,-65.7852
Catamarca,2019,11,24.8,1.61,2.56,-28.4696,-65.7852
Catamarca,2019,12,24.24,1.68,2.4,-28.4696,-65.7852
Catamarca,2020,1,25.17,3.44,2.19,-28.4696,-65.7852
Catamarca,2020,2,23.1,2.42,2.31,-28.4696,-65.7852
Catamarca,2020,3,23.53,2.22,2.19,-28.4696,-65.7852
Catamarca,2020,4,18.49,0.84,2.01,-28.4696,-65.7852
Catamarca,2020,5,15.06,0.06,1.62,-28.4696,-65.7852
Catamarca,2020,6,12.02,0.38,1.69,-28.4696,-65.7852
Catamarca,2020,7,10.83,0.04,1.84,-28.4696,-65.7852
Catamarca,2020,8,14.19,0.0,2.18,-28.4696,-65.7852
Catamarca,2020,9,17.43,0.0,2.59,-28.4696,-65.7852
Catamarca,2020,10,20.52,1.25,2.72,-28.4696,-65.7852
Catamarca,2020,11,22.9,2.59,2.95,-28.4696,-65.7852
Catamarca,2020,12,24.02,1.69,2.76,-28.4696,-65.7852
Catamarca,2021,1,23.76,2.85,2.36,-28.4696,-65.7852
Catamarca,2021,2,22.25,2.88,2.22,-28.4696,-65.7852
Catamarca,2021,3,19.5,5.94,2.12,-28.4696,-65.7852
Catamarca,2021,4,18.25,1.31,2.22,-28.4696,-65.7852
Catamarca,2021,5,13.44,0.34,1.69,-28.4696,-65.7852
Catamarca,2021,6,10.33,8.79,1.75,-28.4696,-65.7852
Catamarca,2021,7,11.21,0.0,1.68,-28.4696,-65.7852
Catamarca,2021,8,13.14,0.0,2.11,-28.4696,-65.7852
Catamarca,2021,9,17.54,0.13,2.67,-28.4696,-65.7852
Catamarca,2021,10,20.68,0.42,3.02,-28.4696,-65.7852
Catamarca,2021,11,22.02,1.61,2.89,-28.4696,-65.7852
Catamarca,2021,12,25.35,1.9,2.66,-28.4696,-65.7852
Catamarca,2022,1,26.81,4.1,2.21,-28.4696,-65.7852
Catamarca,2022,2,22.85,1.65,2.24,-28.4696,-65.7852
Catamarca,2022,3,19.74,3.81,2.07,-28.4696,-65.7852
Catamarca,2022,4,17.59,1.02,1.86,-28.4696,-65.7852
Catamarca,2022,5,13.13,0.15,1.52,-28.4696,-65.7852
Catamarca,2022,6,9.68,0.05,1.72,-28.4696,-65.7852
Catamarca,2022,7,12.51,0.18,1.8,-28.4696,-65.7852
Catamarca,2022,8,13.43,0.02,2.16,-28.4696,-65.7852
Catamarca,2022,9,14.71,1.28,2.57,-28.4696,-65.7852
Catamarca,2022,10,18.63,0.17,3.07,-28.4696,-65.7852
Catamarca,2022,11,22.79,5.62,2.91,-28.4696,-65.7852
Catamarca,2022,12,24.49,3.15,2.25,-28.4696,-65.7852
Catamarca,2023,1,25.33,3.52,2.32,-28.4696,-65.7852
Catamarca,2023,2,23.68,4.97,1.96,-28.4696,-65.7852
Catamarca,2023,3,24.5,2.47,2.11,-28.4696,-65.7852
Catamarca,2023,4,18.08,2.06,1.81,-28.4696,-65.7852
Catamarca,2023,5,15.6,0.33,1.65,-28.4696,-65.7852
Catamarca,2023,6,13.5,0.01,1.44,-28.4696,-65.7852
Catamarca,2023,7,13.08,0.18,1.83,-28.4696,-65.7852
Catamarca,2023,8,16.45,0.0,2.11,-28.4696,-65.7852
Catamarca,2023,9,18.28,0.07,2.41,-28.4696,-65.7852
Catamarca,2023,10,21.16,0.62,2.88,-28.4696,-65.7852
Catamarca,2023,11,23.17,1.28,2.8,-28.4696,-65.7852
Catamarca,2023,12,24.52,5.3,2.76,-28.4696,-65.7852
Chaco,1981,1,26.85,8.14,2.43,-27.4513,-58.9866
Chaco,1981,2,26.24,9.23,2.55,-27.4513,-58.9866
Chaco,1981,3,24.15,5.22,1.99,-27.4513,-58.9866
Chaco,1981,4,21.8,4.71,2.05,-27.4513,-58.9866
Chaco,1981,5,20.79,4.45,2.95,-27.4513,-58.9866
Chaco,1981,6,14.06,2.37,2.17,-27.4513,-58.9866
Chaco,1981,7,14.34,1.45,2.85,-27.4513,-58.9866
Chaco,1981,8,18.07,1.17,2.53,-27.4513,-58.9866
Chaco,1981,9,17.7,1.08,3.02,-27.4513,-58.9866
Chaco,1981,10,22.43,3.89,2.95,-27.4513,-58.9866
Chaco,1981,11,24.9,6.78,2.53,-27.4513,-58.9866
Chaco,1981,12,26.39,2.82,2.77,-27.4513,-58.9866
Chaco,1982,1,27.78,3.16,2.35,-27.4513,-58.9866
Chaco,1982,2,26.09,6.46,2.56,-27.4513,-58.9866
Chaco,1982,3,25.68,2.05,2.2,-27.4513,-58.9866
Chaco,1982,4,23.26,3.06,1.93,-27.4513,-58.9866
Chaco,1982,5,19.61,1.66,2.66,-27.4513,-58.9866
Chaco,1982,6,16.27,7.52,2.67,-27.4513,-58.9866
Chaco,1982,7,17.25,0.82,2.66,-27.4513,-58.9866
Chaco,1982,8,18.2,4.2,3.13,-27.4513,-58.9866
Chaco,1982,9,20.48,5.31,3.14,-27.4513,-58.9866
Chaco,1982,10,20.82,1.89,3.04,-27.4513,-58.9866
Chaco,1982,11,23.28,13.25,2.92,-27.4513,-58.9866
Chaco,1982,12,25.21,4.61,2.39,-27.4513,-58.9866
Chaco,1983,1,27.92,8.1,2.02,-27.4513,-58.9866
Chaco,1983,2,26.07,6.84,2.62,-27.4513,-58.9866
Chaco,1983,3,23.93,5.7,2.69,-27.4513,-58.9866
Chaco,1983,4,20.95,12.5,2.54,-27.4513,-58.9866
Chaco,1983,5,18.19,7.02,2.5,-27.4513,-58.9866
Chaco,1983,6,12.41,0.32,2.31,-27.4513,-58.9866
Chaco,1983,7,13.29,2.19,2.59,-27.4513,-58.9866
Chaco,1983,8,15.43,0.27,2.92,-27.4513,-58.9866
Chaco,1983,9,16.5,0.33,2.76,-27.4513,-58.9866
Chaco,1983,10,22.05,4.49,3.35,-27.4513,-58.9866
Chaco,1983,11,23.59,3.1,2.6,-27.4513,-58.9866
Chaco,1983,12,29.03,2.35,2.45,-27.4513,-58.9866
Chaco,1984,1,28.56,11.51,2.47,-27.4513,-58.9866
Chaco,1984,2,27.42,5.47,2.83,-27.4513,-58.9866
Chaco,1984,3,24.74,9.56,2.49,-27.4513,-58.9866
Chaco,1984,4,19.39,4.03,2.36,-27.4513,-58.9866
Chaco,1984,5,19.4,7.36,2.84,-27.4513,-58.9866
Chaco,1984,6,13.88,3.01,2.29,-27.4513,-58.9866
Chaco,1984,7,15.33,1.02,2.91,-27.4513,-58.9866
Chaco,1984,8,13.86,0.53,2.47,-27.4513,-58.9866
Chaco,1984,9,18.75,3.49,3.04,-27.4513,-58.9866
Chaco,1984,10,23.36,5.56,3.14,-27.4513,-58.9866
Chaco,1984,11,24.04,6.74,2.65,-27.4513,-58.9866
Chaco,1984,12,25.08,2.55,2.66,-27.4513,-58.9866
Chaco,1985,1,29.03,2.11,2.59,-27.4513,-58.9866
Chaco,1985,2,28.06,10.62,2.31,-27.4513,-58.9866
Chaco,1985,3,25.16,7.73,2.5,-27.4513,-58.9866
Chaco,1985,4,20.87,10.3,2.65,-27.4513,-58.9866
Chaco,1985,5,18.71,4.59,2.48,-27.4513,-58.9866
Chaco,1985,6,15.53,1.15,2.44,-27.4513,-58.9866
Chaco,1985,7,14.57,2.42,2.95,-27.4513,-58.9866
Chaco,1985,8,15.21,1.66,2.69,-27.4513,-58.9866
Chaco,1985,9,18.15,3.83,2.85,-27.4513,-58.9866
Chaco,1985,10,22.31,2.06,2.85,-27.4513,-58.9866
Chaco,1985,11,28.3,0.77,3.16,-27.4513,-58.9866
Chaco,1985,12,30.93,2.62,2.41,-27.4513,-58.9866
Chaco,1986,1,31.84,2.23,2.73,-27.4513,-58.9866
Chaco,1986,2,29.07,5.71,2.73,-27.4513,-58.9866
Chaco,1986,3,23.87,13.83,2.43,-27.4513,-58.9866
Chaco,1986,4,22.87,13.4,3.01,-27.4513,-58.9866
Chaco,1986,5,18.17,5.16,2.68,-27.4513,-58.9866
Chaco,1986,6,17.54,6.34,2.86,-27.4513,-58.9866
Chaco,1986,7,15.57,1.77,2.63,-27.4513,-58.9866
Chaco,1986,8,17.44,0.98,2.62,-27.4513,-58.9866
Chaco,1986,9,18.68,5.88,3.37,-27.4513,-58.9866
Chaco,1986,10,20.48,6.17,2.95,-27.4513,-58.9866
Chaco,1986,11,23.77,6.23,3.32,-27.4513,-58.9866
Chaco,1986,12,26.05,3.99,2.26,-27.4513,-58.9866
Chaco,1987,1,27.69,6.44,2.11,-27.4513,-58.9866
Chaco,1987,2,25.71,8.48,2.89,-27.4513,-58.9866
Chaco,1987,3,25.03,3.4,2.5,-27.4513,-58.9866
Chaco,1987,4,21.91,9.7,2.39,-27.4513,-58.9866
Chaco,1987,5,14.44,1.42,2.38,-27.4513,-58.9866
Chaco,1987,6,14.05,3.15,2.46,-27.4513,-58.9866
Chaco,1987,7,17.85,3.87,2.98,-27.4513,-58.9866
Chaco,1987,8,15.12,1.91,2.81,-27.4513,-58.9866
Chaco,1987,9,16.65,1.77,3.16,-27.4513,-58.9866
Chaco,1987,10,20.77,2.34,2.8,-27.4513,-58.9866
Chaco,1987,11,24.75,6.17,2.88,-27.4513,-58.9866
Chaco,1987,12,25.49,4.85,2.66,-27.4513,-58.9866
Chaco,1988,1,28.02,6.74,2.83,-27.4513,-58.9866
Chaco,1988,2,26.56,2.31,2.02,-27.4513,-58.9866
Chaco,1988,3,29.17,4.33,2.41,-27.4513,-58.9866
Chaco,1988,4,21.03,5.62,2.47,-27.4513,-58.9866
Chaco,1988,5,14.45,0.26,2.08,-27.4513,-58.9866
Chaco,1988,6,13.2,1.38,2.37,-27.4513,-58.9866
Chaco,1988,7,13.3,0.28,3.01,-27.4513,-58.9866
Chaco,1988,8,17.9,1.13,3.06,-27.4513,-58.9866
Chaco,1988,9,18.83,2.34,2.95,-27.4513,-58.9866
Chaco,1988,10,21.39,3.16,3.17,-27.4513,-58.9866
Chaco,1988,11,25.67,3.49,3.05,-27.4513,-58.9866
Chaco,1988,12,29.09,3.06,2.35,-27.4513,-58.9866
Chaco,1989,1,30.15,3.35,2.61,-27.4513,-58.9866
Chaco,1989,2,28.97,4.86,2.45,-27.4513,-58.9866
Chaco,1989,3,25.15,6.59,2.23,-27.4513,-58.9866
Chaco,1989,4,21.23,9.02,2.27,-27.4513,-58.9866
Chaco,1989,5,16.88,0.39,2.52,-27.4513,-58.9866
Chaco,1989,6,16.25,3.15,2.13,-27.4513,-58.9866
Chaco,1989,7,13.41,2.37,2.72,-27.4513,-58.9866
Chaco,1989,8,16.63,3.52,3.33,-27.4513,-58.9866
Chaco,1989,9,16.31,3.58,2.93,-27.4513,-58.9866
Chaco,1989,10,20.47,6.49,2.97,-27.4513,-58.9866
Chaco,1989,11,23.44,3.06,2.63,-27.4513,-58.9866
Chaco,1989,12,28.01,5.92,2.35,-27.4513,-58.9866
Chaco,1990,1,28.18,5.41,2.91,-27.4513,-58.9866
Chaco,1990,2,26.06,5.1,2.64,-27.4513,-58.9866
Chaco,1990,3,26.34,7.09,2.74,-27.4513,-58.9866
Chaco,1990,4,23.01,15.69,2.57,-27.4513,-58.9866
Chaco,1990,5,16.3,2.51,2.4,-27.4513,-58.9866
Chaco,1990,6,13.06,2.48,2.2,-27.4513,-58.9866
Chaco,1990,7,12.27,1.12,2.54,-27.4513,-58.9866
Chaco,1990,8,17.16,1.9,2.9,-27.4513,-58.9866
Chaco,1990,9,16.47,2.11,2.91,-27.4513,-58.9866
Chaco,1990,10,23.1,8.95,2.76,-27.4513,-58.9866
Chaco,1990,11,24.79,5.72,3.18,-27.4513,-58.9866
Chaco,1990,12,24.91,8.64,3.04,-27.4513,-58.9866
Chaco,1991,1,27.17,3.79,2.67,-27.4513,-58.9866
Chaco,1991,2,27.4,3.78,2.27,-27.4513,-58.9866
Chaco,1991,3,27.87,1.21,2.24,-27.4513,-58.9866
Chaco,1991,4,22.95,5.48,2.49,-27.4513,-58.9866
Chaco,1991,5,19.15,6.69,2.78,-27.4513,-58.9866
Chaco,1991,6,15.95,3.16,2.51,-27.4513,-58.9866
Chaco,1991,7,14.25,1.04,2.85,-27.4513,-58.9866
Chaco,1991,8,17.29,0.32,3.02,-27.4513,-58.9866
Chaco,1991,9,21.07,3.41,3.12,-27.4513,-58.9866
Chaco,1991,10,21.46,3.58,3.16,-27.4513,-58.9866
Chaco,1991,11,23.52,6.39,2.68,-27.4513,-58.9866
Chaco,1991,12,26.3,9.16,2.5,-27.4513,-58.9866
Chaco,1992,1,26.67,2.77,2.18,-27.4513,-58.9866
Chaco,1992,2,27.59,6.27,2.4,-27.4513,-58.9866
Chaco,1992,3,24.17,6.58,2.42,-27.4513,-58.9866
Chaco,1992,4,20.66,7.21,2.6,-27.4513,-58.9866
Chaco,1992,5,18.15,2.2,2.75,-27.4513,-58.9866
Chaco,1992,6,17.84,4.32,3.02,-27.4513,-58.9866
Chaco,1992,7,11.55,1.22,2.87,-27.4513,-58.9866
Chaco,1992,8,14.69,3.44,2.68,-27.4513,-58.9866
Chaco,1992,9,17.33,1.9,2.64,-27.4513,-58.9866
Chaco,1992,10,20.57,7.97,2.99,-27.4513,-58.9866
Chaco,1992,11,22.24,4.3,2.8,-27.4513,-58.9866
Chaco,1992,12,26.88,6.6,2.52,-27.4513,-58.9866
Chaco,1993,1,27.33,5.75,2.32,-27.4513,-58.9866
Chaco,1993,2,25.88,1.33,2.49,-27.4513,-58.9866
Chaco,1993,3,26.24,5.71,2.33,-27.4513,-58.9866
Chaco,1993,4,23.15,4.36,2.6,-27.4513,-58.9866
Chaco,1993,5,18.37,1.66,3.09,-27.4513,-58.9866
Chaco,1993,6,15.66,1.73,2.63,-27.4513,-58.9866
Chaco,1993,7,14.17,1.23,2.82,-27.4513,-58.9866
Chaco,1993,8,16.46,1.22,2.73,-27.4513,-58.9866
Chaco,1993,9,18.09,2.38,2.92,-27.4513,-58.9866
Chaco,1993,10,22.55,4.72,3.07,-27.4513,-58.9866
Chaco,1993,11,23.26,9.71,2.86,-27.4513,-58.9866
Chaco,1993,12,25.14,4.29,2.66,-27.4513,-58.9866
Chaco,1994,1,27.66,6.59,2.34,-27.4513,-58.9866
Chaco,1994,2,25.17,8.51,2.47,-27.4513,-58.9866
Chaco,1994,3,23.64,7.39,2.4,-27.4513,-58.9866
Chaco,1994,4,21.19,4.3,2.53,-27.4513,-58.9866
Chaco,1994,5,20.3,3.83,2.49,-27.4513,-58.9866
Chaco,1994,6,15.95,3.14,2.77,-27.4513,-58.9866
Chaco,1994,7,14.95,1.4,2.82,-27.4513,-58.9866
Chaco,1994,8,16.61,1.47,2.81,-27.4513,-58.9866
Chaco,1994,9,21.32,1.89,3.53,-27.4513,-58.9866
Chaco,1994,10,23.26,4.55,3.05,-27.4513,-58.9866
Chaco,1994,11,23.39,6.51,2.81,-27.4513,-58.9866
Chaco,1994,12,28.77,2.92,2.41,-27.4513,-58.9866
Chaco,1995,1,28.72,5.87,2.39,-27.4513,-58.9866
Chaco,1995,2,26.69,7.47,2.33,-27.4513,-58.9866
Chaco,1995,3,24.54,6.13,2.08,-27.4513,-58.9866
Chaco,1995,4,20.44,3.4,2.57,-27.4513,-58.9866
Chaco,1995,5,16.59,3.0,1.92,-27.4513,-58.9866
Chaco,1995,6,16.29,0.26,2.73,-27.4513,-58.9866
Chaco,1995,7,16.78,1.08,2.78,-27.4513,-58.9866
Chaco,1995,8,17.44,1.26,2.74,-27.4513,-58.9866
Chaco,1995,9,20.36,1.43,3.36,-27.4513,-58.9866
Chaco,1995,10,22.38,2.09,3.18,-27.4513,-58.9866
Chaco,1995,11,27.67,2.48,3.03,-27.4513,-58.9866
Chaco,1995,12,28.62,2.78,2.52,-27.4513,-58.9866
Chaco,1996,1,29.2,6.66,2.63,-27.4513,-58.9866
Chaco,1996,2,26.2,9.07,2.23,-27.4513,-58.9866
Chaco,1996,3,24.51,6.06,2.19,-27.4513,-58.9866
Chaco,1996,4,21.99,11.32,2.65,-27.4513,-58.9866
Chaco,1996,5,18.3,0.8,2.06,-27.4513,-58.9866
Chaco,1996,6,12.53,0.36,2.6,-27.4513,-58.9866
Chaco,1996,7,12.82,0.23,2.22,-27.4513,-58.9866
Chaco,1996,8,18.93,1.21,2.98,-27.4513,-58.9866
Chaco,1996,9,18.82,3.88,2.98,-27.4513,-58.9866
Chaco,1996,10,21.36,7.63,2.84,-27.4513,-58.9866
Chaco,1996,11,23.75,4.85,2.74,-27.4513,-58.9866
Chaco,1996,12,25.95,10.4,2.43,-27.4513,-58.9866
Chaco,1997,1,29.72,3.13,2.35,-27.4513,-58.9866
Chaco,1997,2,26.11,9.64,2.42,-27.4513,-58.9866
Chaco,1997,3,24.42,1.84,2.24,-27.4513,-58.9866
Chaco,1997,4,22.35,1.86,2.01,-27.4513,-58.9866
Chaco,1997,5,20.04,2.73,2.49,-27.4513,-58.9866
Chaco,1997,6,16.03,0.97,2.57,-27.4513,-58.9866
Chaco,1997,7,18.1,0.7,3.12,-27.4513,-58.9866
Chaco,1997,8,18.83,0.88,3.34,-27.4513,-58.9866
Chaco,1997,9,22.11,2.8,3.14,-27.4513,-58.9866
Chaco,1997,10,22.94,6.86,3.45,-27.4513,-58.9866
Chaco,1997,11,24.61,9.34,2.95,-27.4513,-58.9866
Chaco,1997,12,27.47,6.22,3.18,-27.4513,-58.9866
Chaco,1998,1,27.33,9.29,3.03,-27.4513,-58.9866
Chaco,1998,2,25.54,9.01,2.79,-27.4513,-58.9866
Chaco,1998,3,22.7,5.73,2.68,-27.4513,-58.9866
Chaco,1998,4,20.61,15.43,2.89,-27.4513,-58.9866
Chaco,1998,5,17.44,1.33,2.48,-27.4513,-58.9866
Chaco,1998,6,14.91,2.18,2.42,-27.4513,-58.9866
Chaco,1998,7,16.05,1.01,2.46,-27.4513,-58.9866
Chaco,1998,8,15.54,1.78,2.33,-27.4513,-58.9866
Chaco,1998,9,16.93,1.86,3.16,-27.4513,-58.9866
Chaco,1998,10,21.53,4.12,2.9,-27.4513,-58.9866
Chaco,1998,11,23.96,5.41,2.69,-27.4513,-58.9866
Chaco,1998,12,26.23,5.67,2.67,-27.4513,-58.9866
Chaco,1999,1,27.93,3.74,2.35,-27.4513,-58.9866
Chaco,1999,2,26.83,5.74,2.4,-27.4513,-58.9866
Chaco,1999,3,27.29,6.08,2.33,-27.4513,-58.9866
Chaco,1999,4,19.99,4.2,2.33,-27.4513,-58.9866
Chaco,1999,5,16.3,3.25,2.19,-27.4513,-58.9866
Chaco,1999,6,14.38,1.57,2.25,-27.4513,-58.9866
Chaco,1999,7,13.65,1.06,2.45,-27.4513,-58.9866
Chaco,1999,8,17.03,0.07,3.17,-27.4513,-58.9866
Chaco,1999,9,21.84,0.83,3.14,-27.4513,-58.9866
Chaco,1999,10,23.27,1.68,3.22,-27.4513,-58.9866
Chaco,1999,11,24.97,2.06,2.91,-27.4513,-58.9866
Chaco,1999,12,28.85,3.03,2.8,-27.4513,-58.9866
Chaco,2000,1,29.01,6.17,2.56,-27.4513,-58.9866
Chaco,2000,2,26.49,7.41,2.5,-27.4513,-58.9866
Chaco,2000,3,24.24,3.51,2.51,-27.4513,-58.9866
Chaco,2000,4,22.06,5.5,2.44,-27.4513,-58.9866
Chaco,2000,5,16.32,2.26,2.61,-27.4513,-58.9866
Chaco,2000,6,16.06,2.31,2.98,-27.4513,-58.9866
Chaco,2000,7,10.92,0.27,2.72,-27.4513,-58.9866
Chaco,2000,8,17.25,1.54,2.97,-27.4513,-58.9866
Chaco,2000,9,19.78,1.14,3.39,-27.4513,-58.9866
Chaco,2000,10,23.75,8.83,2.98,-27.4513,-58.9866
Chaco,2000,11,22.42,5.16,2.86,-27.4513,-58.9866
Chaco,2000,12,25.81,9.0,2.64,-27.4513,-58.9866
Chaco,2001,1,26.62,6.46,2.55,-27.4513,-58.9866
Chaco,2001,2,27.52,3.41,2.35,-27.4513,-58.9866
Chaco,2001,3,26.75,3.8,2.38,-27.4513,-58.9866
Chaco,2001,4,22.83,4.21,2.56,-27.4513,-58.9866
Chaco,2001,5,16.54,0.44,2.47,-27.4513,-58.9866
Chaco,2001,6,16.04,4.87,2.71,-27.4513,-58.9866
Chaco,2001,7,15.93,0.74,3.06,-27.4513,-58.9866
Chaco,2001,8,19.7,1.29,3.13,-27.4513,-58.9866
Chaco,2001,9,19.3,2.35,3.16,-27.4513,-58.9866
Chaco,2001,10,22.72,4.75,3.11,-27.4513,-58.9866
Chaco,2001,11,24.77,5.28,3.17,-27.4513,-58.9866
Chaco,2001,12,26.86,2.16,2.38,-27.4513,-58.9866
Chaco,2002,1,28.33,6.29,2.71,-27.4513,-58.9866
Chaco,2002,2,26.01,3.18,2.49,-27.4513,-58.9866
Chaco,2002,3,27.27,11.04,2.86,-27.4513,-58.9866
Chaco,2002,4,21.3,11.31,2.49,-27.4513,-58.9866
Chaco,2002,5,18.85,2.35,2.92,-27.4513,-58.9866
Chaco,2002,6,13.46,1.41,2.75,-27.4513,-58.9866
Chaco,2002,7,13.09,3.58,2.49,-27.4513,-58.9866
Chaco,2002,8,16.69,2.15,3.13,-27.4513,-58.9866
Chaco,2002,9,17.57,3.27,2.83,-27.4513,-58.9866
Chaco,2002,10,24.03,5.43,3.37,-27.4513,-58.9866
Chaco,2002,11,24.01,7.09,3.27,-27.4513,-58.9866
Chaco,2002,12,25.1,6.83,3.06,-27.4513,-58.9866
Chaco,2003,1,26.93,3.07,2.28,-27.4513,-58.9866
Chaco,2003,2,26.5,5.48,2.85,-27.4513,-58.9866
Chaco,2003,3,24.73,5.06,2.43,-27.4513,-58.9866
Chaco,2003,4,21.08,4.12,2.54,-27.4513,-58.9866
Chaco,2003,5,18.21,0.32,2.61,-27.4513,-58.9866
Chaco,2003,6,19.41,0.72,2.64,-27.4513,-58.9866
Chaco,2003,7,15.66,0.22,2.76,-27.4513,-58.9866
Chaco,2003,8,15.29,1.79,2.97,-27.4513,-58.9866
Chaco,2003,9,20.6,1.33,3.54,-27.4513,-58.9866
Chaco,2003,10,23.88,4.31,3.36,-27.4513,-58.9866
Chaco,2003,11,25.35,6.95,3.28,-27.4513,-58.9866
Chaco,2003,12,24.31,9.65,3.11,-27.4513,-58.9866
Chaco,2004,1,28.0,0.56,2.31,-27.4513,-58.9866
Chaco,2004,2,26.93,4.53,2.8,-27.4513,-58.9866
Chaco,2004,3,26.26,2.24,2.37,-27.4513,-58.9866
Chaco,2004,4,24.4,4.46,2.72,-27.4513,-58.9866
Chaco,2004,5,15.36,0.25,2.34,-27.4513,-58.9866
Chaco,2004,6,16.94,3.54,2.59,-27.4513,-58.9866
Chaco,2004,7,14.83,1.38,3.31,-27.4513,-58.9866
Chaco,2004,8,16.18,0.97,2.95,-27.4513,-58.9866
Chaco,2004,9,20.37,4.02,3.4,-27.4513,-58.9866
Chaco,2004,10,21.59,6.54,3.26,-27.4513,-58.9866
Chaco,2004,11,22.87,8.47,3.04,-27.4513,-58.9866
Chaco,2004,12,25.14,5.51,2.67,-27.4513,-58.9866
Chaco,2005,1,28.45,2.36,2.6,-27.4513,-58.9866
Chaco,2005,2,28.58,1.94,2.74,-27.4513,-58.9866
Chaco,2005,3,26.56,4.37,2.64,-27.4513,-58.9866
Chaco,2005,4,20.54,10.49,2.62,-27.4513,-58.9866
Chaco,2005,5,18.64,3.29,2.66,-27.4513,-58.9866
Chaco,2005,6,18.35,1.91,2.5,-27.4513,-58.9866
Chaco,2005,7,14.36,0.2,2.93,-27.4513,-58.9866
Chaco,2005,8,16.91,1.0,3.3,-27.4513,-58.9866
Chaco,2005,9,16.64,1.24,3.21,-27.4513,-58.9866
Chaco,2005,10,21.68,2.58,3.17,-27.4513,-58.9866
Chaco,2005,11,25.29,5.31,2.93,-27.4513,-58.9866
Chaco,2005,12,27.47,3.02,2.73,-27.4513,-58.9866
Chaco,2006,1,30.11,4.25,2.52,-27.4513,-58.9866
Chaco,2006,2,28.97,1.65,2.4,-27.4513,-58.9866
Chaco,2006,3,25.07,8.82,2.24,-27.4513,-58.9866
Chaco,2006,4,21.11,4.8,2.27,-27.4513,-58.9866
Chaco,2006,5,15.81,1.89,2.34,-27.4513,-58.9866
Chaco,2006,6,17.02,2.72,2.7,-27.4513,-58.9866
Chaco,2006,7,18.38,0.34,2.94,-27.4513,-58.9866
Chaco,2006,8,17.21,0.76,2.7,-27.4513,-58.9866
Chaco,2006,9,19.21,2.27,3.28,-27.4513,-58.9866
Chaco,2006,10,23.89,6.49,3.21,-27.4513,-58.9866
Chaco,2006,11,24.1,4.25,3.42,-27.4513,-58.9866
Chaco,2006,12,28.05,6.75,2.67,-27.4513,-58.9866
Chaco,2007,1,27.2,6.99,2.61,-27.4513,-58.9866
Chaco,2007,2,27.69,5.65,2.81,-27.4513,-58.9866
Chaco,2007,3,25.44,7.0,2.76,-27.4513,-58.9866
Chaco,2007,4,23.08,4.61,2.34,-27.4513,-58.9866
Chaco,2007,5,14.97,0.75,2.64,-27.4513,-58.9866
Chaco,2007,6,15.14,0.42,2.16,-27.4513,-58.9866
Chaco,2007,7,12.22,0.43,2.62,-27.4513,-58.9866
Chaco,2007,8,13.92,0.16,3.16,-27.4513,-58.9866
Chaco,2007,9,21.14,3.83,3.29,-27.4513,-58.9866
Chaco,2007,10,24.03,4.97,2.95,-27.4513,-58.9866
Chaco,2007,11,23.18,3.75,3.05,-27.4513,-58.9866
Chaco,2007,12,28.37,3.6,2.54,-27.4513,-58.9866
Chaco,2008,1,29.14,2.25,2.89,-27.4513,-58.9866
Chaco,2008,2,28.13,3.94,2.48,-27.4513,-58.9866
Chaco,2008,3,27.0,1.16,2.55,-27.4513,-58.9866
Chaco,2008,4,22.16,2.31,2.25,-27.4513,-58.9866
Chaco,2008,5,17.98,0.35,2.93,-27.4513,-58.9866
Chaco,2008,6,13.4,2.89,2.21,-27.4513,-58.9866
Chaco,2008,7,18.2,0.58,2.76,-27.4513,-58.9866
Chaco,2008,8,17.02,1.0,2.97,-27.4513,-58.9866
Chaco,2008,9,18.31,2.69,3.17,-27.4513,-58.9866
Chaco,2008,10,22.78,6.17,3.24,-27.4513,-58.9866
Chaco,2008,11,24.68,2.89,2.83,-27.4513,-58.9866
Chaco,2008,12,28.68,2.28,2.72,-27.4513,-58.9866
Chaco,2009,1,27.26,5.94,2.48,-27.4513,-58.9866
Chaco,2009,2,26.69,6.68,2.45,-27.4513,-58.9866
Chaco,2009,3,27.54,0.99,2.19,-27.4513,-58.9866
Chaco,2009,4,24.16,1.42,2.37,-27.4513,-58.9866
Chaco,2009,5,20.18,2.19,2.6,-27.4513,-58.9866
Chaco,2009,6,13.68,0.62,2.53,-27.4513,-58.9866
Chaco,2009,7,12.62,1.38,2.5,-27.4513,-58.9866
Chaco,2009,8,17.75,1.09,3.46,-27.4513,-58.9866
Chaco,2009,9,18.77,1.36,3.39,-27.4513,-58.9866
Chaco,2009,10,23.52,2.14,3.59,-27.4513,-58.9866
Chaco,2009,11,27.28,16.91,3.17,-27.4513,-58.9866
Chaco,2009,12,25.53,4.28,2.72,-27.4513,-58.9866
Chaco,2010,1,26.13,7.41,2.53,-27.4513,-58.9866
Chaco,2010,2,27.03,4.13,3.11,-27.4513,-58.9866
Chaco,2010,3,25.38,4.41,2.41,-27.4513,-58.9866
Chaco,2010,4,20.66,2.0,2.74,-27.4513,-58.9866
Chaco,2010,5,15.86,6.23,2.53,-27.4513,-58.9866
Chaco,2010,6,15.21,0.3,2.44,-27.4513,-58.9866
Chaco,2010,7,13.27,3.24,2.87,-27.4513,-58.9866
Chaco,2010,8,14.62,1.43,2.83,-27.4513,-58.9866
Chaco,2010,9,18.01,3.35,2.76,-27.4513,-58.9866
Chaco,2010,10,20.75,2.02,3.05,-27.4513,-58.9866
Chaco,2010,11,24.07,1.52,2.85,-27.4513,-58.9866
Chaco,2010,12,26.35,6.26,2.57,-27.4513,-58.9866
Chaco,2011,1,29.64,4.77,2.15,-27.4513,-58.9866
Chaco,2011,2,26.18,7.97,2.53,-27.4513,-58.9866
Chaco,2011,3,25.1,1.43,2.26,-27.4513,-58.9866
Chaco,2011,4,22.27,4.58,2.33,-27.4513,-58.9866
Chaco,2011,5,18.32,1.52,2.29,-27.4513,-58.9866
Chaco,2011,6,15.28,1.42,2.66,-27.4513,-58.9866
Chaco,2011,7,14.21,1.89,2.62,-27.4513,-58.9866
Chaco,2011,8,16.08,0.18,3.13,-27.4513,-58.9866
Chaco,2011,9,20.34,1.68,3.2,-27.4513,-58.9866
Chaco,2011,10,22.14,6.85,3.04,-27.4513,-58.9866
Chaco,2011,11,24.3,7.23,2.83,-27.4513,-58.9866
Chaco,2011,12,26.74,1.65,2.58,-27.4513,-58.9866
Chaco,2012,1,29.53,3.41,2.69,-27.4513,-58.9866
Chaco,2012,2,29.8,2.43,2.86,-27.4513,-58.9866
Chaco,2012,3,26.76,3.07,2.49,-27.4513,-58.9866
Chaco,2012,4,21.32,5.56,2.43,-27.4513,-58.9866
Chaco,2012,5,19.06,1.81,2.36,-27.4513,-58.9866
Chaco,2012,6,15.72,0.89,2.51,-27.4513,-58.9866
Chaco,2012,7,13.23,0.6,2.68,-27.4513,-58.9866
Chaco,2012,8,19.31,2.62,3.31,-27.4513,-58.9866
Chaco,2012,9,21.5,0.72,3.02,-27.4513,-58.9866
Chaco,2012,10,25.07,5.63,3.45,-27.4513,-58.9866
Chaco,2012,11,26.09,2.99,2.72,-27.4513,-58.9866
Chaco,2012,12,28.32,5.7,3.37,-27.4513,-58.9866
Chaco,2013,1,26.64,5.09,2.59,-27.4513,-58.9866
Chaco,2013,2,27.54,3.86,2.64,-27.4513,-58.9866
Chaco,2013,3,22.24,7.51,2.77,-27.4513,-58.9866
Chaco,2013,4,20.51,6.2,2.32,-27.4513,-58.9866
Chaco,2013,5,17.18,2.53,2.41,-27.4513,-58.9866
Chaco,2013,6,15.25,3.37,2.14,-27.4513,-58.9866
Chaco,2013,7,14.86,1.32,2.73,-27.4513,-58.9866
Chaco,2013,8,13.8,0.89,3.22,-27.4513,-58.9866
Chaco,2013,9,18.73,1.28,3.35,-27.4513,-58.9866
Chaco,2013,10,22.62,4.65,2.86,-27.4513,-58.9866
Chaco,2013,11,23.61,8.52,3.29,-27.4513,-58.9866
Chaco,2013,12,29.0,1.94,2.36,-27.4513,-58.9866
Chaco,2014,1,28.96,4.49,2.98,-27.4513,-58.9866
Chaco,2014,2,29.06,5.39,3.22,-27.4513,-58.9866
Chaco,2014,3,23.12,10.95,2.52,-27.4513,-58.9866
Chaco,2014,4,20.56,5.1,2.66,-27.4513,-58.9866
Chaco,2014,5,17.81,2.84,2.33,-27.4513,-58.9866
Chaco,2014,6,14.87,2.6,2.71,-27.4513,-58.9866
Chaco,2014,7,15.22,2.43,2.62,-27.4513,-58.9866
Chaco,2014,8,17.26,0.08,2.84,-27.4513,-58.9866
Chaco,2014,9,20.15,3.14,3.17,-27.4513,-58.9866
Chaco,2014,10,25.09,1.88,3.27,-27.4513,-58.9866
Chaco,2014,11,24.34,5.22,3.06,-27.4513,-58.9866
Chaco,2014,12,26.38,7.85,3.09,-27.4513,-58.9866
Chaco,2015,1,27.36,2.81,2.65,-27.4513,-58.9866
Chaco,2015,2,27.51,7.04,2.31,-27.4513,-58.9866
Chaco,2015,3,25.34,3.87,2.23,-27.4513,-58.9866
Chaco,2015,4,22.14,3.59,2.13,-27.4513,-58.9866
Chaco,2015,5,18.71,5.46,2.41,-27.4513,-58.9866
Chaco,2015,6,16.71,5.37,2.52,-27.4513,-58.9866
Chaco,2015,7,14.81,0.39,2.42,-27.4513,-58.9866
Chaco,2015,8,19.15,1.82,2.95,-27.4513,-58.9866
Chaco,2015,9,19.73,0.26,3.05,-27.4513,-58.9866
Chaco,2015,10,22.14,6.64,3.71,-27.4513,-58.9866
Chaco,2015,11,23.59,6.59,2.98,-27.4513,-58.9866
Chaco,2015,12,26.31,9.41,2.75,-27.4513,-58.9866
Chaco,2016,1,27.22,8.24,2.54,-27.4513,-58.9866
Chaco,2016,2,27.7,4.8,2.32,-27.4513,-58.9866
Chaco,2016,3,22.99,4.48,2.53,-27.4513,-58.9866
Chaco,2016,4,23.34,7.31,2.89,-27.4513,-58.9866
Chaco,2016,5,15.13,0.57,2.32,-27.4513,-58.9866
Chaco,2016,6,12.21,6.32,1.97,-27.4513,-58.9866
Chaco,2016,7,14.53,0.88,2.4,-27.4513,-58.9866
Chaco,2016,8,16.85,2.75,2.82,-27.4513,-58.9866
Chaco,2016,9,17.1,0.72,2.93,-27.4513,-58.9866
Chaco,2016,10,21.7,8.22,3.1,-27.4513,-58.9866
Chaco,2016,11,23.15,4.24,2.69,-27.4513,-58.9866
Chaco,2016,12,25.64,7.82,2.72,-27.4513,-58.9866
Chaco,2017,1,27.93,3.94,2.57,-27.4513,-58.9866
Chaco,2017,2,28.06,4.59,2.28,-27.4513,-58.9866
Chaco,2017,3,25.1,5.41,2.56,-27.4513,-58.9866
Chaco,2017,4,20.04,16.09,2.44,-27.4513,-58.9866
Chaco,2017,5,18.66,7.28,2.43,-27.4513,-58.9866
Chaco,2017,6,15.32,1.97,2.87,-27.4513,-58.9866
Chaco,2017,7,16.49,0.16,3.01,-27.4513,-58.9866
Chaco,2017,8,17.57,1.94,3.28,-27.4513,-58.9866
Chaco,2017,9,19.83,2.37,2.94,-27.4513,-58.9866
Chaco,2017,10,21.17,3.61,3.17,-27.4513,-58.9866
Chaco,2017,11,23.04,2.89,2.86,-27.4513,-58.9866
Chaco,2017,12,29.13,2.21,2.64,-27.4513,-58.9866
Chaco,2018,1,27.6,11.98,2.51,-27.4513,-58.9866
Chaco,2018,2,26.11,1.29,2.19,-27.4513,-58.9866
Chaco,2018,3,24.94,4.98,2.38,-27.4513,-58.9866
Chaco,2018,4,25.59,1.21,2.61,-27.4513,-58.9866
Chaco,2018,5,19.19,7.81,2.59,-27.4513,-58.9866
Chaco,2018,6,13.33,0.88,2.47,-27.4513,-58.9866
Chaco,2018,7,14.0,0.44,2.53,-27.4513,-58.9866
Chaco,2018,8,14.51,0.61,3.01,-27.4513,-58.9866
Chaco,2018,9,22.09,2.63,2.98,-27.4513,-58.9866
Chaco,2018,10,23.73,5.04,3.28,-27.4513,-58.9866
Chaco,2018,11,24.67,9.74,3.11,-27.4513,-58.9866
Chaco,2018,12,26.0,7.31,2.7,-27.4513,-58.9866
Chaco,2019,1,27.17,11.74,2.97,-27.4513,-58.9866
Chaco,2019,2,24.9,4.94,2.63,-27.4513,-58.9866
Chaco,2019,3,23.24,4.19,2.39,-27.4513,-58.9866
Chaco,2019,4,22.04,7.02,2.09,-27.4513,-58.9866
Chaco,2019,5,18.92,10.69,2.58,-27.4513,-58.9866
Chaco,2019,6,17.21,0.34,2.82,-27.4513,-58.9866
Chaco,2019,7,13.41,2.37,2.53,-27.4513,-58.9866
Chaco,2019,8,14.78,2.22,2.95,-27.4513,-58.9866
Chaco,2019,9,17.99,0.48,2.89,-27.4513,-58.9866
Chaco,2019,10,22.1,4.22,3.02,-27.4513,-58.9866
Chaco,2019,11,25.9,6.39,2.75,-27.4513,-58.9866
Chaco,2019,12,26.62,3.16,2.55,-27.4513,-58.9866
Chaco,2020,1,27.46,6.94,2.64,-27.4513,-58.9866
Chaco,2020,2,25.96,5.3,2.48,-27.4513,-58.9866
Chaco,2020,3,27.42,1.22,2.12,-27.4513,-58.9866
Chaco,2020,4,21.69,1.75,2.56,-27.4513,-58.9866
Chaco,2020,5,17.59,1.61,2.88,-27.4513,-58.9866
Chaco,2020,6,17.58,3.77,3.09,-27.4513,-58.9866
Chaco,2020,7,14.47,0.82,2.79,-27.4513,-58.9866
Chaco,2020,8,18.58,0.09,3.35,-27.4513,-58.9866
Chaco,2020,9,20.87,0.34,3.08,-27.4513,-58.9866
Chaco,2020,10,25.36,2.24,3.15,-27.4513,-58.9866
Chaco,2020,11,26.57,4.71,2.91,-27.4513,-58.9866
Chaco,2020,12,27.45,3.07,2.65,-27.4513,-58.9866
Chaco,2021,1,28.52,5.63,2.78,-27.4513,-58.9866
Chaco,2021,2,26.79,2.04,2.27,-27.4513,-58.9866
Chaco,2021,3,26.01,4.71,2.46,-27.4513,-58.9866
Chaco,2021,4,21.51,3.96,2.43,-27.4513,-58.9866
Chaco,2021,5,16.68,1.11,2.42,-27.4513,-58.9866
Chaco,2021,6,14.86,2.82,2.5,-27.4513,-58.9866
Chaco,2021,7,15.04,0.02,2.59,-27.4513,-58.9866
Chaco,2021,8,17.9,0.1,2.85,-27.4513,-58.9866
Chaco,2021,9,22.06,2.96,3.19,-27.4513,-58.9866
Chaco,2021,10,22.46,3.45,2.92,-27.4513,-58.9866
Chaco,2021,11,24.9,7.85,2.89,-27.4513,-58.9866
Chaco,2021,12,28.39,1.49,2.47,-27.4513,-58.9866
Chaco,2022,1,33.03,0.38,3.13,-27.4513,-58.9866
Chaco,2022,2,30.61,1.06,2.63,-27.4513,-58.9866
Chaco,2022,3,24.61,7.38,2.9,-27.4513,-58.9866
Chaco,2022,4,20.67,7.21,2.63,-27.4513,-58.9866
Chaco,2022,5,15.4,1.97,2.38,-27.4513,-58.9866
Chaco,2022,6,12.91,1.66,2.18,-27.4513,-58.9866
Chaco,2022,7,17.99,0.82,2.92,-27.4513,-58.9866
Chaco,2022,8,16.7,1.09,3.24,-27.4513,-58.9866
Chaco,2022,9,18.04,0.58,3.21,-27.4513,-58.9866
Chaco,2022,10,21.98,3.95,3.25,-27.4513,-58.9866
Chaco,2022,11,24.7,2.5,2.71,-27.4513,-58.9866
Chaco,2022,12,29.93,1.18,2.51,-27.4513,-58.9866
Chaco,2023,1,31.14,2.26,2.23,-27.4513,-58.9866
Chaco,2023,2,29.63,1.88,2.42,-27.4513,-58.9866
Chaco,2023,3,28.94,5.03,2.08,-27.4513,-58.9866
Chaco,2023,4,21.8,2.82,2.28,-27.4513,-58.9866
Chaco,2023,5,18.36,3.91,2.36,-27.4513,-58.9866
Chaco,2023,6,18.02,0.38,2.69,-27.4513,-58.9866
Chaco,2023,7,16.45,11.92,2.7,-27.4513,-58.9866
Chaco,2023,8,18.7,1.08,2.97,-27.4513,-58.9866
Chaco,2023,9,20.79,4.27,3.21,-27.4513,-58.9866
Chaco,2023,10,22.88,4.2,3.38,-27.4513,-58.9866
Chaco,2023,11,24.89,6.85,3.35,-27.4513,-58.9866
Chaco,2023,12,26.98,7.13,3.06,-27.4513,-58.9866
Chubut,1981,1,19.06,0.84,4.67,-43.3002,-65.1023
Chubut,1981,2,19.82,0.55,4.5,-43.3002,-65.1023
Chubut,1981,3,16.14,0.96,4.8,-43.3002,-65.1023
Chubut,1981,4,13.99,0.91,4.37,-43.3002,-65.1023
Chubut,1981,5,11.46,1.33,5.67,-43.3002,-65.1023
Chubut,1981,6,8.02,1.49,5.23,-43.3002,-65.1023
Chubut,1981,7,8.01,0.82,4.52,-43.3002,-65.1023
Chubut,1981,8,8.57,0.3,5.3,-43.3002,-65.1023
Chubut,1981,9,10.03,0.28,5.25,-43.3002,-65.1023
Chubut,1981,10,12.74,0.23,4.62,-43.3002,-65.1023
Chubut,1981,11,15.01,0.38,5.29,-43.3002,-65.1023
Chubut,1981,12,16.87,0.7,4.92,-43.3002,-65.1023
Chubut,1982,1,20.43,0.53,4.33,-43.3002,-65.1023
Chubut,1982,2,18.61,0.23,4.83,-43.3002,-65.1023
Chubut,1982,3,16.86,0.89,4.98,-43.3002,-65.1023
Chubut,1982,4,15.19,0.92,4.58,-43.3002,-65.1023
Chubut,1982,5,11.91,1.34,5.11,-43.3002,-65.1023
Chubut,1982,6,6.95,1.94,5.95,-43.3002,-65.1023
Chubut,1982,7,5.66,1.63,4.66,-43.3002,-65.1023
Chubut,1982,8,7.68,0.96,5.09,-43.3002,-65.1023
Chubut,1982,9,9.88,0.59,4.99,-43.3002,-65.1023
Chubut,1982,10,11.67,0.99,4.89,-43.3002,-65.1023
Chubut,1982,11,13.65,0.49,4.84,-43.3002,-65.1023
Chubut,1982,12,18.58,0.5,4.68,-43.3002,-65.1023
Chubut,1983,1,19.91,0.42,4.73,-43.3002,-65.1023
Chubut,1983,2,18.47,0.43,4.82,-43.3002,-65.1023
Chubut,1983,3,16.62,1.45,5.14,-43.3002,-65.1023
Chubut,1983,4,13.91,2.1,5.32,-43.3002,-65.1023
Chubut,1983,5,10.45,2.29,5.21,-43.3002,-65.1023
Chubut,1983,6,6.57,0.45,5.94,-43.3002,-65.1023
Chubut,1983,7,6.43,0.21,5.61,-43.3002,-65.1023
Chubut,1983,8,7.98,0.12,4.57,-43.3002,-65.1023
Chubut,1983,9,9.28,0.79,4.37,-43.3002,-65.1023
Chubut,1983,10,12.2,0.13,4.23,-43.3002,-65.1023
Chubut,1983,11,16.8,0.47,5.11,-43.3002,-65.1023
Chubut,1983,12,19.09,0.49,4.44,-43.3002,-65.1023
Chubut,1984,1,20.22,0.4,5.56,-43.3002,-65.1023
Chubut,1984,2,18.3,0.82,5.25,-43.3002,-65.1023
Chubut,1984,3,16.02,1.5,5.02,-43.3002,-65.1023
Chubut,1984,4,12.82,1.21,5.4,-43.3002,-65.1023
Chubut,1984,5,8.52,1.33,5.94,-43.3002,-65.1023
Chubut,1984,6,5.42,1.11,4.33,-43.3002,-65.1023
Chubut,1984,7,5.27,1.58,4.49,-43.3002,-65.1023
Chubut,1984,8,6.75,0.47,4.97,-43.3002,-65.1023
Chubut,1984,9,9.4,0.97,4.57,-43.3002,-65.1023
Chubut,1984,10,12.27,0.58,5.16,-43.3002,-65.1023
Chubut,1984,11,14.63,0.54,4.63,-43.3002,-65.1023
Chubut,1984,12,15.78,0.67,5.28,-43.3002,-65.1023
Chubut,1985,1,19.42,1.51,5.09,-43.3002,-65.1023
Chubut,1985,2,18.76,0.48,4.83,-43.3002,-65.1023
Chubut,1985,3,16.0,0.31,5.77,-43.3002,-65.1023
Chubut,1985,4,12.96,0.43,5.1,-43.3002,-65.1023
Chubut,1985,5,10.5,0.42,6.02,-43.3002,-65.1023
Chubut,1985,6,8.5,1.32,3.95,-43.3002,-65.1023
Chubut,1985,7,7.59,0.82,4.61,-43.3002,-65.1023
Chubut,1985,8,8.18,0.34,4.88,-43.3002,-65.1023
Chubut,1985,9,11.16,0.18,4.62,-43.3002,-65.1023
Chubut,1985,10,11.3,2.88,3.97,-43.3002,-65.1023
Chubut,1985,11,15.77,0.06,4.14,-43.3002,-65.1023
Chubut,1985,12,18.36,0.49,4.81,-43.3002,-65.1023
Chubut,1986,1,19.68,0.14,4.6,-43.3002,-65.1023
Chubut,1986,2,18.8,0.5,5.24,-43.3002,-65.1023
Chubut,1986,3,15.81,0.47,4.96,-43.3002,-65.1023
Chubut,1986,4,13.26,0.85,5.04,-43.3002,-65.1023
Chubut,1986,5,9.84,0.72,5.77,-43.3002,-65.1023
Chubut,1986,6,7.44,0.83,5.32,-43.3002,-65.1023
Chubut,1986,7,6.93,0.29,5.65,-43.3002,-65.1023
Chubut,1986,8,6.94,0.48,4.73,-43.3002,-65.1023
Chubut,1986,9,9.42,0.62,4.62,-43.3002,-65.1023
Chubut,1986,10,11.86,1.15,3.97,-43.3002,-65.1023
Chubut,1986,11,15.09,0.12,4.91,-43.3002,-65.1023
Chubut,1986,12,17.3,0.92,5.51,-43.3002,-65.1023
Chubut,1987,1,19.59,0.08,4.54,-43.3002,-65.1023
Chubut,1987,2,19.21,1.75,4.37,-43.3002,-65.1023
Chubut,1987,3,17.06,0.91,4.95,-43.3002,-65.1023
Chubut,1987,4,14.47,0.49,5.06,-43.3002,-65.1023
Chubut,1987,5,10.05,0.46,4.96,-43.3002,-65.1023
Chubut,1987,6,9.03,0.43,6.11,-43.3002,-65.1023
Chubut,1987,7,7.65,1.89,5.66,-43.3002,-65.1023
Chubut,1987,8,7.48,1.81,5.07,-43.3002,-65.1023
Chubut,1987,9,8.66,0.66,5.26,-43.3002,-65.1023
Chubut,1987,10,12.19,0.53,4.61,-43.3002,-65.1023
Chubut,1987,11,15.52,0.57,4.98,-43.3002,-65.1023
Chubut,1987,12,17.69,0.61,5.13,-43.3002,-65.1023
Chubut,1988,1,18.37,0.51,5.27,-43.3002,-65.1023
Chubut,1988,2,18.68,0.2,4.64,-43.3002,-65.1023
Chubut,1988,3,17.45,0.4,4.8,-43.3002,-65.1023
Chubut,1988,4,13.0,0.46,5.21,-43.3002,-65.1023
Chubut,1988,5,10.12,0.25,5.21,-43.3002,-65.1023
Chubut,1988,6,8.02,0.98,5.56,-43.3002,-65.1023
Chubut,1988,7,6.37,0.17,5.34,-43.3002,-65.1023
Chubut,1988,8,6.94,0.47,5.16,-43.3002,-65.1023
Chubut,1988,9,9.49,0.14,4.16,-43.3002,-65.1023
Chubut,1988,10,10.77,0.33,5.61,-43.3002,-65.1023
Chubut,1988,11,16.37,0.1,4.6,-43.3002,-65.1023
Chubut,1988,12,18.0,0.07,5.08,-43.3002,-65.1023
Chubut,1989,1,19.05,0.18,5.44,-43.3002,-65.1023
Chubut,1989,2,19.68,0.14,4.32,-43.3002,-65.1023
Chubut,1989,3,17.75,0.35,4.54,-43.3002,-65.1023
Chubut,1989,4,13.85,0.19,5.31,-43.3002,-65.1023
Chubut,1989,5,10.42,0.39,4.65,-43.3002,-65.1023
Chubut,1989,6,8.33,0.77,5.27,-43.3002,-65.1023
Chubut,1989,7,7.66,0.58,5.57,-43.3002,-65.1023
Chubut,1989,8,8.18,0.59,4.69,-43.3002,-65.1023
Chubut,1989,9,9.36,0.13,4.42,-43.3002,-65.1023
Chubut,1989,10,13.03,0.22,4.57,-43.3002,-65.1023
Chubut,1989,11,16.61,0.91,4.27,-43.3002,-65.1023
Chubut,1989,12,19.1,0.19,4.58,-43.3002,-65.1023
Chubut,1990,1,19.7,0.12,4.77,-43.3002,-65.1023
Chubut,1990,2,19.71,0.31,5.26,-43.3002,-65.1023
Chubut,1990,3,17.08,0.13,5.36,-43.3002,-65.1023
Chubut,1990,4,12.11,1.92,5.74,-43.3002,-65.1023
Chubut,1990,5,10.14,0.47,5.57,-43.3002,-65.1023
Chubut,1990,6,7.74,0.24,6.9,-43.3002,-65.1023
Chubut,1990,7,7.02,0.12,5.32,-43.3002,-65.1023
Chubut,1990,8,8.36,0.21,5.25,-43.3002,-65.1023
Chubut,1990,9,9.38,1.1,5.4,-43.3002,-65.1023
Chubut,1990,10,13.2,0.34,4.69,-43.3002,-65.1023
Chubut,1990,11,15.25,0.06,4.75,-43.3002,-65.1023
Chubut,1990,12,17.97,0.15,5.18,-43.3002,-65.1023
Chubut,1991,1,20.06,0.64,4.52,-43.3002,-65.1023
Chubut,1991,2,19.38,0.35,4.95,-43.3002,-65.1023
Chubut,1991,3,17.27,0.4,4.95,-43.3002,-65.1023
Chubut,1991,4,13.77,0.48,4.75,-43.3002,-65.1023
Chubut,1991,5,11.04,0.64,4.69,-43.3002,-65.1023
Chubut,1991,6,7.28,0.91,4.78,-43.3002,-65.1023
Chubut,1991,7,6.77,0.44,5.28,-43.3002,-65.1023
Chubut,1991,8,7.5,0.83,5.0,-43.3002,-65.1023
Chubut,1991,9,9.34,1.19,5.42,-43.3002,-65.1023
Chubut,1991,10,11.26,0.42,4.85,-43.3002,-65.1023
Chubut,1991,11,15.61,0.26,4.38,-43.3002,-65.1023
Chubut,1991,12,15.79,3.08,5.14,-43.3002,-65.1023
Chubut,1992,1,19.41,1.21,4.42,-43.3002,-65.1023
Chubut,1992,2,18.5,2.13,4.6,-43.3002,-65.1023
Chubut,1992,3,17.8,0.38,4.69,-43.3002,-65.1023
Chubut,1992,4,13.4,1.2,5.27,-43.3002,-65.1023
Chubut,1992,5,8.59,3.83,6.1,-43.3002,-65.1023
Chubut,1992,6,5.81,0.89,4.64,-43.3002,-65.1023
Chubut,1992,7,4.76,0.77,5.33,-43.3002,-65.1023
Chubut,1992,8,6.8,0.44,4.41,-43.3002,-65.1023
Chubut,1992,9,8.92,0.22,5.09,-43.3002,-65.1023
Chubut,1992,10,11.65,0.22,5.66,-43.3002,-65.1023
Chubut,1992,11,12.98,0.79,4.95,-43.3002,-65.1023
Chubut,1992,12,16.79,0.29,5.19,-43.3002,-65.1023
Chubut,1993,1,18.45,0.37,5.02,-43.3002,-65.1023
Chubut,1993,2,19.72,0.66,3.95,-43.3002,-65.1023
Chubut,1993,3,17.64,1.77,4.42,-43.3002,-65.1023
Chubut,1993,4,13.27,0.57,5.37,-43.3002,-65.1023
Chubut,1993,5,9.46,0.98,5.72,-43.3002,-65.1023
Chubut,1993,6,7.36,0.73,5.43,-43.3002,-65.1023
Chubut,1993,7,5.88,0.27,5.14,-43.3002,-65.1023
Chubut,1993,8,8.63,0.27,4.65,-43.3002,-65.1023
Chubut,1993,9,9.75,0.22,4.41,-43.3002,-65.1023
Chubut,1993,10,12.23,0.9,4.13,-43.3002,-65.1023
Chubut,1993,11,15.22,0.38,4.68,-43.3002,-65.1023
Chubut,1993,12,17.74,0.07,5.33,-43.3002,-65.1023
Chubut,1994,1,19.34,0.89,4.69,-43.3002,-65.1023
Chubut,1994,2,18.31,0.44,5.56,-43.3002,-65.1023
Chubut,1994,3,17.84,0.61,4.36,-43.3002,-65.1023
Chubut,1994,4,13.74,0.61,5.75,-43.3002,-65.1023
Chubut,1994,5,11.17,0.72,5.05,-43.3002,-65.1023
Chubut,1994,6,8.55,1.11,5.67,-43.3002,-65.1023
Chubut,1994,7,6.94,0.83,5.08,-43.3002,-65.1023
Chubut,1994,8,7.81,0.38,5.0,-43.3002,-65.1023
Chubut,1994,9,9.92,0.44,5.65,-43.3002,-65.1023
Chubut,1994,10,11.03,0.86,4.76,-43.3002,-65.1023
Chubut,1994,11,15.31,0.54,4.8,-43.3002,-65.1023
Chubut,1994,12,18.18,0.94,4.63,-43.3002,-65.1023
Chubut,1995,1,17.87,0.65,5.16,-43.3002,-65.1023
Chubut,1995,2,17.58,0.35,4.72,-43.3002,-65.1023
Chubut,1995,3,15.73,1.96,5.41,-43.3002,-65.1023
Chubut,1995,4,14.23,0.76,4.06,-43.3002,-65.1023
Chubut,1995,5,10.73,0.51,5.3,-43.3002,-65.1023
Chubut,1995,6,6.98,0.73,6.23,-43.3002,-65.1023
Chubut,1995,7,5.62,0.64,6.26,-43.3002,-65.1023
Chubut,1995,8,6.2,1.37,5.26,-43.3002,-65.1023
Chubut,1995,9,8.91,0.45,4.73,-43.3002,-65.1023
Chubut,1995,10,10.93,2.26,4.7,-43.3002,-65.1023
Chubut,1995,11,14.42,0.42,4.46,-43.3002,-65.1023
Chubut,1995,12,18.52,0.31,4.73,-43.3002,-65.1023
Chubut,1996,1,17.51,0.4,5.32,-43.3002,-65.1023
Chubut,1996,2,16.71,1.02,5.32,-43.3002,-65.1023
Chubut,1996,3,17.04,0.22,5.12,-43.3002,-65.1023
Chubut,1996,4,12.89,0.4,5.1,-43.3002,-65.1023
Chubut,1996,5,11.24,0.27,5.4,-43.3002,-65.1023
Chubut,1996,6,7.2,0.36,5.03,-43.3002,-65.1023
Chubut,1996,7,7.04,0.45,4.75,-43.3002,-65.1023
Chubut,1996,8,8.62,0.78,5.05,-43.3002,-65.1023
Chubut,1996,9,10.22,0.41,4.92,-43.3002,-65.1023
Chubut,1996,10,12.97,0.51,4.71,-43.3002,-65.1023
Chubut,1996,11,16.41,0.22,4.7,-43.3002,-65.1023
Chubut,1996,12,16.76,0.54,4.93,-43.3002,-65.1023
Chubut,1997,1,19.77,0.58,4.98,-43.3002,-65.1023
Chubut,1997,2,17.37,0.98,6.01,-43.3002,-65.1023
Chubut,1997,3,16.77,2.43,5.0,-43.3002,-65.1023
Chubut,1997,4,13.97,0.8,5.66,-43.3002,-65.1023
Chubut,1997,5,10.76,0.61,4.59,-43.3002,-65.1023
Chubut,1997,6,8.2,3.68,5.72,-43.3002,-65.1023
Chubut,1997,7,7.44,0.65,5.67,-43.3002,-65.1023
Chubut,1997,8,7.93,0.5,4.91,-43.3002,-65.1023
Chubut,1997,9,8.64,1.64,4.87,-43.3002,-65.1023
Chubut,1997,10,11.63,1.27,4.42,-43.3002,-65.1023
Chubut,1997,11,14.52,0.71,4.92,-43.3002,-65.1023
Chubut,1997,12,15.63,0.83,5.08,-43.3002,-65.1023
Chubut,1998,1,18.42,0.5,5.09,-43.3002,-65.1023
Chubut,1998,2,16.65,0.88,5.23,-43.3002,-65.1023
Chubut,1998,3,16.71,0.31,5.26,-43.3002,-65.1023
Chubut,1998,4,14.18,6.65,4.58,-43.3002,-65.1023
Chubut,1998,5,11.52,1.37,4.36,-43.3002,-65.1023
Chubut,1998,6,8.62,0.5,4.8,-43.3002,-65.1023
Chubut,1998,7,8.61,0.45,5.57,-43.3002,-65.1023
Chubut,1998,8,8.63,0.26,5.3,-43.3002,-65.1023
Chubut,1998,9,9.09,0.36,4.71,-43.3002,-65.1023
Chubut,1998,10,13.7,0.14,4.85,-43.3002,-65.1023
Chubut,1998,11,15.7,0.95,4.79,-43.3002,-65.1023
Chubut,1998,12,18.17,0.45,4.52,-43.3002,-65.1023
Chubut,1999,1,18.83,1.07,5.4,-43.3002,-65.1023
Chubut,1999,2,18.61,1.26,5.37,-43.3002,-65.1023
Chubut,1999,3,15.98,2.11,4.27,-43.3002,-65.1023
Chubut,1999,4,13.94,0.82,4.61,-43.3002,-65.1023
Chubut,1999,5,10.07,0.61,5.61,-43.3002,-65.1023
Chubut,1999,6,7.28,0.87,4.63,-43.3002,-65.1023
Chubut,1999,7,7.05,0.46,5.33,-43.3002,-65.1023
Chubut,1999,8,8.63,0.59,4.95,-43.3002,-65.1023
Chubut,1999,9,9.96,1.66,5.36,-43.3002,-65.1023
Chubut,1999,10,13.18,1.57,4.61,-43.3002,-65.1023
Chubut,1999,11,15.18,1.67,4.63,-43.3002,-65.1023
Chubut,1999,12,17.66,0.83,4.36,-43.3002,-65.1023
Chubut,2000,1,19.55,0.56,4.89,-43.3002,-65.1023
Chubut,2000,2,18.07,2.14,5.19,-43.3002,-65.1023
Chubut,2000,3,16.37,0.84,5.0,-43.3002,-65.1023
Chubut,2000,4,13.91,0.97,4.49,-43.3002,-65.1023
Chubut,2000,5,10.23,0.89,4.74,-43.3002,-65.1023
Chubut,2000,6,8.23,1.21,5.23,-43.3002,-65.1023
Chubut,2000,7,5.76,0.87,6.09,-43.3002,-65.1023
Chubut,2000,8,6.94,0.45,5.17,-43.3002,-65.1023
Chubut,2000,9,7.3,1.67,5.31,-43.3002,-65.1023
Chubut,2000,10,11.29,0.45,4.72,-43.3002,-65.1023
Chubut,2000,11,13.44,1.05,4.72,-43.3002,-65.1023
Chubut,2000,12,16.55,0.39,5.78,-43.3002,-65.1023
Chubut,2001,1,19.2,1.09,4.84,-43.3002,-65.1023
Chubut,2001,2,18.82,0.86,5.15,-43.3002,-65.1023
Chubut,2001,3,16.35,0.95,5.08,-43.3002,-65.1023
Chubut,2001,4,12.96,0.25,5.53,-43.3002,-65.1023
Chubut,2001,5,10.14,1.29,5.05,-43.3002,-65.1023
Chubut,2001,6,7.94,0.62,5.1,-43.3002,-65.1023
Chubut,2001,7,5.31,1.57,5.43,-43.3002,-65.1023
Chubut,2001,8,8.07,0.86,4.26,-43.3002,-65.1023
Chubut,2001,9,9.02,0.58,4.58,-43.3002,-65.1023
Chubut,2001,10,12.4,1.15,4.28,-43.3002,-65.1023
Chubut,2001,11,15.02,0.82,4.42,-43.3002,-65.1023
Chubut,2001,12,17.72,0.36,4.57,-43.3002,-65.1023
Chubut,2002,1,19.31,0.72,4.6,-43.3002,-65.1023
Chubut,2002,2,18.94,0.28,5.03,-43.3002,-65.1023
Chubut,2002,3,15.55,0.79,5.62,-43.3002,-65.1023
Chubut,2002,4,13.21,0.7,5.72,-43.3002,-65.1023
Chubut,2002,5,8.91,2.56,5.24,-43.3002,-65.1023
Chubut,2002,6,5.37,0.56,6.09,-43.3002,-65.1023
Chubut,2002,7,6.53,0.47,4.95,-43.3002,-65.1023
Chubut,2002,8,7.49,1.91,5.29,-43.3002,-65.1023
Chubut,2002,9,8.95,1.64,4.72,-43.3002,-65.1023
Chubut,2002,10,12.01,0.62,4.96,-43.3002,-65.1023
Chubut,2002,11,13.95,0.63,4.99,-43.3002,-65.1023
Chubut,2002,12,17.82,0.55,4.7,-43.3002,-65.1023
Chubut,2003,1,18.69,0.27,5.73,-43.3002,-65.1023
Chubut,2003,2,18.24,1.42,5.22,-43.3002,-65.1023
Chubut,2003,3,17.01,1.0,5.16,-43.3002,-65.1023
Chubut,2003,4,12.83,0.23,5.11,-43.3002,-65.1023
Chubut,2003,5,10.94,2.44,4.95,-43.3002,-65.1023
Chubut,2003,6,8.41,1.09,5.83,-43.3002,-65.1023
Chubut,2003,7,6.71,0.2,5.48,-43.3002,-65.1023
Chubut,2003,8,8.26,0.67,5.36,-43.3002,-65.1023
Chubut,2003,9,10.07,0.67,4.75,-43.3002,-65.1023
Chubut,2003,10,12.64,0.67,5.03,-43.3002,-65.1023
Chubut,2003,11,14.55,0.48,5.01,-43.3002,-65.1023
Chubut,2003,12,16.1,0.38,5.22,-43.3002,-65.1023
Chubut,2004,1,20.54,0.33,4.2,-43.3002,-65.1023
Chubut,2004,2,19.2,1.71,4.81,-43.3002,-65.1023
Chubut,2004,3,18.36,0.52,4.66,-43.3002,-65.1023
Chubut,2004,4,13.94,1.36,5.88,-43.3002,-65.1023
Chubut,2004,5,10.04,0.47,4.67,-43.3002,-65.1023
Chubut,2004,6,8.74,0.78,5.8,-43.3002,-65.1023
Chubut,2004,7,7.16,1.41,5.9,-43.3002,-65.1023
Chubut,2004,8,8.05,0.44,4.42,-43.3002,-65.1023
Chubut,2004,9,10.18,0.53,5.43,-43.3002,-65.1023
Chubut,2004,10,12.09,1.13,5.19,-43.3002,-65.1023
Chubut,2004,11,14.69,0.88,4.12,-43.3002,-65.1023
Chubut,2004,12,18.56,0.24,4.73,-43.3002,-65.1023
Chubut,2005,1,18.92,1.66,5.32,-43.3002,-65.1023
Chubut,2005,2,19.49,1.29,4.48,-43.3002,-65.1023
Chubut,2005,3,17.44,0.45,5.35,-43.3002,-65.1023
Chubut,2005,4,13.33,0.58,5.61,-43.3002,-65.1023
Chubut,2005,5,10.08,0.55,6.09,-43.3002,-65.1023
Chubut,2005,6,7.5,1.98,5.7,-43.3002,-65.1023
Chubut,2005,7,6.65,0.34,4.98,-43.3002,-65.1023
Chubut,2005,8,7.27,1.26,5.37,-43.3002,-65.1023
Chubut,2005,9,10.03,0.62,4.56,-43.3002,-65.1023
Chubut,2005,10,11.49,0.36,4.68,-43.3002,-65.1023
Chubut,2005,11,15.18,1.1,4.98,-43.3002,-65.1023
Chubut,2005,12,15.57,1.2,5.03,-43.3002,-65.1023
Chubut,2006,1,18.18,0.74,5.28,-43.3002,-65.1023
Chubut,2006,2,17.95,0.42,5.56,-43.3002,-65.1023
Chubut,2006,3,17.08,0.41,5.27,-43.3002,-65.1023
Chubut,2006,4,14.05,0.51,5.54,-43.3002,-65.1023
Chubut,2006,5,10.79,0.35,5.48,-43.3002,-65.1023
Chubut,2006,6,8.1,1.36,5.76,-43.3002,-65.1023
Chubut,2006,7,7.6,2.15,6.1,-43.3002,-65.1023
Chubut,2006,8,7.58,1.04,5.12,-43.3002,-65.1023
Chubut,2006,9,9.67,0.5,4.75,-43.3002,-65.1023
Chubut,2006,10,12.08,1.11,4.89,-43.3002,-65.1023
Chubut,2006,11,14.93,0.29,4.73,-43.3002,-65.1023
Chubut,2006,12,18.13,0.32,5.18,-43.3002,-65.1023
Chubut,2007,1,18.73,0.53,5.03,-43.3002,-65.1023
Chubut,2007,2,18.36,0.65,5.02,-43.3002,-65.1023
Chubut,2007,3,16.12,1.6,4.53,-43.3002,-65.1023
Chubut,2007,4,14.21,0.16,5.4,-43.3002,-65.1023
Chubut,2007,5,9.32,1.2,5.86,-43.3002,-65.1023
Chubut,2007,6,6.95,0.22,5.9,-43.3002,-65.1023
Chubut,2007,7,5.55,0.21,5.77,-43.3002,-65.1023
Chubut,2007,8,6.31,0.11,4.5,-43.3002,-65.1023
Chubut,2007,9,9.42,0.92,3.89,-43.3002,-65.1023
Chubut,2007,10,12.74,0.38,4.83,-43.3002,-65.1023
Chubut,2007,11,13.39,0.96,5.54,-43.3002,-65.1023
Chubut,2007,12,17.84,0.21,4.6,-43.3002,-65.1023
Chubut,2008,1,19.07,0.55,4.81,-43.3002,-65.1023
Chubut,2008,2,19.79,0.11,4.64,-43.3002,-65.1023
Chubut,2008,3,18.06,0.21,4.77,-43.3002,-65.1023
Chubut,2008,4,13.16,0.42,5.77,-43.3002,-65.1023
Chubut,2008,5,9.93,2.16,5.54,-43.3002,-65.1023
Chubut,2008,6,7.41,0.49,5.4,-43.3002,-65.1023
Chubut,2008,7,7.19,0.48,4.67,-43.3002,-65.1023
Chubut,2008,8,7.28,0.24,5.24,-43.3002,-65.1023
Chubut,2008,9,9.96,0.25,4.67,-43.3002,-65.1023
Chubut,2008,10,12.99,0.12,4.91,-43.3002,-65.1023
Chubut,2008,11,16.4,0.26,4.8,-43.3002,-65.1023
Chubut,2008,12,18.39,0.38,4.68,-43.3002,-65.1023
Chubut,2009,1,20.57,0.46,4.57,-43.3002,-65.1023
Chubut,2009,2,20.07,0.66,4.91,-43.3002,-65.1023
Chubut,2009,3,18.45,0.16,5.04,-43.3002,-65.1023
Chubut,2009,4,14.54,0.3,5.56,-43.3002,-65.1023
Chubut,2009,5,10.71,1.09,5.5,-43.3002,-65.1023
Chubut,2009,6,7.92,0.44,5.61,-43.3002,-65.1023
Chubut,2009,7,6.74,0.99,6.21,-43.3002,-65.1023
Chubut,2009,8,8.15,0.35,5.37,-43.3002,-65.1023
Chubut,2009,9,9.63,0.12,4.19,-43.3002,-65.1023
Chubut,2009,10,11.64,0.18,5.41,-43.3002,-65.1023
Chubut,2009,11,13.45,0.23,5.8,-43.3002,-65.1023
Chubut,2009,12,16.92,0.92,4.57,-43.3002,-65.1023
Chubut,2010,1,19.53,0.12,5.23,-43.3002,-65.1023
Chubut,2010,2,17.2,1.12,5.75,-43.3002,-65.1023
Chubut,2010,3,16.22,1.17,5.01,-43.3002,-65.1023
Chubut,2010,4,13.11,0.11,5.8,-43.3002,-65.1023
Chubut,2010,5,10.68,0.41,5.16,-43.3002,-65.1023
Chubut,2010,6,7.92,0.61,6.14,-43.3002,-65.1023
Chubut,2010,7,6.44,0.66,5.96,-43.3002,-65.1023
Chubut,2010,8,7.41,0.09,5.94,-43.3002,-65.1023
Chubut,2010,9,9.44,1.12,4.37,-43.3002,-65.1023
Chubut,2010,10,12.85,0.48,4.29,-43.3002,-65.1023
Chubut,2010,11,14.68,0.41,4.62,-43.3002,-65.1023
Chubut,2010,12,17.64,0.32,5.17,-43.3002,-65.1023
Chubut,2011,1,19.83,0.23,5.1,-43.3002,-65.1023
Chubut,2011,2,18.94,0.95,5.5,-43.3002,-65.1023
Chubut,2011,3,17.45,0.34,4.95,-43.3002,-65.1023
Chubut,2011,4,13.51,0.48,5.53,-43.3002,-65.1023
Chubut,2011,5,10.46,0.25,5.36,-43.3002,-65.1023
Chubut,2011,6,7.74,0.33,5.44,-43.3002,-65.1023
Chubut,2011,7,6.97,0.6,5.36,-43.3002,-65.1023
Chubut,2011,8,7.22,0.51,5.4,-43.3002,-65.1023
Chubut,2011,9,9.97,0.23,5.19,-43.3002,-65.1023
Chubut,2011,10,11.61,1.82,4.44,-43.3002,-65.1023
Chubut,2011,11,16.48,0.24,4.32,-43.3002,-65.1023
Chubut,2011,12,18.39,0.05,4.35,-43.3002,-65.1023
Chubut,2012,1,20.42,0.83,5.0,-43.3002,-65.1023
Chubut,2012,2,18.1,2.02,5.15,-43.3002,-65.1023
Chubut,2012,3,16.58,0.49,4.67,-43.3002,-65.1023
Chubut,2012,4,12.81,0.18,5.19,-43.3002,-65.1023
Chubut,2012,5,10.85,0.47,5.5,-43.3002,-65.1023
Chubut,2012,6,6.57,0.9,6.31,-43.3002,-65.1023
Chubut,2012,7,5.73,0.29,6.55,-43.3002,-65.1023
Chubut,2012,8,8.44,0.33,4.68,-43.3002,-65.1023
Chubut,2012,9,10.83,0.26,4.71,-43.3002,-65.1023
Chubut,2012,10,12.36,0.36,4.08,-43.3002,-65.1023
Chubut,2012,11,15.79,0.26,5.09,-43.3002,-65.1023
Chubut,2012,12,16.87,0.85,5.77,-43.3002,-65.1023
Chubut,2013,1,18.96,0.65,4.83,-43.3002,-65.1023
Chubut,2013,2,18.15,2.25,5.19,-43.3002,-65.1023
Chubut,2013,3,15.25,0.63,5.48,-43.3002,-65.1023
Chubut,2013,4,15.15,0.33,4.09,-43.3002,-65.1023
Chubut,2013,5,10.92,0.47,5.84,-43.3002,-65.1023
Chubut,2013,6,8.3,1.18,6.52,-43.3002,-65.1023
Chubut,2013,7,6.66,1.6,5.61,-43.3002,-65.1023
Chubut,2013,8,7.28,0.85,6.07,-43.3002,-65.1023
Chubut,2013,9,8.41,0.77,4.74,-43.3002,-65.1023
Chubut,2013,10,12.4,0.68,4.64,-43.3002,-65.1023
Chubut,2013,11,15.18,0.12,4.54,-43.3002,-65.1023
Chubut,2013,12,18.15,0.25,5.11,-43.3002,-65.1023
Chubut,2014,1,19.13,0.2,5.29,-43.3002,-65.1023
Chubut,2014,2,18.43,0.26,5.27,-43.3002,-65.1023
Chubut,2014,3,16.4,0.48,5.43,-43.3002,-65.1023
Chubut,2014,4,12.39,4.21,5.38,-43.3002,-65.1023
Chubut,2014,5,9.8,0.9,5.25,-43.3002,-65.1023
Chubut,2014,6,7.79,0.21,5.03,-43.3002,-65.1023
Chubut,2014,7,6.74,0.41,4.95,-43.3002,-65.1023
Chubut,2014,8,8.69,0.57,5.32,-43.3002,-65.1023
Chubut,2014,9,9.44,0.96,5.26,-43.3002,-65.1023
Chubut,2014,10,12.37,0.68,4.85,-43.3002,-65.1023
Chubut,2014,11,15.25,0.25,4.95,-43.3002,-65.1023
Chubut,2014,12,17.86,0.8,4.91,-43.3002,-65.1023
Chubut,2015,1,18.65,0.45,5.18,-43.3002,-65.1023
Chubut,2015,2,18.64,1.45,4.85,-43.3002,-65.1023
Chubut,2015,3,17.68,0.59,4.45,-43.3002,-65.1023
Chubut,2015,4,14.34,0.77,4.95,-43.3002,-65.1023
Chubut,2015,5,11.66,0.7,5.56,-43.3002,-65.1023
Chubut,2015,6,8.26,0.4,6.67,-43.3002,-65.1023
Chubut,2015,7,7.38,0.7,5.62,-43.3002,-65.1023
Chubut,2015,8,8.31,0.9,5.26,-43.3002,-65.1023
Chubut,2015,9,8.4,0.79,5.01,-43.3002,-65.1023
Chubut,2015,10,10.28,0.49,4.81,-43.3002,-65.1023
Chubut,2015,11,15.65,0.64,3.74,-43.3002,-65.1023
Chubut,2015,12,17.61,0.5,5.04,-43.3002,-65.1023
Chubut,2016,1,19.03,0.83,4.91,-43.3002,-65.1023
Chubut,2016,2,19.02,0.74,4.96,-43.3002,-65.1023
Chubut,2016,3,17.54,0.23,4.88,-43.3002,-65.1023
Chubut,2016,4,13.08,0.58,5.32,-43.3002,-65.1023
Chubut,2016,5,9.59,1.02,4.08,-43.3002,-65.1023
Chubut,2016,6,7.42,0.99,5.0,-43.3002,-65.1023
Chubut,2016,7,7.07,1.63,4.67,-43.3002,-65.1023
Chubut,2016,8,8.42,0.94,4.68,-43.3002,-65.1023
Chubut,2016,9,9.46,0.62,4.57,-43.3002,-65.1023
Chubut,2016,10,12.19,1.92,4.31,-43.3002,-65.1023
Chubut,2016,11,15.1,0.68,4.94,-43.3002,-65.1023
Chubut,2016,12,17.76,1.05,4.91,-43.3002,-65.1023
Chubut,2017,1,19.06,0.38,5.09,-43.3002,-65.1023
Chubut,2017,2,19.91,0.81,4.58,-43.3002,-65.1023
Chubut,2017,3,16.89,2.6,4.92,-43.3002,-65.1023
Chubut,2017,4,13.44,2.25,5.49,-43.3002,-65.1023
Chubut,2017,5,11.03,0.18,4.72,-43.3002,-65.1023
Chubut,2017,6,7.29,4.05,6.55,-43.3002,-65.1023
Chubut,2017,7,7.24,1.23,5.46,-43.3002,-65.1023
Chubut,2017,8,8.28,0.57,5.62,-43.3002,-65.1023
Chubut,2017,9,10.23,0.18,4.59,-43.3002,-65.1023
Chubut,2017,10,12.47,0.58,5.08,-43.3002,-65.1023
Chubut,2017,11,14.19,0.76,5.07,-43.3002,-65.1023
Chubut,2017,12,17.55,0.24,5.31,-43.3002,-65.1023
Chubut,2018,1,19.89,0.33,4.98,-43.3002,-65.1023
Chubut,2018,2,20.04,0.84,4.62,-43.3002,-65.1023
Chubut,2018,3,16.91,0.63,4.89,-43.3002,-65.1023
Chubut,2018,4,14.82,0.18,5.2,-43.3002,-65.1023
Chubut,2018,5,10.8,0.87,4.96,-43.3002,-65.1023
Chubut,2018,6,6.86,0.68,5.83,-43.3002,-65.1023
Chubut,2018,7,6.13,0.91,4.66,-43.3002,-65.1023
Chubut,2018,8,8.45,0.39,4.78,-43.3002,-65.1023
Chubut,2018,9,10.2,0.61,5.1,-43.3002,-65.1023
Chubut,2018,10,11.41,0.73,5.01,-43.3002,-65.1023
Chubut,2018,11,15.06,1.17,5.03,-43.3002,-65.1023
Chubut,2018,12,18.09,0.53,4.74,-43.3002,-65.1023
Chubut,2019,1,19.06,0.16,4.92,-43.3002,-65.1023
Chubut,2019,2,18.61,0.32,5.41,-43.3002,-65.1023
Chubut,2019,3,16.29,4.26,5.05,-43.3002,-65.1023
Chubut,2019,4,14.34,0.33,5.27,-43.3002,-65.1023
Chubut,2019,5,10.66,0.53,5.18,-43.3002,-65.1023
Chubut,2019,6,8.23,1.78,5.67,-43.3002,-65.1023
Chubut,2019,7,7.06,0.55,5.12,-43.3002,-65.1023
Chubut,2019,8,7.5,0.45,5.53,-43.3002,-65.1023
Chubut,2019,9,8.97,0.46,5.88,-43.3002,-65.1023
Chubut,2019,10,11.8,0.15,4.75,-43.3002,-65.1023
Chubut,2019,11,15.12,0.52,5.58,-43.3002,-65.1023
Chubut,2019,12,17.39,0.65,4.57,-43.3002,-65.1023
Chubut,2020,1,19.17,0.47,5.47,-43.3002,-65.1023
Chubut,2020,2,18.23,0.41,5.02,-43.3002,-65.1023
Chubut,2020,3,18.85,0.39,4.47,-43.3002,-65.1023
Chubut,2020,4,14.41,2.47,4.85,-43.3002,-65.1023
Chubut,2020,5,10.9,5.73,5.55,-43.3002,-65.1023
Chubut,2020,6,5.92,5.06,5.64,-43.3002,-65.1023
Chubut,2020,7,4.88,1.01,5.41,-43.3002,-65.1023
Chubut,2020,8,6.9,0.53,6.2,-43.3002,-65.1023
Chubut,2020,9,9.26,0.29,5.28,-43.3002,-65.1023
Chubut,2020,10,11.85,0.35,4.67,-43.3002,-65.1023
Chubut,2020,11,16.7,0.54,4.26,-43.3002,-65.1023
Chubut,2020,12,17.9,0.58,4.86,-43.3002,-65.1023
Chubut,2021,1,18.67,1.8,4.75,-43.3002,-65.1023
Chubut,2021,2,18.65,0.91,5.15,-43.3002,-65.1023
Chubut,2021,3,16.86,1.05,4.91,-43.3002,-65.1023
Chubut,2021,4,15.76,2.57,4.09,-43.3002,-65.1023
Chubut,2021,5,10.45,1.1,5.09,-43.3002,-65.1023
Chubut,2021,6,7.24,0.27,5.47,-43.3002,-65.1023
Chubut,2021,7,7.59,0.29,5.68,-43.3002,-65.1023
Chubut,2021,8,8.42,1.32,5.2,-43.3002,-65.1023
Chubut,2021,9,11.02,0.83,4.35,-43.3002,-65.1023
Chubut,2021,10,13.03,0.23,5.22,-43.3002,-65.1023
Chubut,2021,11,15.37,3.67,4.71,-43.3002,-65.1023
Chubut,2021,12,18.15,2.02,4.5,-43.3002,-65.1023
Chubut,2022,1,19.55,1.1,4.99,-43.3002,-65.1023
Chubut,2022,2,18.4,1.6,5.16,-43.3002,-65.1023
Chubut,2022,3,15.58,3.34,5.49,-43.3002,-65.1023
Chubut,2022,4,12.92,0.86,5.77,-43.3002,-65.1023
Chubut,2022,5,9.38,0.67,5.41,-43.3002,-65.1023
Chubut,2022,6,6.18,0.24,5.31,-43.3002,-65.1023
Chubut,2022,7,5.66,2.47,5.36,-43.3002,-65.1023
Chubut,2022,8,7.09,0.36,4.91,-43.3002,-65.1023
Chubut,2022,9,9.68,2.65,4.13,-43.3002,-65.1023
Chubut,2022,10,12.03,0.46,4.96,-43.3002,-65.1023
Chubut,2022,11,16.8,1.5,4.48,-43.3002,-65.1023
Chubut,2022,12,18.59,0.45,4.69,-43.3002,-65.1023
Chubut,2023,1,19.4,6.2,4.81,-43.3002,-65.1023
Chubut,2023,2,19.09,0.38,4.85,-43.3002,-65.1023
Chubut,2023,3,17.7,0.72,4.84,-43.3002,-65.1023
Chubut,2023,4,14.12,0.25,4.85,-43.3002,-65.1023
Chubut,2023,5,11.37,0.34,5.28,-43.3002,-65.1023
Chubut,2023,6,8.25,0.28,5.64,-43.3002,-65.1023
Chubut,2023,7,6.77,1.1,5.07,-43.3002,-65.1023
Chubut,2023,8,7.68,1.03,6.2,-43.3002,-65.1023
Chubut,2023,9,8.26,3.09,4.83,-43.3002,-65.1023
Chubut,2023,10,11.64,0.42,4.49,-43.3002,-65.1023
Chubut,2023,11,14.76,0.2,5.47,-43.3002,-65.1023
Chubut,2023,12,16.56,0.58,4.56,-43.3002,-65.1023
Córdoba,1981,1,22.17,9.78,0.29,-31.4201,-64.1888
Córdoba,1981,2,21.08,6.0,0.23,-31.4201,-64.1888
Córdoba,1981,3,19.85,3.28,0.22,-31.4201,-64.1888
Córdoba,1981,4,16.9,5.42,0.26,-31.4201,-64.1888
Córdoba,1981,5,15.38,0.96,0.42,-31.4201,-64.1888
Córdoba,1981,6,9.56,0.04,0.54,-31.4201,-64.1888
Córdoba,1981,7,9.61,0.1,0.76,-31.4201,-64.1888
Córdoba,1981,8,13.81,0.03,0.8,-31.4201,-64.1888
Córdoba,1981,9,13.49,0.25,0.87,-31.4201,-64.1888
Córdoba,1981,10,17.64,2.06,0.73,-31.4201,-64.1888
Córdoba,1981,11,20.06,4.82,0.56,-31.4201,-64.1888
Córdoba,1981,12,22.77,3.22,0.39,-31.4201,-64.1888
Córdoba,1982,1,22.81,3.29,0.29,-31.4201,-64.1888
Córdoba,1982,2,21.04,4.08,0.26,-31.4201,-64.1888
Córdoba,1982,3,19.83,4.56,0.26,-31.4201,-64.1888
Córdoba,1982,4,16.81,2.57,0.27,-31.4201,-64.1888
Córdoba,1982,5,14.79,0.35,0.45,-31.4201,-64.1888
Córdoba,1982,6,10.29,0.18,0.54,-31.4201,-64.1888
Córdoba,1982,7,11.28,0.21,0.71,-31.4201,-64.1888
Córdoba,1982,8,13.12,0.1,0.89,-31.4201,-64.1888
Córdoba,1982,9,15.39,1.94,0.89,-31.4201,-64.1888
Córdoba,1982,10,18.57,1.17,0.82,-31.4201,-64.1888
Córdoba,1982,11,20.17,3.9,0.6,-31.4201,-64.1888
Córdoba,1982,12,22.56,3.11,0.37,-31.4201,-64.1888
Córdoba,1983,1,22.63,7.53,0.26,-31.4201,-64.1888
Córdoba,1983,2,20.58,5.67,0.22,-31.4201,-64.1888
Córdoba,1983,3,19.59,1.62,0.25,-31.4201,-64.1888
Córdoba,1983,4,17.46,1.3,0.3,-31.4201,-64.1888
Córdoba,1983,5,12.55,0.76,0.41,-31.4201,-64.1888
Córdoba,1983,6,8.7,0.08,0.51,-31.4201,-64.1888
Córdoba,1983,7,8.52,0.47,0.68,-31.4201,-64.1888
Córdoba,1983,8,10.77,1.0,0.86,-31.4201,-64.1888
Córdoba,1983,9,12.69,0.9,0.89,-31.4201,-64.1888
Córdoba,1983,10,18.96,3.47,0.78,-31.4201,-64.1888
Córdoba,1983,11,20.33,3.79,0.55,-31.4201,-64.1888
Córdoba,1983,12,23.81,3.69,0.39,-31.4201,-64.1888
Córdoba,1984,1,22.78,6.22,0.25,-31.4201,-64.1888
Córdoba,1984,2,22.51,4.75,0.25,-31.4201,-64.1888
Córdoba,1984,3,18.99,5.64,0.22,-31.4201,-64.1888
Córdoba,1984,4,14.94,0.71,0.3,-31.4201,-64.1888
Córdoba,1984,5,13.72,0.12,0.43,-31.4201,-64.1888
Córdoba,1984,6,7.8,0.17,0.52,-31.4201,-64.1888
Córdoba,1984,7,9.91,0.1,0.74,-31.4201,-64.1888
Córdoba,1984,8,10.02,0.36,0.81,-31.4201,-64.1888
Córdoba,1984,9,14.08,3.25,0.85,-31.4201,-64.1888
Córdoba,1984,10,19.1,2.16,0.79,-31.4201,-64.1888
Córdoba,1984,11,19.84,3.69,0.57,-31.4201,-64.1888
Córdoba,1984,12,19.21,6.81,0.38,-31.4201,-64.1888
Córdoba,1985,1,21.76,4.87,0.34,-31.4201,-64.1888
Córdoba,1985,2,21.22,2.95,0.26,-31.4201,-64.1888
Córdoba,1985,3,21.01,2.17,0.25,-31.4201,-64.1888
Córdoba,1985,4,17.06,0.59,0.32,-31.4201,-64.1888
Córdoba,1985,5,16.09,0.13,0.42,-31.4201,-64.1888
Córdoba,1985,6,12.93,0.07,0.58,-31.4201,-64.1888
Córdoba,1985,7,10.56,3.63,0.77,-31.4201,-64.1888
Córdoba,1985,8,11.49,0.99,0.75,-31.4201,-64.1888
Córdoba,1985,9,14.08,0.84,0.86,-31.4201,-64.1888
Córdoba,1985,10,17.58,2.82,0.74,-31.4201,-64.1888
Córdoba,1985,11,20.9,3.45,0.54,-31.4201,-64.1888
Córdoba,1985,12,22.31,6.63,0.39,-31.4201,-64.1888
Córdoba,1986,1,23.94,3.11,0.3,-31.4201,-64.1888
Córdoba,1986,2,22.02,3.29,0.27,-31.4201,-64.1888
Córdoba,1986,3,19.6,1.37,0.28,-31.4201,-64.1888
Córdoba,1986,4,18.48,0.43,0.31,-31.4201,-64.1888
Córdoba,1986,5,15.02,0.22,0.44,-31.4201,-64.1888
Córdoba,1986,6,12.94,0.06,0.6,-31.4201,-64.1888
Córdoba,1986,7,12.79,1.78,0.77,-31.4201,-64.1888
Córdoba,1986,8,12.73,0.5,0.81,-31.4201,-64.1888
Córdoba,1986,9,14.58,1.38,0.94,-31.4201,-64.1888
Córdoba,1986,10,18.34,2.43,0.73,-31.4201,-64.1888
Córdoba,1986,11,20.9,3.25,0.67,-31.4201,-64.1888
Córdoba,1986,12,22.58,4.87,0.36,-31.4201,-64.1888
Córdoba,1987,1,23.12,4.8,0.28,-31.4201,-64.1888
Córdoba,1987,2,22.47,3.67,0.28,-31.4201,-64.1888
Córdoba,1987,3,20.74,4.36,0.25,-31.4201,-64.1888
Córdoba,1987,4,17.42,1.9,0.29,-31.4201,-64.1888
Córdoba,1987,5,10.34,1.51,0.46,-31.4201,-64.1888
Córdoba,1987,6,11.82,0.04,0.56,-31.4201,-64.1888
Córdoba,1987,7,12.09,0.18,0.76,-31.4201,-64.1888
Córdoba,1987,8,10.46,0.24,0.87,-31.4201,-64.1888
Córdoba,1987,9,14.0,0.2,0.89,-31.4201,-64.1888
Córdoba,1987,10,18.76,2.23,0.76,-31.4201,-64.1888
Córdoba,1987,11,21.11,2.56,0.56,-31.4201,-64.1888
Córdoba,1987,12,21.12,4.23,0.42,-31.4201,-64.1888
Córdoba,1988,1,22.92,4.76,0.3,-31.4201,-64.1888
Córdoba,1988,2,21.58,4.78,0.29,-31.4201,-64.1888
Córdoba,1988,3,21.67,4.42,0.24,-31.4201,-64.1888
Córdoba,1988,4,15.96,0.54,0.32,-31.4201,-64.1888
Córdoba,1988,5,10.78,0.53,0.44,-31.4201,-64.1888
Córdoba,1988,6,10.22,0.01,0.6,-31.4201,-64.1888
Córdoba,1988,7,7.58,0.22,0.76,-31.4201,-64.1888
Córdoba,1988,8,12.49,0.02,0.87,-31.4201,-64.1888
Córdoba,1988,9,13.44,1.05,0.84,-31.4201,-64.1888
Córdoba,1988,10,18.33,0.92,0.79,-31.4201,-64.1888
Córdoba,1988,11,22.87,2.51,0.64,-31.4201,-64.1888
Córdoba,1988,12,23.92,5.6,0.4,-31.4201,-64.1888
Córdoba,1989,1,24.77,2.57,0.29,-31.4201,-64.1888
Córdoba,1989,2,24.61,5.1,0.27,-31.4201,-64.1888
Córdoba,1989,3,19.29,3.03,0.28,-31.4201,-64.1888
Córdoba,1989,4,16.91,1.69,0.32,-31.4201,-64.1888
Córdoba,1989,5,13.14,1.71,0.46,-31.4201,-64.1888
Córdoba,1989,6,12.4,0.59,0.51,-31.4201,-64.1888
Córdoba,1989,7,8.71,0.01,0.74,-31.4201,-64.1888
Córdoba,1989,8,12.69,0.05,0.97,-31.4201,-64.1888
Córdoba,1989,9,12.97,0.92,0.9,-31.4201,-64.1888
Córdoba,1989,10,17.75,0.88,0.8,-31.4201,-64.1888
Córdoba,1989,11,20.41,2.25,0.58,-31.4201,-64.1888
Córdoba,1989,12,23.89,6.08,0.38,-31.4201,-64.1888
Córdoba,1990,1,23.32,6.78,0.28,-31.4201,-64.1888
Córdoba,1990,2,21.29,3.08,0.24,-31.4201,-64.1888
Córdoba,1990,3,18.63,4.14,0.28,-31.4201,-64.1888
Córdoba,1990,4,16.47,1.24,0.3,-31.4201,-64.1888
Córdoba,1990,5,12.95,0.66,0.43,-31.4201,-64.1888
Córdoba,1990,6,10.45,0.02,0.59,-31.4201,-64.1888
Córdoba,1990,7,8.77,0.96,0.71,-31.4201,-64.1888
Córdoba,1990,8,14.39,0.04,0.85,-31.4201,-64.1888
Córdoba,1990,9,12.94,0.65,0.85,-31.4201,-64.1888
Córdoba,1990,10,18.59,2.98,0.76,-31.4201,-64.1888
Córdoba,1990,11,21.61,2.7,0.6,-31.4201,-64.1888
Córdoba,1990,12,21.58,4.58,0.43,-31.4201,-64.1888
Córdoba,1991,1,22.25,4.07,0.31,-31.4201,-64.1888
Córdoba,1991,2,22.45,4.63,0.26,-31.4201,-64.1888
Córdoba,1991,3,21.69,2.23,0.25,-31.4201,-64.1888
Córdoba,1991,4,17.58,3.25,0.3,-31.4201,-64.1888
Córdoba,1991,5,15.18,1.56,0.4,-31.4201,-64.1888
Córdoba,1991,6,10.76,0.76,0.52,-31.4201,-64.1888
Córdoba,1991,7,9.66,0.27,0.71,-31.4201,-64.1888
Córdoba,1991,8,11.46,0.82,0.86,-31.4201,-64.1888
Córdoba,1991,9,14.64,0.31,0.88,-31.4201,-64.1888
Córdoba,1991,10,16.28,1.1,0.76,-31.4201,-64.1888
Córdoba,1991,11,19.54,2.9,0.57,-31.4201,-64.1888
Córdoba,1991,12,21.11,7.33,0.36,-31.4201,-64.1888
Córdoba,1992,1,22.38,3.49,0.29,-31.4201,-64.1888
Córdoba,1992,2,20.89,4.43,0.27,-31.4201,-64.1888
Córdoba,1992,3,20.43,6.13,0.26,-31.4201,-64.1888
Córdoba,1992,4,14.95,2.0,0.34,-31.4201,-64.1888
Córdoba,1992,5,12.68,0.55,0.44,-31.4201,-64.1888
Córdoba,1992,6,11.98,0.06,0.53,-31.4201,-64.1888
Córdoba,1992,7,6.67,0.28,0.73,-31.4201,-64.1888
Córdoba,1992,8,11.88,1.01,0.87,-31.4201,-64.1888
Córdoba,1992,9,13.41,3.14,0.83,-31.4201,-64.1888
Córdoba,1992,10,17.22,3.23,0.77,-31.4201,-64.1888
Córdoba,1992,11,17.9,4.95,0.58,-31.4201,-64.1888
Córdoba,1992,12,20.22,9.05,0.38,-31.4201,-64.1888
Córdoba,1993,1,23.03,3.41,0.25,-31.4201,-64.1888
Córdoba,1993,2,21.34,2.94,0.32,-31.4201,-64.1888
Córdoba,1993,3,21.31,1.97,0.24,-31.4201,-64.1888
Córdoba,1993,4,16.66,2.95,0.33,-31.4201,-64.1888
Córdoba,1993,5,12.22,1.26,0.47,-31.4201,-64.1888
Córdoba,1993,6,10.44,0.02,0.57,-31.4201,-64.1888
Córdoba,1993,7,7.91,0.06,0.75,-31.4201,-64.1888
Córdoba,1993,8,12.17,0.02,0.88,-31.4201,-64.1888
Córdoba,1993,9,13.27,0.82,0.86,-31.4201,-64.1888
Córdoba,1993,10,17.83,1.01,0.75,-31.4201,-64.1888
Córdoba,1993,11,20.59,6.71,0.64,-31.4201,-64.1888
Córdoba,1993,12,21.92,4.45,0.41,-31.4201,-64.1888
Córdoba,1994,1,21.94,5.58,0.29,-31.4201,-64.1888
Córdoba,1994,2,20.8,2.72,0.27,-31.4201,-64.1888
Córdoba,1994,3,19.71,2.93,0.27,-31.4201,-64.1888
Córdoba,1994,4,16.16,0.58,0.31,-31.4201,-64.1888
Córdoba,1994,5,15.42,0.71,0.42,-31.4201,-64.1888
Córdoba,1994,6,12.48,0.23,0.6,-31.4201,-64.1888
Córdoba,1994,7,9.94,0.95,0.74,-31.4201,-64.1888
Córdoba,1994,8,11.67,1.3,0.89,-31.4201,-64.1888
Córdoba,1994,9,15.92,0.13,0.87,-31.4201,-64.1888
Córdoba,1994,10,17.36,1.92,0.72,-31.4201,-64.1888
Córdoba,1994,11,20.44,2.75,0.56,-31.4201,-64.1888
Córdoba,1994,12,25.25,1.82,0.42,-31.4201,-64.1888
Córdoba,1995,1,22.33,4.11,0.28,-31.4201,-64.1888
Córdoba,1995,2,20.34,5.33,0.3,-31.4201,-64.1888
Córdoba,1995,3,19.96,1.1,0.28,-31.4201,-64.1888
Córdoba,1995,4,17.84,0.75,0.32,-31.4201,-64.1888
Córdoba,1995,5,13.92,0.79,0.42,-31.4201,-64.1888
Córdoba,1995,6,10.81,0.02,0.62,-31.4201,-64.1888
Córdoba,1995,7,9.72,0.03,0.79,-31.4201,-64.1888
Córdoba,1995,8,11.94,0.0,0.83,-31.4201,-64.1888
Córdoba,1995,9,15.14,0.15,0.94,-31.4201,-64.1888
Córdoba,1995,10,16.92,1.43,0.78,-31.4201,-64.1888
Córdoba,1995,11,20.37,4.34,0.6,-31.4201,-64.1888
Córdoba,1995,12,23.62,1.92,0.4,-31.4201,-64.1888
Córdoba,1996,1,22.14,5.1,0.29,-31.4201,-64.1888
Córdoba,1996,2,20.35,5.19,0.26,-31.4201,-64.1888
Córdoba,1996,3,19.94,2.6,0.27,-31.4201,-64.1888
Córdoba,1996,4,15.21,3.92,0.31,-31.4201,-64.1888
Córdoba,1996,5,13.46,0.13,0.45,-31.4201,-64.1888
Córdoba,1996,6,8.4,0.35,0.55,-31.4201,-64.1888
Córdoba,1996,7,8.58,0.0,0.72,-31.4201,-64.1888
Córdoba,1996,8,14.06,0.0,0.92,-31.4201,-64.1888
Córdoba,1996,9,13.71,1.5,0.87,-31.4201,-64.1888
Córdoba,1996,10,17.92,2.4,0.72,-31.4201,-64.1888
Córdoba,1996,11,20.89,1.17,0.6,-31.4201,-64.1888
Córdoba,1996,12,22.12,4.86,0.37,-31.4201,-64.1888
Córdoba,1997,1,23.91,4.5,0.3,-31.4201,-64.1888
Córdoba,1997,2,20.8,3.14,0.26,-31.4201,-64.1888
Córdoba,1997,3,20.21,1.8,0.27,-31.4201,-64.1888
Córdoba,1997,4,19.19,0.48,0.31,-31.4201,-64.1888
Córdoba,1997,5,14.69,0.05,0.45,-31.4201,-64.1888
Córdoba,1997,6,11.06,0.39,0.58,-31.4201,-64.1888
Córdoba,1997,7,12.29,0.33,0.77,-31.4201,-64.1888
Córdoba,1997,8,13.48,0.05,0.88,-31.4201,-64.1888
Córdoba,1997,9,16.05,1.68,0.8,-31.4201,-64.1888
Córdoba,1997,10,17.09,3.09,0.7,-31.4201,-64.1888
Córdoba,1997,11,19.68,4.71,0.55,-31.4201,-64.1888
Córdoba,1997,12,21.66,10.35,0.38,-31.4201,-64.1888
Córdoba,1998,1,21.46,2.27,0.26,-31.4201,-64.1888
Córdoba,1998,2,19.61,5.46,0.27,-31.4201,-64.1888
Córdoba,1998,3,17.52,2.76,0.24,-31.4201,-64.1888
Córdoba,1998,4,15.38,2.59,0.3,-31.4201,-64.1888
Córdoba,1998,5,13.14,1.59,0.39,-31.4201,-64.1888
Córdoba,1998,6,9.75,0.54,0.52,-31.4201,-64.1888
Córdoba,1998,7,11.72,0.07,0.64,-31.4201,-64.1888
Córdoba,1998,8,11.46,0.04,0.77,-31.4201,-64.1888
Córdoba,1998,9,12.39,0.92,0.89,-31.4201,-64.1888
Córdoba,1998,10,18.79,1.12,0.73,-31.4201,-64.1888
Córdoba,1998,11,20.05,3.52,0.58,-31.4201,-64.1888
Córdoba,1998,12,22.34,2.48,0.41,-31.4201,-64.1888
Córdoba,1999,1,21.19,5.41,0.31,-31.4201,-64.1888
Córdoba,1999,2,23.05,1.32,0.31,-31.4201,-64.1888
Córdoba,1999,3,19.79,7.75,0.26,-31.4201,-64.1888
Córdoba,1999,4,13.96,3.45,0.31,-31.4201,-64.1888
Córdoba,1999,5,12.08,0.38,0.4,-31.4201,-64.1888
Córdoba,1999,6,9.1,0.35,0.54,-31.4201,-64.1888
Córdoba,1999,7,8.25,0.06,0.73,-31.4201,-64.1888
Córdoba,1999,8,11.79,0.17,0.9,-31.4201,-64.1888
Córdoba,1999,9,15.82,1.5,0.82,-31.4201,-64.1888
Córdoba,1999,10,16.71,6.39,0.73,-31.4201,-64.1888
Córdoba,1999,11,17.74,4.23,0.6,-31.4201,-64.1888
Córdoba,1999,12,20.27,6.67,0.43,-31.4201,-64.1888
Córdoba,2000,1,22.27,4.65,0.34,-31.4201,-64.1888
Córdoba,2000,2,20.29,3.74,0.3,-31.4201,-64.1888
Córdoba,2000,3,18.04,4.19,0.27,-31.4201,-64.1888
Córdoba,2000,4,16.58,3.68,0.28,-31.4201,-64.1888
Córdoba,2000,5,11.26,2.19,0.41,-31.4201,-64.1888
Córdoba,2000,6,9.75,0.06,0.6,-31.4201,-64.1888
Córdoba,2000,7,7.74,0.31,0.76,-31.4201,-64.1888
Córdoba,2000,8,11.59,0.02,0.79,-31.4201,-64.1888
Córdoba,2000,9,14.01,0.47,0.88,-31.4201,-64.1888
Córdoba,2000,10,18.24,3.66,0.73,-31.4201,-64.1888
Córdoba,2000,11,18.1,5.6,0.54,-31.4201,-64.1888
Córdoba,2000,12,21.77,4.29,0.37,-31.4201,-64.1888
Córdoba,2001,1,22.7,5.82,0.28,-31.4201,-64.1888
Córdoba,2001,2,23.09,3.66,0.25,-31.4201,-64.1888
Córdoba,2001,3,19.78,6.98,0.24,-31.4201,-64.1888
Córdoba,2001,4,15.17,3.68,0.29,-31.4201,-64.1888
Córdoba,2001,5,11.32,1.22,0.39,-31.4201,-64.1888
Córdoba,2001,6,10.58,0.19,0.56,-31.4201,-64.1888
Córdoba,2001,7,9.45,0.14,0.78,-31.4201,-64.1888
Córdoba,2001,8,13.88,0.44,0.87,-31.4201,-64.1888
Córdoba,2001,9,13.3,3.36,0.83,-31.4201,-64.1888
Córdoba,2001,10,17.81,2.51,0.77,-31.4201,-64.1888
Córdoba,2001,11,19.05,3.24,0.58,-31.4201,-64.1888
Córdoba,2001,12,22.53,3.21,0.37,-31.4201,-64.1888
Córdoba,2002,1,21.91,5.13,0.29,-31.4201,-64.1888
Córdoba,2002,2,20.98,3.03,0.3,-31.4201,-64.1888
Córdoba,2002,3,20.98,3.62,0.23,-31.4201,-64.1888
Córdoba,2002,4,15.23,2.68,0.31,-31.4201,-64.1888
Córdoba,2002,5,14.25,0.35,0.44,-31.4201,-64.1888
Córdoba,2002,6,8.27,0.03,0.61,-31.4201,-64.1888
Córdoba,2002,7,9.49,0.79,0.7,-31.4201,-64.1888
Córdoba,2002,8,12.86,0.79,0.83,-31.4201,-64.1888
Córdoba,2002,9,14.7,0.15,0.87,-31.4201,-64.1888
Córdoba,2002,10,19.9,2.6,0.81,-31.4201,-64.1888
Córdoba,2002,11,21.07,6.03,0.63,-31.4201,-64.1888
Córdoba,2002,12,21.06,3.57,0.38,-31.4201,-64.1888
Córdoba,2003,1,23.41,3.54,0.27,-31.4201,-64.1888
Córdoba,2003,2,22.22,4.13,0.26,-31.4201,-64.1888
Córdoba,2003,3,19.68,4.53,0.26,-31.4201,-64.1888
Córdoba,2003,4,15.69,2.67,0.28,-31.4201,-64.1888
Córdoba,2003,5,13.34,0.34,0.41,-31.4201,-64.1888
Córdoba,2003,6,12.37,0.35,0.54,-31.4201,-64.1888
Córdoba,2003,7,9.27,0.83,0.72,-31.4201,-64.1888
Córdoba,2003,8,10.38,0.17,0.9,-31.4201,-64.1888
Córdoba,2003,9,14.82,0.1,0.9,-31.4201,-64.1888
Córdoba,2003,10,20.31,1.22,0.84,-31.4201,-64.1888
Córdoba,2003,11,22.7,2.21,0.62,-31.4201,-64.1888
Córdoba,2003,12,20.73,5.2,0.41,-31.4201,-64.1888
Córdoba,2004,1,24.57,1.99,0.3,-31.4201,-64.1888
Córdoba,2004,2,21.38,2.68,0.29,-31.4201,-64.1888
Córdoba,2004,3,20.5,3.99,0.27,-31.4201,-64.1888
Córdoba,2004,4,16.99,2.23,0.27,-31.4201,-64.1888
Córdoba,2004,5,9.84,1.33,0.42,-31.4201,-64.1888
Córdoba,2004,6,10.9,0.0,0.59,-31.4201,-64.1888
Córdoba,2004,7,9.54,0.99,0.75,-31.4201,-64.1888
Córdoba,2004,8,11.84,0.02,0.83,-31.4201,-64.1888
Córdoba,2004,9,15.94,0.09,0.88,-31.4201,-64.1888
Córdoba,2004,10,18.18,2.54,0.84,-31.4201,-64.1888
Córdoba,2004,11,20.1,3.84,0.62,-31.4201,-64.1888
Córdoba,2004,12,21.24,8.69,0.4,-31.4201,-64.1888
Córdoba,2005,1,22.26,5.74,0.29,-31.4201,-64.1888
Córdoba,2005,2,20.75,4.1,0.3,-31.4201,-64.1888
Córdoba,2005,3,18.64,4.93,0.26,-31.4201,-64.1888
Córdoba,2005,4,14.4,2.16,0.3,-31.4201,-64.1888
Córdoba,2005,5,12.63,0.15,0.46,-31.4201,-64.1888
Córdoba,2005,6,11.03,0.34,0.51,-31.4201,-64.1888
Córdoba,2005,7,10.31,0.58,0.77,-31.4201,-64.1888
Córdoba,2005,8,11.66,0.34,0.83,-31.4201,-64.1888
Córdoba,2005,9,11.83,0.37,0.85,-31.4201,-64.1888
Córdoba,2005,10,16.71,2.15,0.73,-31.4201,-64.1888
Córdoba,2005,11,20.52,3.66,0.59,-31.4201,-64.1888
Córdoba,2005,12,21.75,2.78,0.39,-31.4201,-64.1888
Córdoba,2006,1,23.36,5.75,0.3,-31.4201,-64.1888
Córdoba,2006,2,21.86,4.09,0.3,-31.4201,-64.1888
Córdoba,2006,3,19.55,2.23,0.26,-31.4201,-64.1888
Córdoba,2006,4,16.92,2.72,0.32,-31.4201,-64.1888
Córdoba,2006,5,11.49,0.18,0.44,-31.4201,-64.1888
Córdoba,2006,6,11.41,0.25,0.55,-31.4201,-64.1888
Córdoba,2006,7,12.6,0.06,0.74,-31.4201,-64.1888
Córdoba,2006,8,12.01,0.03,0.82,-31.4201,-64.1888
Córdoba,2006,9,15.4,0.52,0.95,-31.4201,-64.1888
Córdoba,2006,10,19.71,1.94,0.81,-31.4201,-64.1888
Córdoba,2006,11,19.9,6.0,0.62,-31.4201,-64.1888
Córdoba,2006,12,22.17,6.43,0.38,-31.4201,-64.1888
Córdoba,2007,1,21.85,3.58,0.28,-31.4201,-64.1888
Córdoba,2007,2,21.85,3.1,0.28,-31.4201,-64.1888
Córdoba,2007,3,19.8,6.66,0.24,-31.4201,-64.1888
Córdoba,2007,4,16.41,1.3,0.29,-31.4201,-64.1888
Córdoba,2007,5,10.0,0.45,0.42,-31.4201,-64.1888
Córdoba,2007,6,9.33,0.09,0.59,-31.4201,-64.1888
Córdoba,2007,7,7.59,0.82,0.73,-31.4201,-64.1888
Córdoba,2007,8,7.42,0.02,0.82,-31.4201,-64.1888
Córdoba,2007,9,14.83,2.8,0.84,-31.4201,-64.1888
Córdoba,2007,10,18.49,0.59,0.73,-31.4201,-64.1888
Córdoba,2007,11,21.32,0.88,0.6,-31.4201,-64.1888
Córdoba,2007,12,23.18,3.19,0.41,-31.4201,-64.1888
Córdoba,2008,1,23.03,5.0,0.29,-31.4201,-64.1888
Córdoba,2008,2,21.56,4.88,0.28,-31.4201,-64.1888
Córdoba,2008,3,19.65,4.4,0.28,-31.4201,-64.1888
Córdoba,2008,4,16.31,0.31,0.31,-31.4201,-64.1888
Córdoba,2008,5,13.18,0.19,0.45,-31.4201,-64.1888
Córdoba,2008,6,8.56,0.07,0.59,-31.4201,-64.1888
Córdoba,2008,7,12.31,0.01,0.73,-31.4201,-64.1888
Córdoba,2008,8,12.55,0.1,0.94,-31.4201,-64.1888
Córdoba,2008,9,13.26,1.75,0.83,-31.4201,-64.1888
Córdoba,2008,10,17.54,1.66,0.75,-31.4201,-64.1888
Córdoba,2008,11,22.1,3.12,0.58,-31.4201,-64.1888
Córdoba,2008,12,22.97,2.97,0.4,-31.4201,-64.1888
Córdoba,2009,1,22.06,2.71,0.31,-31.4201,-64.1888
Córdoba,2009,2,22.55,1.86,0.27,-31.4201,-64.1888
Córdoba,2009,3,21.57,4.83,0.27,-31.4201,-64.1888
Córdoba,2009,4,19.47,0.31,0.3,-31.4201,-64.1888
Córdoba,2009,5,14.96,0.48,0.45,-31.4201,-64.1888
Córdoba,2009,6,10.09,0.0,0.62,-31.4201,-64.1888
Córdoba,2009,7,8.73,0.31,0.7,-31.4201,-64.1888
Córdoba,2009,8,14.28,0.0,0.94,-31.4201,-64.1888
Córdoba,2009,9,12.49,1.22,0.88,-31.4201,-64.1888
Córdoba,2009,10,18.68,0.29,0.83,-31.4201,-64.1888
Córdoba,2009,11,22.81,2.71,0.6,-31.4201,-64.1888
Córdoba,2009,12,21.9,3.48,0.38,-31.4201,-64.1888
Córdoba,2010,1,24.35,1.71,0.28,-31.4201,-64.1888
Córdoba,2010,2,22.4,5.54,0.26,-31.4201,-64.1888
Córdoba,2010,3,20.56,6.06,0.25,-31.4201,-64.1888
Córdoba,2010,4,14.16,1.73,0.33,-31.4201,-64.1888
Córdoba,2010,5,10.89,0.97,0.45,-31.4201,-64.1888
Córdoba,2010,6,9.74,0.1,0.6,-31.4201,-64.1888
Córdoba,2010,7,7.93,0.01,0.77,-31.4201,-64.1888
Córdoba,2010,8,9.53,0.05,0.83,-31.4201,-64.1888
Córdoba,2010,9,14.25,1.86,0.9,-31.4201,-64.1888
Córdoba,2010,10,16.24,1.69,0.73,-31.4201,-64.1888
Córdoba,2010,11,19.61,2.5,0.55,-31.4201,-64.1888
Córdoba,2010,12,23.09,2.08,0.42,-31.4201,-64.1888
Córdoba,2011,1,23.69,3.88,0.29,-31.4201,-64.1888
Córdoba,2011,2,20.68,4.64,0.24,-31.4201,-64.1888
Córdoba,2011,3,18.7,1.64,0.29,-31.4201,-64.1888
Córdoba,2011,4,17.21,0.86,0.35,-31.4201,-64.1888
Córdoba,2011,5,12.75,0.13,0.43,-31.4201,-64.1888
Córdoba,2011,6,9.88,0.67,0.56,-31.4201,-64.1888
Córdoba,2011,7,9.07,0.05,0.71,-31.4201,-64.1888
Córdoba,2011,8,10.35,0.25,0.88,-31.4201,-64.1888
Córdoba,2011,9,16.55,0.2,0.98,-31.4201,-64.1888
Córdoba,2011,10,17.05,3.57,0.69,-31.4201,-64.1888
Córdoba,2011,11,20.79,4.12,0.62,-31.4201,-64.1888
Córdoba,2011,12,22.26,1.48,0.41,-31.4201,-64.1888
Córdoba,2012,1,23.81,3.81,0.31,-31.4201,-64.1888
Córdoba,2012,2,22.88,4.34,0.24,-31.4201,-64.1888
Córdoba,2012,3,20.42,1.25,0.27,-31.4201,-64.1888
Córdoba,2012,4,16.35,1.6,0.32,-31.4201,-64.1888
Córdoba,2012,5,14.66,0.29,0.42,-31.4201,-64.1888
Córdoba,2012,6,10.77,0.0,0.62,-31.4201,-64.1888
Córdoba,2012,7,8.87,0.0,0.74,-31.4201,-64.1888
Córdoba,2012,8,12.02,0.84,0.84,-31.4201,-64.1888
Córdoba,2012,9,15.11,2.38,0.86,-31.4201,-64.1888
Córdoba,2012,10,17.01,4.21,0.79,-31.4201,-64.1888
Córdoba,2012,11,21.15,2.21,0.55,-31.4201,-64.1888
Córdoba,2012,12,23.29,2.94,0.4,-31.4201,-64.1888
Córdoba,2013,1,23.33,3.08,0.28,-31.4201,-64.1888
Córdoba,2013,2,21.61,2.98,0.27,-31.4201,-64.1888
Córdoba,2013,3,18.11,3.0,0.29,-31.4201,-64.1888
Córdoba,2013,4,16.77,1.64,0.33,-31.4201,-64.1888
Córdoba,2013,5,13.48,1.36,0.46,-31.4201,-64.1888
Córdoba,2013,6,11.37,0.06,0.56,-31.4201,-64.1888
Córdoba,2013,7,9.89,0.3,0.74,-31.4201,-64.1888
Córdoba,2013,8,10.88,0.37,0.9,-31.4201,-64.1888
Córdoba,2013,9,14.15,0.1,0.92,-31.4201,-64.1888
Córdoba,2013,10,18.75,2.94,0.77,-31.4201,-64.1888
Córdoba,2013,11,19.4,6.13,0.63,-31.4201,-64.1888
Córdoba,2013,12,25.03,3.15,0.38,-31.4201,-64.1888
Córdoba,2014,1,24.04,1.8,0.28,-31.4201,-64.1888
Córdoba,2014,2,20.52,8.32,0.23,-31.4201,-64.1888
Córdoba,2014,3,17.21,3.23,0.26,-31.4201,-64.1888
Córdoba,2014,4,15.5,5.07,0.3,-31.4201,-64.1888
Córdoba,2014,5,12.72,1.06,0.39,-31.4201,-64.1888
Córdoba,2014,6,9.33,0.16,0.57,-31.4201,-64.1888
Córdoba,2014,7,10.17,0.09,0.75,-31.4201,-64.1888
Córdoba,2014,8,13.73,0.01,0.91,-31.4201,-64.1888
Córdoba,2014,9,15.45,0.9,0.83,-31.4201,-64.1888
Córdoba,2014,10,20.08,2.91,0.77,-31.4201,-64.1888
Córdoba,2014,11,19.87,4.61,0.58,-31.4201,-64.1888
Córdoba,2014,12,21.48,2.84,0.39,-31.4201,-64.1888
Córdoba,2015,1,22.78,8.97,0.26,-31.4201,-64.1888
Córdoba,2015,2,20.43,11.45,0.24,-31.4201,-64.1888
Córdoba,2015,3,19.51,2.91,0.22,-31.4201,-64.1888
Córdoba,2015,4,17.66,1.52,0.28,-31.4201,-64.1888
Córdoba,2015,5,14.2,0.31,0.4,-31.4201,-64.1888
Córdoba,2015,6,11.68,0.04,0.56,-31.4201,-64.1888
Córdoba,2015,7,10.3,1.09,0.74,-31.4201,-64.1888
Córdoba,2015,8,13.19,0.63,0.83,-31.4201,-64.1888
Córdoba,2015,9,14.46,0.57,0.76,-31.4201,-64.1888
Córdoba,2015,10,15.6,0.87,0.76,-31.4201,-64.1888
Córdoba,2015,11,18.34,4.19,0.57,-31.4201,-64.1888
Córdoba,2015,12,22.88,2.99,0.37,-31.4201,-64.1888
Córdoba,2016,1,23.54,5.65,0.25,-31.4201,-64.1888
Córdoba,2016,2,22.78,7.22,0.25,-31.4201,-64.1888
Córdoba,2016,3,18.44,2.72,0.25,-31.4201,-64.1888
Córdoba,2016,4,14.75,4.58,0.29,-31.4201,-64.1888
Córdoba,2016,5,10.67,0.36,0.35,-31.4201,-64.1888
Córdoba,2016,6,7.82,1.93,0.53,-31.4201,-64.1888
Córdoba,2016,7,8.73,0.06,0.65,-31.4201,-64.1888
Córdoba,2016,8,13.09,0.13,0.83,-31.4201,-64.1888
Córdoba,2016,9,14.51,0.02,0.87,-31.4201,-64.1888
Córdoba,2016,10,17.06,3.07,0.76,-31.4201,-64.1888
Córdoba,2016,11,19.77,2.19,0.6,-31.4201,-64.1888
Córdoba,2016,12,23.32,4.07,0.41,-31.4201,-64.1888
Córdoba,2017,1,24.6,2.48,0.28,-31.4201,-64.1888
Córdoba,2017,2,23.29,4.94,0.23,-31.4201,-64.1888
Córdoba,2017,3,20.31,1.82,0.25,-31.4201,-64.1888
Córdoba,2017,4,15.86,1.73,0.3,-31.4201,-64.1888
Córdoba,2017,5,12.87,1.18,0.42,-31.4201,-64.1888
Córdoba,2017,6,11.53,1.52,0.6,-31.4201,-64.1888
Córdoba,2017,7,11.54,0.1,0.73,-31.4201,-64.1888
Córdoba,2017,8,13.04,0.08,0.87,-31.4201,-64.1888
Córdoba,2017,9,13.96,3.63,0.85,-31.4201,-64.1888
Córdoba,2017,10,17.3,1.73,0.79,-31.4201,-64.1888
Córdoba,2017,11,21.02,2.36,0.59,-31.4201,-64.1888
Córdoba,2017,12,23.49,3.57,0.38,-31.4201,-64.1888
Córdoba,2018,1,23.29,2.84,0.32,-31.4201,-64.1888
Córdoba,2018,2,23.05,2.38,0.32,-31.4201,-64.1888
Córdoba,2018,3,21.08,0.47,0.28,-31.4201,-64.1888
Córdoba,2018,4,20.63,0.91,0.29,-31.4201,-64.1888
Córdoba,2018,5,14.64,3.38,0.41,-31.4201,-64.1888
Córdoba,2018,6,8.97,0.06,0.6,-31.4201,-64.1888
Córdoba,2018,7,7.62,0.02,0.72,-31.4201,-64.1888
Córdoba,2018,8,11.43,0.04,0.97,-31.4201,-64.1888
Córdoba,2018,9,17.35,0.86,0.79,-31.4201,-64.1888
Córdoba,2018,10,18.24,1.84,0.72,-31.4201,-64.1888
Córdoba,2018,11,20.42,6.32,0.58,-31.4201,-64.1888
Córdoba,2018,12,22.2,2.79,0.39,-31.4201,-64.1888
Córdoba,2019,1,22.75,6.6,0.26,-31.4201,-64.1888
Córdoba,2019,2,21.73,2.02,0.25,-31.4201,-64.1888
Córdoba,2019,3,18.15,4.54,0.26,-31.4201,-64.1888
Córdoba,2019,4,16.46,2.31,0.29,-31.4201,-64.1888
Córdoba,2019,5,12.91,0.68,0.43,-31.4201,-64.1888
Córdoba,2019,6,11.09,0.19,0.61,-31.4201,-64.1888
Córdoba,2019,7,9.94,0.06,0.71,-31.4201,-64.1888
Córdoba,2019,8,11.25,0.0,0.88,-31.4201,-64.1888
Córdoba,2019,9,14.55,0.21,0.9,-31.4201,-64.1888
Córdoba,2019,10,17.85,1.97,0.75,-31.4201,-64.1888
Córdoba,2019,11,21.95,3.97,0.56,-31.4201,-64.1888
Córdoba,2019,12,22.74,5.45,0.4,-31.4201,-64.1888
Córdoba,2020,1,23.45,1.92,0.27,-31.4201,-64.1888
Córdoba,2020,2,21.61,7.13,0.25,-31.4201,-64.1888
Córdoba,2020,3,22.12,2.79,0.25,-31.4201,-64.1888
Córdoba,2020,4,17.09,0.85,0.31,-31.4201,-64.1888
Córdoba,2020,5,14.23,0.0,0.47,-31.4201,-64.1888
Córdoba,2020,6,10.72,0.01,0.6,-31.4201,-64.1888
Córdoba,2020,7,9.55,0.01,0.69,-31.4201,-64.1888
Córdoba,2020,8,13.19,0.0,0.91,-31.4201,-64.1888
Córdoba,2020,9,15.69,0.23,0.91,-31.4201,-64.1888
Córdoba,2020,10,18.26,1.01,0.75,-31.4201,-64.1888
Córdoba,2020,11,21.17,1.84,0.58,-31.4201,-64.1888
Córdoba,2020,12,22.62,3.45,0.45,-31.4201,-64.1888
Córdoba,2021,1,22.34,5.73,0.26,-31.4201,-64.1888
Córdoba,2021,2,20.74,2.59,0.29,-31.4201,-64.1888
Córdoba,2021,3,19.49,3.59,0.29,-31.4201,-64.1888
Córdoba,2021,4,17.47,1.48,0.29,-31.4201,-64.1888
Córdoba,2021,5,12.64,1.0,0.46,-31.4201,-64.1888
Córdoba,2021,6,9.0,0.46,0.55,-31.4201,-64.1888
Córdoba,2021,7,10.93,0.04,0.74,-31.4201,-64.1888
Córdoba,2021,8,12.45,0.0,0.87,-31.4201,-64.1888
Córdoba,2021,9,15.85,0.64,0.93,-31.4201,-64.1888
Córdoba,2021,10,18.83,2.14,0.8,-31.4201,-64.1888
Córdoba,2021,11,19.95,4.67,0.57,-31.4201,-64.1888
Córdoba,2021,12,23.38,2.22,0.37,-31.4201,-64.1888
Córdoba,2022,1,25.0,4.54,0.28,-31.4201,-64.1888
Córdoba,2022,2,21.61,2.68,0.29,-31.4201,-64.1888
Córdoba,2022,3,19.07,2.51,0.31,-31.4201,-64.1888
Córdoba,2022,4,16.32,0.44,0.33,-31.4201,-64.1888
Córdoba,2022,5,11.92,0.46,0.45,-31.4201,-64.1888
Córdoba,2022,6,8.86,0.17,0.57,-31.4201,-64.1888
Córdoba,2022,7,11.52,0.04,0.75,-31.4201,-64.1888
Córdoba,2022,8,11.88,0.56,0.86,-31.4201,-64.1888
Córdoba,2022,9,14.08,0.61,0.87,-31.4201,-64.1888
Córdoba,2022,10,17.12,0.89,0.82,-31.4201,-64.1888
Córdoba,2022,11,21.76,2.04,0.61,-31.4201,-64.1888
Córdoba,2022,12,24.29,2.5,0.37,-31.4201,-64.1888
Córdoba,2023,1,24.49,5.04,0.27,-31.4201,-64.1888
Córdoba,2023,2,22.63,1.78,0.26,-31.4201,-64.1888
Córdoba,2023,3,23.45,3.92,0.24,-31.4201,-64.1888
Córdoba,2023,4,17.02,1.22,0.3,-31.4201,-64.1888
Córdoba,2023,5,14.71,0.75,0.4,-31.4201,-64.1888
Córdoba,2023,6,11.53,0.02,0.54,-31.4201,-64.1888
Córdoba,2023,7,11.55,0.63,0.71,-31.4201,-64.1888
Córdoba,2023,8,14.02,0.0,0.83,-31.4201,-64.1888
Córdoba,2023,9,15.35,0.13,0.87,-31.4201,-64.1888
Córdoba,2023,10,18.76,0.51,0.83,-31.4201,-64.1888
Córdoba,2023,11,20.95,2.33,0.63,-31.4201,-64.1888
Córdoba,2023,12,22.85,3.27,0.42,-31.4201,-64.1888
Corrientes,1981,1,26.85,8.14,2.43,-27.4692,-58.8306
Corrientes,1981,2,26.24,9.23,2.55,-27.4692,-58.8306
Corrientes,1981,3,24.15,5.22,1.99,-27.4692,-58.8306
Corrientes,1981,4,21.8,4.71,2.05,-27.4692,-58.8306
Corrientes,1981,5,20.79,4.45,2.95,-27.4692,-58.8306
Corrientes,1981,6,14.06,2.37,2.17,-27.4692,-58.8306
Corrientes,1981,7,14.34,1.45,2.85,-27.4692,-58.8306
Corrientes,1981,8,18.07,1.17,2.53,-27.4692,-58.8306
Corrientes,1981,9,17.7,1.08,3.02,-27.4692,-58.8306
Corrientes,1981,10,22.43,3.89,2.95,-27.4692,-58.8306
Corrientes,1981,11,24.9,6.78,2.53,-27.4692,-58.8306
Corrientes,1981,12,26.39,2.82,2.77,-27.4692,-58.8306
Corrientes,1982,1,27.78,3.16,2.35,-27.4692,-58.8306
Corrientes,1982,2,26.09,6.46,2.56,-27.4692,-58.8306
Corrientes,1982,3,25.68,2.05,2.2,-27.4692,-58.8306
Corrientes,1982,4,23.26,3.06,1.93,-27.4692,-58.8306
Corrientes,1982,5,19.61,1.66,2.66,-27.4692,-58.8306
Corrientes,1982,6,16.27,7.52,2.67,-27.4692,-58.8306
Corrientes,1982,7,17.25,0.82,2.66,-27.4692,-58.8306
Corrientes,1982,8,18.2,4.2,3.13,-27.4692,-58.8306
Corrientes,1982,9,20.48,5.31,3.14,-27.4692,-58.8306
Corrientes,1982,10,20.82,1.89,3.04,-27.4692,-58.8306
Corrientes,1982,11,23.28,13.25,2.92,-27.4692,-58.8306
Corrientes,1982,12,25.21,4.61,2.39,-27.4692,-58.8306
Corrientes,1983,1,27.92,8.1,2.02,-27.4692,-58.8306
Corrientes,1983,2,26.07,6.84,2.62,-27.4692,-58.8306
Corrientes,1983,3,23.93,5.7,2.69,-27.4692,-58.8306
Corrientes,1983,4,20.95,12.5,2.54,-27.4692,-58.8306
Corrientes,1983,5,18.19,7.02,2.5,-27.4692,-58.8306
Corrientes,1983,6,12.41,0.32,2.31,-27.4692,-58.8306
Corrientes,1983,7,13.29,2.19,2.59,-27.4692,-58.8306
Corrientes,1983,8,15.43,0.27,2.92,-27.4692,-58.8306
Corrientes,1983,9,16.5,0.33,2.76,-27.4692,-58.8306
Corrientes,1983,10,22.05,4.49,3.35,-27.4692,-58.8306
Corrientes,1983,11,23.59,3.1,2.6,-27.4692,-58.8306
Corrientes,1983,12,29.03,2.35,2.45,-27.4692,-58.8306
Corrientes,1984,1,28.56,11.51,2.47,-27.4692,-58.8306
Corrientes,1984,2,27.42,5.47,2.83,-27.4692,-58.8306
Corrientes,1984,3,24.74,9.56,2.49,-27.4692,-58.8306
Corrientes,1984,4,19.39,4.03,2.36,-27.4692,-58.8306
Corrientes,1984,5,19.4,7.36,2.84,-27.4692,-58.8306
Corrientes,1984,6,13.88,3.01,2.29,-27.4692,-58.8306
Corrientes,1984,7,15.33,1.02,2.91,-27.4692,-58.8306
Corrientes,1984,8,13.86,0.53,2.47,-27.4692,-58.8306
Corrientes,1984,9,18.75,3.49,3.04,-27.4692,-58.8306
Corrientes,1984,10,23.36,5.56,3.14,-27.4692,-58.8306
Corrientes,1984,11,24.04,6.74,2.65,-27.4692,-58.8306
Corrientes,1984,12,25.08,2.55,2.66,-27.4692,-58.8306
Corrientes,1985,1,29.03,2.11,2.59,-27.4692,-58.8306
Corrientes,1985,2,28.06,10.62,2.31,-27.4692,-58.8306
Corrientes,1985,3,25.16,7.73,2.5,-27.4692,-58.8306
Corrientes,1985,4,20.87,10.3,2.65,-27.4692,-58.8306
Corrientes,1985,5,18.71,4.59,2.48,-27.4692,-58.8306
Corrientes,1985,6,15.53,1.15,2.44,-27.4692,-58.8306
Corrientes,1985,7,14.57,2.42,2.95,-27.4692,-58.8306
Corrientes,1985,8,15.21,1.66,2.69,-27.4692,-58.8306
Corrientes,1985,9,18.15,3.83,2.85,-27.4692,-58.8306
Corrientes,1985,10,22.31,2.06,2.85,-27.4692,-58.8306
Corrientes,1985,11,28.3,0.77,3.16,-27.4692,-58.8306
Corrientes,1985,12,30.93,2.62,2.41,-27.4692,-58.8306
Corrientes,1986,1,31.84,2.23,2.73,-27.4692,-58.8306
Corrientes,1986,2,29.07,5.71,2.73,-27.4692,-58.8306
Corrientes,1986,3,23.87,13.83,2.43,-27.4692,-58.8306
Corrientes,1986,4,22.87,13.4,3.01,-27.4692,-58.8306
Corrientes,1986,5,18.17,5.16,2.68,-27.4692,-58.8306
Corrientes,1986,6,17.54,6.34,2.86,-27.4692,-58.8306
Corrientes,1986,7,15.57,1.77,2.63,-27.4692,-58.8306
Corrientes,1986,8,17.44,0.98,2.62,-27.4692,-58.8306
Corrientes,1986,9,18.68,5.88,3.37,-27.4692,-58.8306
Corrientes,1986,10,20.48,6.17,2.95,-27.4692,-58.8306
Corrientes,1986,11,23.77,6.23,3.32,-27.4692,-58.8306
Corrientes,1986,12,26.05,3.99,2.26,-27.4692,-58.8306
Corrientes,1987,1,27.69,6.44,2.11,-27.4692,-58.8306
Corrientes,1987,2,25.71,8.48,2.89,-27.4692,-58.8306
Corrientes,1987,3,25.03,3.4,2.5,-27.4692,-58.8306
Corrientes,1987,4,21.91,9.7,2.39,-27.4692,-58.8306
Corrientes,1987,5,14.44,1.42,2.38,-27.4692,-58.8306
Corrientes,1987,6,14.05,3.15,2.46,-27.4692,-58.8306
Corrientes,1987,7,17.85,3.87,2.98,-27.4692,-58.8306
Corrientes,1987,8,15.12,1.91,2.81,-27.4692,-58.8306
Corrientes,1987,9,16.65,1.77,3.16,-27.4692,-58.8306
Corrientes,1987,10,20.77,2.34,2.8,-27.4692,-58.8306
Corrientes,1987,11,24.75,6.17,2.88,-27.4692,-58.8306
Corrientes,1987,12,25.49,4.85,2.66,-27.4692,-58.8306
Corrientes,1988,1,28.02,6.74,2.83,-27.4692,-58.8306
Corrientes,1988,2,26.56,2.31,2.02,-27.4692,-58.8306
Corrientes,1988,3,29.17,4.33,2.41,-27.4692,-58.8306
Corrientes,1988,4,21.03,5.62,2.47,-27.4692,-58.8306
Corrientes,1988,5,14.45,0.26,2.08,-27.4692,-58.8306
Corrientes,1988,6,13.2,1.38,2.37,-27.4692,-58.8306
Corrientes,1988,7,13.3,0.28,3.01,-27.4692,-58.8306
Corrientes,1988,8,17.9,1.13,3.06,-27.4692,-58.8306
Corrientes,1988,9,18.83,2.34,2.95,-27.4692,-58.8306
Corrientes,1988,10,21.39,3.16,3.17,-27.4692,-58.8306
Corrientes,1988,11,25.67,3.49,3.05,-27.4692,-58.8306
Corrientes,1988,12,29.09,3.06,2.35,-27.4692,-58.8306
Corrientes,1989,1,30.15,3.35,2.61,-27.4692,-58.8306
Corrientes,1989,2,28.97,4.86,2.45,-27.4692,-58.8306
Corrientes,1989,3,25.15,6.59,2.23,-27.4692,-58.8306
Corrientes,1989,4,21.23,9.02,2.27,-27.4692,-58.8306
Corrientes,1989,5,16.88,0.39,2.52,-27.4692,-58.8306
Corrientes,1989,6,16.25,3.15,2.13,-27.4692,-58.8306
Corrientes,1989,7,13.41,2.37,2.72,-27.4692,-58.8306
Corrientes,1989,8,16.63,3.52,3.33,-27.4692,-58.8306
Corrientes,1989,9,16.31,3.58,2.93,-27.4692,-58.8306
Corrientes,1989,10,20.47,6.49,2.97,-27.4692,-58.8306
Corrientes,1989,11,23.44,3.06,2.63,-27.4692,-58.8306
Corrientes,1989,12,28.01,5.92,2.35,-27.4692,-58.8306
Corrientes,1990,1,28.18,5.41,2.91,-27.4692,-58.8306
Corrientes,1990,2,26.06,5.1,2.64,-27.4692,-58.8306
Corrientes,1990,3,26.34,7.09,2.74,-27.4692,-58.8306
Corrientes,1990,4,23.01,15.69,2.57,-27.4692,-58.8306
Corrientes,1990,5,16.3,2.51,2.4,-27.4692,-58.8306
Corrientes,1990,6,13.06,2.48,2.2,-27.4692,-58.8306
Corrientes,1990,7,12.27,1.12,2.54,-27.4692,-58.8306
Corrientes,1990,8,17.16,1.9,2.9,-27.4692,-58.8306
Corrientes,1990,9,16.47,2.11,2.91,-27.4692,-58.8306
Corrientes,1990,10,23.1,8.95,2.76,-27.4692,-58.8306
Corrientes,1990,11,24.79,5.72,3.18,-27.4692,-58.8306
Corrientes,1990,12,24.91,8.64,3.04,-27.4692,-58.8306
Corrientes,1991,1,27.17,3.79,2.67,-27.4692,-58.8306
Corrientes,1991,2,27.4,3.78,2.27,-27.4692,-58.8306
Corrientes,1991,3,27.87,1.21,2.24,-27.4692,-58.8306
Corrientes,1991,4,22.95,5.48,2.49,-27.4692,-58.8306
Corrientes,1991,5,19.15,6.69,2.78,-27.4692,-58.8306
Corrientes,1991,6,15.95,3.16,2.51,-27.4692,-58.8306
Corrientes,1991,7,14.25,1.04,2.85,-27.4692,-58.8306
Corrientes,1991,8,17.29,0.32,3.02,-27.4692,-58.8306
Corrientes,1991,9,21.07,3.41,3.12,-27.4692,-58.8306
Corrientes,1991,10,21.46,3.58,3.16,-27.4692,-58.8306
Corrientes,1991,11,23.52,6.39,2.68,-27.4692,-58.8306
Corrientes,1991,12,26.3,9.16,2.5,-27.4692,-58.8306
Corrientes,1992,1,26.67,2.77,2.18,-27.4692,-58.8306
Corrientes,1992,2,27.59,6.27,2.4,-27.4692,-58.8306
Corrientes,1992,3,24.17,6.58,2.42,-27.4692,-58.8306
Corrientes,1992,4,20.66,7.21,2.6,-27.4692,-58.8306
Corrientes,1992,5,18.15,2.2,2.75,-27.4692,-58.8306
Corrientes,1992,6,17.84,4.32,3.02,-27.4692,-58.8306
Corrientes,1992,7,11.55,1.22,2.87,-27.4692,-58.8306
Corrientes,1992,8,14.69,3.44,2.68,-27.4692,-58.8306
Corrientes,1992,9,17.33,1.9,2.64,-27.4692,-58.8306
Corrientes,1992,10,20.57,7.97,2.99,-27.4692,-58.8306
Corrientes,1992,11,22.24,4.3,2.8,-27.4692,-58.8306
Corrientes,1992,12,26.88,6.6,2.52,-27.4692,-58.8306
Corrientes,1993,1,27.33,5.75,2.32,-27.4692,-58.8306
Corrientes,1993,2,25.88,1.33,2.49,-27.4692,-58.8306
Corrientes,1993,3,26.24,5.71,2.33,-27.4692,-58.8306
Corrientes,1993,4,23.15,4.36,2.6,-27.4692,-58.8306
Corrientes,1993,5,18.37,1.66,3.09,-27.4692,-58.8306
Corrientes,1993,6,15.66,1.73,2.63,-27.4692,-58.8306
Corrientes,1993,7,14.17,1.23,2.82,-27.4692,-58.8306
Corrientes,1993,8,16.46,1.22,2.73,-27.4692,-58.8306
Corrientes,1993,9,18.09,2.38,2.92,-27.4692,-58.8306
Corrientes,1993,10,22.55,4.72,3.07,-27.4692,-58.8306
Corrientes,1993,11,23.26,9.71,2.86,-27.4692,-58.8306
Corrientes,1993,12,25.14,4.29,2.66,-27.4692,-58.8306
Corrientes,1994,1,27.66,6.59,2.34,-27.4692,-58.8306
Corrientes,1994,2,25.17,8.51,2.47,-27.4692,-58.8306
Corrientes,1994,3,23.64,7.39,2.4,-27.4692,-58.8306
Corrientes,1994,4,21.19,4.3,2.53,-27.4692,-58.8306
Corrientes,1994,5,20.3,3.83,2.49,-27.4692,-58.8306
Corrientes,1994,6,15.95,3.14,2.77,-27.4692,-58.8306
Corrientes,1994,7,14.95,1.4,2.82,-27.4692,-58.8306
Corrientes,1994,8,16.61,1.47,2.81,-27.4692,-58.8306
Corrientes,1994,9,21.32,1.89,3.53,-27.4692,-58.8306
Corrientes,1994,10,23.26,4.55,3.05,-27.4692,-58.8306
Corrientes,1994,11,23.39,6.51,2.81,-27.4692,-58.8306
Corrientes,1994,12,28.77,2.92,2.41,-27.4692,-58.8306
Corrientes,1995,1,28.72,5.87,2.39,-27.4692,-58.8306
Corrientes,1995,2,26.69,7.47,2.33,-27.4692,-58.8306
Corrientes,1995,3,24.54,6.13,2.08,-27.4692,-58.8306
Corrientes,1995,4,20.44,3.4,2.57,-27.4692,-58.8306
Corrientes,1995,5,16.59,3.0,1.92,-27.4692,-58.8306
Corrientes,1995,6,16.29,0.26,2.73,-27.4692,-58.8306
Corrientes,1995,7,16.78,1.08,2.78,-27.4692,-58.8306
Corrientes,1995,8,17.44,1.26,2.74,-27.4692,-58.8306
Corrientes,1995,9,20.36,1.43,3.36,-27.4692,-58.8306
Corrientes,1995,10,22.38,2.09,3.18,-27.4692,-58.8306
Corrientes,1995,11,27.67,2.48,3.03,-27.4692,-58.8306
Corrientes,1995,12,28.62,2.78,2.52,-27.4692,-58.8306
Corrientes,1996,1,29.2,6.66,2.63,-27.4692,-58.8306
Corrientes,1996,2,26.2,9.07,2.23,-27.4692,-58.8306
Corrientes,1996,3,24.51,6.06,2.19,-27.4692,-58.8306
Corrientes,1996,4,21.99,11.32,2.65,-27.4692,-58.8306
Corrientes,1996,5,18.3,0.8,2.06,-27.4692,-58.8306
Corrientes,1996,6,12.53,0.36,2.6,-27.4692,-58.8306
Corrientes,1996,7,12.82,0.23,2.22,-27.4692,-58.8306
Corrientes,1996,8,18.93,1.21,2.98,-27.4692,-58.8306
Corrientes,1996,9,18.82,3.88,2.98,-27.4692,-58.8306
Corrientes,1996,10,21.36,7.63,2.84,-27.4692,-58.8306
Corrientes,1996,11,23.75,4.85,2.74,-27.4692,-58.8306
Corrientes,1996,12,25.95,10.4,2.43,-27.4692,-58.8306
Corrientes,1997,1,29.72,3.13,2.35,-27.4692,-58.8306
Corrientes,1997,2,26.11,9.64,2.42,-27.4692,-58.8306
Corrientes,1997,3,24.42,1.84,2.24,-27.4692,-58.8306
Corrientes,1997,4,22.35,1.86,2.01,-27.4692,-58.8306
Corrientes,1997,5,20.04,2.73,2.49,-27.4692,-58.8306
Corrientes,1997,6,16.03,0.97,2.57,-27.4692,-58.8306
Corrientes,1997,7,18.1,0.7,3.12,-27.4692,-58.8306
Corrientes,1997,8,18.83,0.88,3.34,-27.4692,-58.8306
Corrientes,1997,9,22.11,2.8,3.14,-27.4692,-58.8306
Corrientes,1997,10,22.94,6.86,3.45,-27.4692,-58.8306
Corrientes,1997,11,24.61,9.34,2.95,-27.4692,-58.8306
Corrientes,1997,12,27.47,6.22,3.18,-27.4692,-58.8306
Corrientes,1998,1,27.33,9.29,3.03,-27.4692,-58.8306
Corrientes,1998,2,25.54,9.01,2.79,-27.4692,-58.8306
Corrientes,1998,3,22.7,5.73,2.68,-27.4692,-58.8306
Corrientes,1998,4,20.61,15.43,2.89,-27.4692,-58.8306
Corrientes,1998,5,17.44,1.33,2.48,-27.4692,-58.8306
Corrientes,1998,6,14.91,2.18,2.42,-27.4692,-58.8306
Corrientes,1998,7,16.05,1.01,2.46,-27.4692,-58.8306
Corrientes,1998,8,15.54,1.78,2.33,-27.4692,-58.8306
Corrientes,1998,9,16.93,1.86,3.16,-27.4692,-58.8306
Corrientes,1998,10,21.53,4.12,2.9,-27.4692,-58.8306
Corrientes,1998,11,23.96,5.41,2.69,-27.4692,-58.8306
Corrientes,1998,12,26.23,5.67,2.67,-27.4692,-58.8306
Corrientes,1999,1,27.93,3.74,2.35,-27.4692,-58.8306
Corrientes,1999,2,26.83,5.74,2.4,-27.4692,-58.8306
Corrientes,1999,3,27.29,6.08,2.33,-27.4692,-58.8306
Corrientes,1999,4,19.99,4.2,2.33,-27.4692,-58.8306
Corrientes,1999,5,16.3,3.25,2.19,-27.4692,-58.8306
Corrientes,1999,6,14.38,1.57,2.25,-27.4692,-58.8306
Corrientes,1999,7,13.65,1.06,2.45,-27.4692,-58.8306
Corrientes,1999,8,17.03,0.07,3.17,-27.4692,-58.8306
Corrientes,1999,9,21.84,0.83,3.14,-27.4692,-58.8306
Corrientes,1999,10,23.27,1.68,3.22,-27.4692,-58.8306
Corrientes,1999,11,24.97,2.06,2.91,-27.4692,-58.8306
Corrientes,1999,12,28.85,3.03,2.8,-27.4692,-58.8306
Corrientes,2000,1,29.01,6.17,2.56,-27.4692,-58.8306
Corrientes,2000,2,26.49,7.41,2.5,-27.4692,-58.8306
Corrientes,2000,3,24.24,3.51,2.51,-27.4692,-58.8306
Corrientes,2000,4,22.06,5.5,2.44,-27.4692,-58.8306
Corrientes,2000,5,16.32,2.26,2.61,-27.4692,-58.8306
Corrientes,2000,6,16.06,2.31,2.98,-27.4692,-58.8306
Corrientes,2000,7,10.92,0.27,2.72,-27.4692,-58.8306
Corrientes,2000,8,17.25,1.54,2.97,-27.4692,-58.8306
Corrientes,2000,9,19.78,1.14,3.39,-27.4692,-58.8306
Corrientes,2000,10,23.75,8.83,2.98,-27.4692,-58.8306
Corrientes,2000,11,22.42,5.16,2.86,-27.4692,-58.8306
Corrientes,2000,12,25.81,9.0,2.64,-27.4692,-58.8306
Corrientes,2001,1,26.62,6.46,2.55,-27.4692,-58.8306
Corrientes,2001,2,27.52,3.41,2.35,-27.4692,-58.8306
Corrientes,2001,3,26.75,3.8,2.38,-27.4692,-58.8306
Corrientes,2001,4,22.83,4.21,2.56,-27.4692,-58.8306
Corrientes,2001,5,16.54,0.44,2.47,-27.4692,-58.8306
Corrientes,2001,6,16.04,4.87,2.71,-27.4692,-58.8306
Corrientes,2001,7,15.93,0.74,3.06,-27.4692,-58.8306
Corrientes,2001,8,19.7,1.29,3.13,-27.4692,-58.8306
Corrientes,2001,9,19.3,2.35,3.16,-27.4692,-58.8306
Corrientes,2001,10,22.72,4.75,3.11,-27.4692,-58.8306
Corrientes,2001,11,24.77,5.28,3.17,-27.4692,-58.8306
Corrientes,2001,12,26.86,2.16,2.38,-27.4692,-58.8306
Corrientes,2002,1,28.33,6.29,2.71,-27.4692,-58.8306
Corrientes,2002,2,26.01,3.18,2.49,-27.4692,-58.8306
Corrientes,2002,3,27.27,11.04,2.86,-27.4692,-58.8306
Corrientes,2002,4,21.3,11.31,2.49,-27.4692,-58.8306
Corrientes,2002,5,18.85,2.35,2.92,-27.4692,-58.8306
Corrientes,2002,6,13.46,1.41,2.75,-27.4692,-58.8306
Corrientes,2002,7,13.09,3.58,2.49,-27.4692,-58.8306
Corrientes,2002,8,16.69,2.15,3.13,-27.4692,-58.8306
Corrientes,2002,9,17.57,3.27,2.83,-27.4692,-58.8306
Corrientes,2002,10,24.03,5.43,3.37,-27.4692,-58.8306
Corrientes,2002,11,24.01,7.09,3.27,-27.4692,-58.8306
Corrientes,2002,12,25.1,6.83,3.06,-27.4692,-58.8306
Corrientes,2003,1,26.93,3.07,2.28,-27.4692,-58.8306
Corrientes,2003,2,26.5,5.48,2.85,-27.4692,-58.8306
Corrientes,2003,3,24.73,5.06,2.43,-27.4692,-58.8306
Corrientes,2003,4,21.08,4.12,2.54,-27.4692,-58.8306
Corrientes,2003,5,18.21,0.32,2.61,-27.4692,-58.8306
Corrientes,2003,6,19.41,0.72,2.64,-27.4692,-58.8306
Corrientes,2003,7,15.66,0.22,2.76,-27.4692,-58.8306
Corrientes,2003,8,15.29,1.79,2.97,-27.4692,-58.8306
Corrientes,2003,9,20.6,1.33,3.54,-27.4692,-58.8306
Corrientes,2003,10,23.88,4.31,3.36,-27.4692,-58.8306
Corrientes,2003,11,25.35,6.95,3.28,-27.4692,-58.8306
Corrientes,2003,12,24.31,9.65,3.11,-27.4692,-58.8306
Corrientes,2004,1,28.0,0.56,2.31,-27.4692,-58.8306
Corrientes,2004,2,26.93,4.53,2.8,-27.4692,-58.8306
Corrientes,2004,3,26.26,2.24,2.37,-27.4692,-58.8306
Corrientes,2004,4,24.4,4.46,2.72,-27.4692,-58.8306
Corrientes,2004,5,15.36,0.25,2.34,-27.4692,-58.8306
Corrientes,2004,6,16.94,3.54,2.59,-27.4692,-58.8306
Corrientes,2004,7,14.83,1.38,3.31,-27.4692,-58.8306
Corrientes,2004,8,16.18,0.97,2.95,-27.4692,-58.8306
Corrientes,2004,9,20.37,4.02,3.4,-27.4692,-58.8306
Corrientes,2004,10,21.59,6.54,3.26,-27.4692,-58.8306
Corrientes,2004,11,22.87,8.47,3.04,-27.4692,-58.8306
Corrientes,2004,12,25.14,5.51,2.67,-27.4692,-58.8306
Corrientes,2005,1,28.45,2.36,2.6,-27.4692,-58.8306
Corrientes,2005,2,28.58,1.94,2.74,-27.4692,-58.8306
Corrientes,2005,3,26.56,4.37,2.64,-27.4692,-58.8306
Corrientes,2005,4,20.54,10.49,2.62,-27.4692,-58.8306
Corrientes,2005,5,18.64,3.29,2.66,-27.4692,-58.8306
Corrientes,2005,6,18.35,1.91,2.5,-27.4692,-58.8306
Corrientes,2005,7,14.36,0.2,2.93,-27.4692,-58.8306
Corrientes,2005,8,16.91,1.0,3.3,-27.4692,-58.8306
Corrientes,2005,9,16.64,1.24,3.21,-27.4692,-58.8306
Corrientes,2005,10,21.68,2.58,3.17,-27.4692,-58.8306
Corrientes,2005,11,25.29,5.31,2.93,-27.4692,-58.8306
Corrientes,2005,12,27.47,3.02,2.73,-27.4692,-58.8306
Corrientes,2006,1,30.11,4.25,2.52,-27.4692,-58.8306
Corrientes,2006,2,28.97,1.65,2.4,-27.4692,-58.8306
Corrientes,2006,3,25.07,8.82,2.24,-27.4692,-58.8306
Corrientes,2006,4,21.11,4.8,2.27,-27.4692,-58.8306
Corrientes,2006,5,15.81,1.89,2.34,-27.4692,-58.8306
Corrientes,2006,6,17.02,2.72,2.7,-27.4692,-58.8306
Corrientes,2006,7,18.38,0.34,2.94,-27.4692,-58.8306
Corrientes,2006,8,17.21,0.76,2.7,-27.4692,-58.8306
Corrientes,2006,9,19.21,2.27,3.28,-27.4692,-58.8306
Corrientes,2006,10,23.89,6.49,3.21,-27.4692,-58.8306
Corrientes,2006,11,24.1,4.25,3.42,-27.4692,-58.8306
Corrientes,2006,12,28.05,6.75,2.67,-27.4692,-58.8306
Corrientes,2007,1,27.2,6.99,2.61,-27.4692,-58.8306
Corrientes,2007,2,27.69,5.65,2.81,-27.4692,-58.8306
Corrientes,2007,3,25.44,7.0,2.76,-27.4692,-58.8306
Corrientes,2007,4,23.08,4.61,2.34,-27.4692,-58.8306
Corrientes,2007,5,14.97,0.75,2.64,-27.4692,-58.8306
Corrientes,2007,6,15.14,0.42,2.16,-27.4692,-58.8306
Corrientes,2007,7,12.22,0.43,2.62,-27.4692,-58.8306
Corrientes,2007,8,13.92,0.16,3.16,-27.4692,-58.8306
Corrientes,2007,9,21.14,3.83,3.29,-27.4692,-58.8306
Corrientes,2007,10,24.03,4.97,2.95,-27.4692,-58.8306
Corrientes,2007,11,23.18,3.75,3.05,-27.4692,-58.8306
Corrientes,2007,12,28.37,3.6,2.54,-27.4692,-58.8306
Corrientes,2008,1,29.14,2.25,2.89,-27.4692,-58.8306
Corrientes,2008,2,28.13,3.94,2.48,-27.4692,-58.8306
Corrientes,2008,3,27.0,1.16,2.55,-27.4692,-58.8306
Corrientes,2008,4,22.16,2.31,2.25,-27.4692,-58.8306
Corrientes,2008,5,17.98,0.35,2.93,-27.4692,-58.8306
Corrientes,2008,6,13.4,2.89,2.21,-27.4692,-58.8306
Corrientes,2008,7,18.2,0.58,2.76,-27.4692,-58.8306
Corrientes,2008,8,17.02,1.0,2.97,-27.4692,-58.8306
Corrientes,2008,9,18.31,2.69,3.17,-27.4692,-58.8306
Corrientes,2008,10,22.78,6.17,3.24,-27.4692,-58.8306
Corrientes,2008,11,24.68,2.89,2.83,-27.4692,-58.8306
Corrientes,2008,12,28.68,2.28,2.72,-27.4692,-58.8306
Corrientes,2009,1,27.26,5.94,2.48,-27.4692,-58.8306
Corrientes,2009,2,26.69,6.68,2.45,-27.4692,-58.8306
Corrientes,2009,3,27.54,0.99,2.19,-27.4692,-58.8306
Corrientes,2009,4,24.16,1.42,2.37,-27.4692,-58.8306
Corrientes,2009,5,20.18,2.19,2.6,-27.4692,-58.8306
Corrientes,2009,6,13.68,0.62,2.53,-27.4692,-58.8306
Corrientes,2009,7,12.62,1.38,2.5,-27.4692,-58.8306
Corrientes,2009,8,17.75,1.09,3.46,-27.4692,-58.8306
Corrientes,2009,9,18.77,1.36,3.39,-27.4692,-58.8306
Corrientes,2009,10,23.52,2.14,3.59,-27.4692,-58.8306
Corrientes,2009,11,27.28,16.91,3.17,-27.4692,-58.8306
Corrientes,2009,12,25.53,4.28,2.72,-27.4692,-58.8306
Corrientes,2010,1,26.13,7.41,2.53,-27.4692,-58.8306
Corrientes,2010,2,27.03,4.13,3.11,-27.4692,-58.8306
Corrientes,2010,3,25.38,4.41,2.41,-27.4692,-58.8306
Corrientes,2010,4,20.66,2.0,2.74,-27.4692,-58.8306
Corrientes,2010,5,15.86,6.23,2.53,-27.4692,-58.8306
Corrientes,2010,6,15.21,0.3,2.44,-27.4692,-58.8306
Corrientes,2010,7,13.27,3.24,2.87,-27.4692,-58.8306
Corrientes,2010,8,14.62,1.43,2.83,-27.4692,-58.8306
Corrientes,2010,9,18.01,3.35,2.76,-27.4692,-58.8306
Corrientes,2010,10,20.75,2.02,3.05,-27.4692,-58.8306
Corrientes,2010,11,24.07,1.52,2.85,-27.4692,-58.8306
Corrientes,2010,12,26.35,6.26,2.57,-27.4692,-58.8306
Corrientes,2011,1,29.64,4.77,2.15,-27.4692,-58.8306
Corrientes,2011,2,26.18,7.97,2.53,-27.4692,-58.8306
Corrientes,2011,3,25.1,1.43,2.26,-27.4692,-58.8306
Corrientes,2011,4,22.27,4.58,2.33,-27.4692,-58.8306
Corrientes,2011,5,18.32,1.52,2.29,-27.4692,-58.8306
Corrientes,2011,6,15.28,1.42,2.66,-27.4692,-58.8306
Corrientes,2011,7,14.21,1.89,2.62,-27.4692,-58.8306
Corrientes,2011,8,16.08,0.18,3.13,-27.4692,-58.8306
Corrientes,2011,9,20.34,1.68,3.2,-27.4692,-58.8306
Corrientes,2011,10,22.14,6.85,3.04,-27.4692,-58.8306
Corrientes,2011,11,24.3,7.23,2.83,-27.4692,-58.8306
Corrientes,2011,12,26.74,1.65,2.58,-27.4692,-58.8306
Corrientes,2012,1,29.53,3.41,2.69,-27.4692,-58.8306
Corrientes,2012,2,29.8,2.43,2.86,-27.4692,-58.8306
Corrientes,2012,3,26.76,3.07,2.49,-27.4692,-58.8306
Corrientes,2012,4,21.32,5.56,2.43,-27.4692,-58.8306
Corrientes,2012,5,19.06,1.81,2.36,-27.4692,-58.8306
Corrientes,2012,6,15.72,0.89,2.51,-27.4692,-58.8306
Corrientes,2012,7,13.23,0.6,2.68,-27.4692,-58.8306
Corrientes,2012,8,19.31,2.62,3.31,-27.4692,-58.8306
Corrientes,2012,9,21.5,0.72,3.02,-27.4692,-58.8306
Corrientes,2012,10,25.07,5.63,3.45,-27.4692,-58.8306
Corrientes,2012,11,26.09,2.99,2.72,-27.4692,-58.8306
Corrientes,2012,12,28.32,5.7,3.37,-27.4692,-58.8306
Corrientes,2013,1,26.64,5.09,2.59,-27.4692,-58.8306
Corrientes,2013,2,27.54,3.86,2.64,-27.4692,-58.8306
Corrientes,2013,3,22.24,7.51,2.77,-27.4692,-58.8306
Corrientes,2013,4,20.51,6.2,2.32,-27.4692,-58.8306
Corrientes,2013,5,17.18,2.53,2.41,-27.4692,-58.8306
Corrientes,2013,6,15.25,3.37,2.14,-27.4692,-58.8306
Corrientes,2013,7,14.86,1.32,2.73,-27.4692,-58.8306
Corrientes,2013,8,13.8,0.89,3.22,-27.4692,-58.8306
Corrientes,2013,9,18.73,1.28,3.35,-27.4692,-58.8306
Corrientes,2013,10,22.62,4.65,2.86,-27.4692,-58.8306
Corrientes,2013,11,23.61,8.52,3.29,-27.4692,-58.8306
Corrientes,2013,12,29.0,1.94,2.36,-27.4692,-58.8306
Corrientes,2014,1,28.96,4.49,2.98,-27.4692,-58.8306
Corrientes,2014,2,29.06,5.39,3.22,-27.4692,-58.8306
Corrientes,2014,3,23.12,10.95,2.52,-27.4692,-58.8306
Corrientes,2014,4,20.56,5.1,2.66,-27.4692,-58.8306
Corrientes,2014,5,17.81,2.84,2.33,-27.4692,-58.8306
Corrientes,2014,6,14.87,2.6,2.71,-27.4692,-58.8306
Corrientes,2014,7,15.22,2.43,2.62,-27.4692,-58.8306
Corrientes,2014,8,17.26,0.08,2.84,-27.4692,-58.8306
Corrientes,2014,9,20.15,3.14,3.17,-27.4692,-58.8306
Corrientes,2014,10,25.09,1.88,3.27,-27.4692,-58.8306
Corrientes,2014,11,24.34,5.22,3.06,-27.4692,-58.8306
Corrientes,2014,12,26.38,7.85,3.09,-27.4692,-58.8306
Corrientes,2015,1,27.36,2.81,2.65,-27.4692,-58.8306
Corrientes,2015,2,27.51,7.04,2.31,-27.4692,-58.8306
Corrientes,2015,3,25.34,3.87,2.23,-27.4692,-58.8306
Corrientes,2015,4,22.14,3.59,2.13,-27.4692,-58.8306
Corrientes,2015,5,18.71,5.46,2.41,-27.4692,-58.8306
Corrientes,2015,6,16.71,5.37,2.52,-27.4692,-58.8306
Corrientes,2015,7,14.81,0.39,2.42,-27.4692,-58.8306
Corrientes,2015,8,19.15,1.82,2.95,-27.4692,-58.8306
Corrientes,2015,9,19.73,0.26,3.05,-27.4692,-58.8306
Corrientes,2015,10,22.14,6.64,3.71,-27.4692,-58.8306
Corrientes,2015,11,23.59,6.59,2.98,-27.4692,-58.8306
Corrientes,2015,12,26.31,9.41,2.75,-27.4692,-58.8306
Corrientes,2016,1,27.22,8.24,2.54,-27.4692,-58.8306
Corrientes,2016,2,27.7,4.8,2.32,-27.4692,-58.8306
Corrientes,2016,3,22.99,4.48,2.53,-27.4692,-58.8306
Corrientes,2016,4,23.34,7.31,2.89,-27.4692,-58.8306
Corrientes,2016,5,15.13,0.57,2.32,-27.4692,-58.8306
Corrientes,2016,6,12.21,6.32,1.97,-27.4692,-58.8306
Corrientes,2016,7,14.53,0.88,2.4,-27.4692,-58.8306
Corrientes,2016,8,16.85,2.75,2.82,-27.4692,-58.8306
Corrientes,2016,9,17.1,0.72,2.93,-27.4692,-58.8306
Corrientes,2016,10,21.7,8.22,3.1,-27.4692,-58.8306
Corrientes,2016,11,23.15,4.24,2.69,-27.4692,-58.8306
Corrientes,2016,12,25.64,7.82,2.72,-27.4692,-58.8306
Corrientes,2017,1,27.93,3.94,2.57,-27.4692,-58.8306
Corrientes,2017,2,28.06,4.59,2.28,-27.4692,-58.8306
Corrientes,2017,3,25.1,5.41,2.56,-27.4692,-58.8306
Corrientes,2017,4,20.04,16.09,2.44,-27.4692,-58.8306
Corrientes,2017,5,18.66,7.28,2.43,-27.4692,-58.8306
Corrientes,2017,6,15.32,1.97,2.87,-27.4692,-58.8306
Corrientes,2017,7,16.49,0.16,3.01,-27.4692,-58.8306
Corrientes,2017,8,17.57,1.94,3.28,-27.4692,-58.8306
Corrientes,2017,9,19.83,2.37,2.94,-27.4692,-58.8306
Corrientes,2017,10,21.17,3.61,3.17,-27.4692,-58.8306
Corrientes,2017,11,23.04,2.89,2.86,-27.4692,-58.8306
Corrientes,2017,12,29.13,2.21,2.64,-27.4692,-58.8306
Corrientes,2018,1,27.6,11.98,2.51,-27.4692,-58.8306
Corrientes,2018,2,26.11,1.29,2.19,-27.4692,-58.8306
Corrientes,2018,3,24.94,4.98,2.38,-27.4692,-58.8306
Corrientes,2018,4,25.59,1.21,2.61,-27.4692,-58.8306
Corrientes,2018,5,19.19,7.81,2.59,-27.4692,-58.8306
Corrientes,2018,6,13.33,0.88,2.47,-27.4692,-58.8306
Corrientes,2018,7,14.0,0.44,2.53,-27.4692,-58.8306
Corrientes,2018,8,14.51,0.61,3.01,-27.4692,-58.8306
Corrientes,2018,9,22.09,2.63,2.98,-27.4692,-58.8306
Corrientes,2018,10,23.73,5.04,3.28,-27.4692,-58.8306
Corrientes,2018,11,24.67,9.74,3.11,-27.4692,-58.8306
Corrientes,2018,12,26.0,7.31,2.7,-27.4692,-58.8306
Corrientes,2019,1,27.17,11.74,2.97,-27.4692,-58.8306
Corrientes,2019,2,24.9,4.94,2.63,-27.4692,-58.8306
Corrientes,2019,3,23.24,4.19,2.39,-27.4692,-58.8306
Corrientes,2019,4,22.04,7.02,2.09,-27.4692,-58.8306
Corrientes,2019,5,18.92,10.69,2.58,-27.4692,-58.8306
Corrientes,2019,6,17.21,0.34,2.82,-27.4692,-58.8306
Corrientes,2019,7,13.41,2.37,2.53,-27.4692,-58.8306
Corrientes,2019,8,14.78,2.22,2.95,-27.4692,-58.8306
Corrientes,2019,9,17.99,0.48,2.89,-27.4692,-58.8306
Corrientes,2019,10,22.1,4.22,3.02,-27.4692,-58.8306
Corrientes,2019,11,25.9,6.39,2.75,-27.4692,-58.8306
Corrientes,2019,12,26.62,3.16,2.55,-27.4692,-58.8306
Corrientes,2020,1,27.46,6.94,2.64,-27.4692,-58.8306
Corrientes,2020,2,25.96,5.3,2.48,-27.4692,-58.8306
Corrientes,2020,3,27.42,1.22,2.12,-27.4692,-58.8306
Corrientes,2020,4,21.69,1.75,2.56,-27.4692,-58.8306
Corrientes,2020,5,17.59,1.61,2.88,-27.4692,-58.8306
Corrientes,2020,6,17.58,3.77,3.09,-27.4692,-58.8306
Corrientes,2020,7,14.47,0.82,2.79,-27.4692,-58.8306
Corrientes,2020,8,18.58,0.09,3.35,-27.4692,-58.8306
Corrientes,2020,9,20.87,0.34,3.08,-27.4692,-58.8306
Corrientes,2020,10,25.36,2.24,3.15,-27.4692,-58.8306
Corrientes,2020,11,26.57,4.71,2.91,-27.4692,-58.8306
Corrientes,2020,12,27.45,3.07,2.65,-27.4692,-58.8306
Corrientes,2021,1,28.52,5.63,2.78,-27.4692,-58.8306
Corrientes,2021,2,26.79,2.04,2.27,-27.4692,-58.8306
Corrientes,2021,3,26.01,4.71,2.46,-27.4692,-58.8306
Corrientes,2021,4,21.51,3.96,2.43,-27.4692,-58.8306
Corrientes,2021,5,16.68,1.11,2.42,-27.4692,-58.8306
Corrientes,2021,6,14.86,2.82,2.5,-27.4692,-58.8306
Corrientes,2021,7,15.04,0.02,2.59,-27.4692,-58.8306
Corrientes,2021,8,17.9,0.1,2.85,-27.4692,-58.8306
Corrientes,2021,9,22.06,2.96,3.19,-27.4692,-58.8306
Corrientes,2021,10,22.46,3.45,2.92,-27.4692,-58.8306
Corrientes,2021,11,24.9,7.85,2.89,-27.4692,-58.8306
Corrientes,2021,12,28.39,1.49,2.47,-27.4692,-58.8306
Corrientes,2022,1,33.03,0.38,3.13,-27.4692,-58.8306
Corrientes,2022,2,30.61,1.06,2.63,-27.4692,-58.8306
Corrientes,2022,3,24.61,7.38,2.9,-27.4692,-58.8306
Corrientes,2022,4,20.67,7.21,2.63,-27.4692,-58.8306
Corrientes,2022,5,15.4,1.97,2.38,-27.4692,-58.8306
Corrientes,2022,6,12.91,1.66,2.18,-27.4692,-58.8306
Corrientes,2022,7,17.99,0.82,2.92,-27.4692,-58.8306
Corrientes,2022,8,16.7,1.09,3.24,-27.4692,-58.8306
Corrientes,2022,9,18.04,0.58,3.21,-27.4692,-58.8306
Corrientes,2022,10,21.98,3.95,3.25,-27.4692,-58.8306
Corrientes,2022,11,24.7,2.5,2.71,-27.4692,-58.8306
Corrientes,2022,12,29.93,1.18,2.51,-27.4692,-58.8306
Corrientes,2023,1,31.14,2.26,2.23,-27.4692,-58.8306
Corrientes,2023,2,29.63,1.88,2.42,-27.4692,-58.8306
Corrientes,2023,3,28.94,5.03,2.08,-27.4692,-58.8306
Corrientes,2023,4,21.8,2.82,2.28,-27.4692,-58.8306
Corrientes,2023,5,18.36,3.91,2.36,-27.4692,-58.8306
Corrientes,2023,6,18.02,0.38,2.69,-27.4692,-58.8306
Corrientes,2023,7,16.45,11.92,2.7,-27.4692,-58.8306
Corrientes,2023,8,18.7,1.08,2.97,-27.4692,-58.8306
Corrientes,2023,9,20.79,4.27,3.21,-27.4692,-58.8306
Corrientes,2023,10,22.88,4.2,3.38,-27.4692,-58.8306
Corrientes,2023,11,24.89,6.85,3.35,-27.4692,-58.8306
Corrientes,2023,12,26.98,7.13,3.06,-27.4692,-58.8306
Entre Ríos,1981,1,25.52,8.16,2.94,-31.7333,-60.5297
Entre Ríos,1981,2,24.68,7.89,2.81,-31.7333,-60.5297
Entre Ríos,1981,3,23.37,1.4,2.45,-31.7333,-60.5297
Entre Ríos,1981,4,19.97,7.36,2.08,-31.7333,-60.5297
Entre Ríos,1981,5,18.77,5.33,2.9,-31.7333,-60.5297
Entre Ríos,1981,6,10.56,0.14,2.34,-31.7333,-60.5297
Entre Ríos,1981,7,11.91,1.26,2.76,-31.7333,-60.5297
Entre Ríos,1981,8,15.22,0.73,2.78,-31.7333,-60.5297
Entre Ríos,1981,9,14.77,0.43,3.46,-31.7333,-60.5297
Entre Ríos,1981,10,19.56,3.38,2.94,-31.7333,-60.5297
Entre Ríos,1981,11,22.56,3.66,2.74,-31.7333,-60.5297
Entre Ríos,1981,12,25.26,4.43,2.57,-31.7333,-60.5297
Entre Ríos,1982,1,26.59,2.64,2.66,-31.7333,-60.5297
Entre Ríos,1982,2,24.52,3.58,2.51,-31.7333,-60.5297
Entre Ríos,1982,3,24.16,2.23,2.54,-31.7333,-60.5297
Entre Ríos,1982,4,20.51,2.82,2.14,-31.7333,-60.5297
Entre Ríos,1982,5,16.71,1.25,2.56,-31.7333,-60.5297
Entre Ríos,1982,6,12.81,2.84,2.49,-31.7333,-60.5297
Entre Ríos,1982,7,13.0,0.34,2.73,-31.7333,-60.5297
Entre Ríos,1982,8,14.98,0.21,3.2,-31.7333,-60.5297
Entre Ríos,1982,9,17.89,5.66,3.59,-31.7333,-60.5297
Entre Ríos,1982,10,19.6,2.43,2.96,-31.7333,-60.5297
Entre Ríos,1982,11,22.23,3.66,3.01,-31.7333,-60.5297
Entre Ríos,1982,12,26.37,1.5,2.77,-31.7333,-60.5297
Entre Ríos,1983,1,28.24,3.52,2.61,-31.7333,-60.5297
Entre Ríos,1983,2,24.89,8.65,2.65,-31.7333,-60.5297
Entre Ríos,1983,3,22.25,3.52,2.72,-31.7333,-60.5297
Entre Ríos,1983,4,18.92,1.83,2.41,-31.7333,-60.5297
Entre Ríos,1983,5,15.13,4.23,2.29,-31.7333,-60.5297
Entre Ríos,1983,6,9.58,1.28,2.39,-31.7333,-60.5297
Entre Ríos,1983,7,9.7,0.38,2.41,-31.7333,-60.5297
Entre Ríos,1983,8,12.41,1.64,2.67,-31.7333,-60.5297
Entre Ríos,1983,9,14.34,1.62,2.76,-31.7333,-60.5297
Entre Ríos,1983,10,20.76,3.39,3.2,-31.7333,-60.5297
Entre Ríos,1983,11,22.7,3.82,2.79,-31.7333,-60.5297
Entre Ríos,1983,12,27.57,2.41,2.9,-31.7333,-60.5297
Entre Ríos,1984,1,27.66,4.36,2.38,-31.7333,-60.5297
Entre Ríos,1984,2,25.81,11.46,2.57,-31.7333,-60.5297
Entre Ríos,1984,3,22.1,6.12,2.65,-31.7333,-60.5297
Entre Ríos,1984,4,17.6,1.5,2.73,-31.7333,-60.5297
Entre Ríos,1984,5,15.24,0.94,2.79,-31.7333,-60.5297
Entre Ríos,1984,6,9.87,0.54,2.5,-31.7333,-60.5297
Entre Ríos,1984,7,10.93,0.51,2.76,-31.7333,-60.5297
Entre Ríos,1984,8,11.4,0.58,2.45,-31.7333,-60.5297
Entre Ríos,1984,9,16.01,4.53,3.09,-31.7333,-60.5297
Entre Ríos,1984,10,20.3,6.64,3.09,-31.7333,-60.5297
Entre Ríos,1984,11,22.12,2.88,2.82,-31.7333,-60.5297
Entre Ríos,1984,12,23.28,2.78,2.56,-31.7333,-60.5297
Entre Ríos,1985,1,27.59,1.38,2.7,-31.7333,-60.5297
Entre Ríos,1985,2,25.39,4.7,2.32,-31.7333,-60.5297
Entre Ríos,1985,3,23.91,4.16,2.39,-31.7333,-60.5297
Entre Ríos,1985,4,18.24,4.62,2.53,-31.7333,-60.5297
Entre Ríos,1985,5,16.69,0.56,2.43,-31.7333,-60.5297
Entre Ríos,1985,6,13.74,1.69,2.46,-31.7333,-60.5297
Entre Ríos,1985,7,12.47,2.47,3.02,-31.7333,-60.5297
Entre Ríos,1985,8,13.36,1.15,2.63,-31.7333,-60.5297
Entre Ríos,1985,9,15.83,3.48,2.9,-31.7333,-60.5297
Entre Ríos,1985,10,19.96,4.2,2.93,-31.7333,-60.5297
Entre Ríos,1985,11,24.09,1.56,3.06,-31.7333,-60.5297
Entre Ríos,1985,12,26.62,3.43,2.71,-31.7333,-60.5297
Entre Ríos,1986,1,27.68,5.15,2.77,-31.7333,-60.5297
Entre Ríos,1986,2,25.57,1.85,2.54,-31.7333,-60.5297
Entre Ríos,1986,3,22.56,4.17,2.52,-31.7333,-60.5297
Entre Ríos,1986,4,20.31,7.14,2.61,-31.7333,-60.5297
Entre Ríos,1986,5,15.74,2.29,2.69,-31.7333,-60.5297
Entre Ríos,1986,6,14.88,1.95,2.81,-31.7333,-60.5297
Entre Ríos,1986,7,13.04,0.73,2.87,-31.7333,-60.5297
Entre Ríos,1986,8,14.53,1.79,2.65,-31.7333,-60.5297
Entre Ríos,1986,9,16.69,1.89,3.51,-31.7333,-60.5297
Entre Ríos,1986,10,19.83,3.41,2.87,-31.7333,-60.5297
Entre Ríos,1986,11,22.51,7.26,3.36,-31.7333,-60.5297
Entre Ríos,1986,12,25.39,3.75,2.69,-31.7333,-60.5297
Entre Ríos,1987,1,27.94,2.62,2.53,-31.7333,-60.5297
Entre Ríos,1987,2,26.67,3.38,2.92,-31.7333,-60.5297
Entre Ríos,1987,3,24.16,8.11,2.62,-31.7333,-60.5297
Entre Ríos,1987,4,19.88,3.21,2.34,-31.7333,-60.5297
Entre Ríos,1987,5,12.26,3.51,2.64,-31.7333,-60.5297
Entre Ríos,1987,6,11.81,0.03,2.45,-31.7333,-60.5297
Entre Ríos,1987,7,14.42,1.16,2.74,-31.7333,-60.5297
Entre Ríos,1987,8,12.76,0.72,2.92,-31.7333,-60.5297
Entre Ríos,1987,9,15.24,0.83,2.88,-31.7333,-60.5297
Entre Ríos,1987,10,20.3,2.48,2.92,-31.7333,-60.5297
Entre Ríos,1987,11,22.94,3.76,2.95,-31.7333,-60.5297
Entre Ríos,1987,12,24.27,4.21,2.89,-31.7333,-60.5297
Entre Ríos,1988,1,25.89,6.27,2.4,-31.7333,-60.5297
Entre Ríos,1988,2,25.55,2.17,2.28,-31.7333,-60.5297
Entre Ríos,1988,3,25.8,5.28,2.73,-31.7333,-60.5297
Entre Ríos,1988,4,18.32,0.87,2.59,-31.7333,-60.5297
Entre Ríos,1988,5,12.61,0.1,2.04,-31.7333,-60.5297
Entre Ríos,1988,6,10.74,0.23,2.22,-31.7333,-60.5297
Entre Ríos,1988,7,9.99,2.04,2.92,-31.7333,-60.5297
Entre Ríos,1988,8,14.09,0.8,2.84,-31.7333,-60.5297
Entre Ríos,1988,9,15.56,2.27,2.78,-31.7333,-60.5297
Entre Ríos,1988,10,19.53,2.46,3.22,-31.7333,-60.5297
Entre Ríos,1988,11,24.81,1.65,3.24,-31.7333,-60.5297
Entre Ríos,1988,12,27.71,3.85,2.49,-31.7333,-60.5297
Entre Ríos,1989,1,30.19,1.13,2.6,-31.7333,-60.5297
Entre Ríos,1989,2,28.9,2.38,2.38,-31.7333,-60.5297
Entre Ríos,1989,3,22.56,4.46,2.29,-31.7333,-60.5297
Entre Ríos,1989,4,19.85,3.02,2.36,-31.7333,-60.5297
Entre Ríos,1989,5,15.57,1.27,2.53,-31.7333,-60.5297
Entre Ríos,1989,6,14.28,1.02,2.21,-31.7333,-60.5297
Entre Ríos,1989,7,11.47,0.15,2.7,-31.7333,-60.5297
Entre Ríos,1989,8,15.29,1.81,3.44,-31.7333,-60.5297
Entre Ríos,1989,9,15.61,0.3,3.02,-31.7333,-60.5297
Entre Ríos,1989,10,19.86,3.0,3.12,-31.7333,-60.5297
Entre Ríos,1989,11,22.63,4.17,2.7,-31.7333,-60.5297
Entre Ríos,1989,12,27.6,5.07,2.49,-31.7333,-60.5297
Entre Ríos,1990,1,28.36,6.76,2.77,-31.7333,-60.5297
Entre Ríos,1990,2,24.78,7.41,2.37,-31.7333,-60.5297
Entre Ríos,1990,3,22.1,6.61,2.75,-31.7333,-60.5297
Entre Ríos,1990,4,19.15,3.29,2.32,-31.7333,-60.5297
Entre Ríos,1990,5,14.3,0.36,2.57,-31.7333,-60.5297
Entre Ríos,1990,6,10.65,0.29,2.4,-31.7333,-60.5297
Entre Ríos,1990,7,10.48,1.4,2.5,-31.7333,-60.5297
Entre Ríos,1990,8,16.5,0.4,3.04,-31.7333,-60.5297
Entre Ríos,1990,9,15.64,0.54,3.03,-31.7333,-60.5297
Entre Ríos,1990,10,21.82,3.81,2.94,-31.7333,-60.5297
Entre Ríos,1990,11,23.95,5.29,3.12,-31.7333,-60.5297
Entre Ríos,1990,12,23.9,9.08,3.31,-31.7333,-60.5297
Entre Ríos,1991,1,25.78,6.03,3.0,-31.7333,-60.5297
Entre Ríos,1991,2,26.71,0.61,2.57,-31.7333,-60.5297
Entre Ríos,1991,3,26.35,1.54,2.31,-31.7333,-60.5297
Entre Ríos,1991,4,20.64,5.38,2.31,-31.7333,-60.5297
Entre Ríos,1991,5,17.8,2.59,2.55,-31.7333,-60.5297
Entre Ríos,1991,6,12.92,4.61,2.31,-31.7333,-60.5297
Entre Ríos,1991,7,10.89,1.69,2.64,-31.7333,-60.5297
Entre Ríos,1991,8,14.26,1.78,2.92,-31.7333,-60.5297
Entre Ríos,1991,9,17.36,1.29,3.23,-31.7333,-60.5297
Entre Ríos,1991,10,18.77,2.87,3.26,-31.7333,-60.5297
Entre Ríos,1991,11,21.88,2.45,2.86,-31.7333,-60.5297
Entre Ríos,1991,12,24.14,8.54,2.49,-31.7333,-60.5297
Entre Ríos,1992,1,26.06,2.58,2.66,-31.7333,-60.5297
Entre Ríos,1992,2,26.09,3.41,2.85,-31.7333,-60.5297
Entre Ríos,1992,3,24.09,5.23,2.72,-31.7333,-60.5297
Entre Ríos,1992,4,18.15,3.07,2.56,-31.7333,-60.5297
Entre Ríos,1992,5,15.1,1.61,2.55,-31.7333,-60.5297
Entre Ríos,1992,6,14.71,0.65,2.73,-31.7333,-60.5297
Entre Ríos,1992,7,8.82,1.3,2.84,-31.7333,-60.5297
Entre Ríos,1992,8,13.03,1.95,2.69,-31.7333,-60.5297
Entre Ríos,1992,9,15.49,1.83,2.93,-31.7333,-60.5297
Entre Ríos,1992,10,19.47,3.67,3.03,-31.7333,-60.5297
Entre Ríos,1992,11,21.15,4.98,3.01,-31.7333,-60.5297
Entre Ríos,1992,12,24.41,8.97,2.84,-31.7333,-60.5297
Entre Ríos,1993,1,27.16,2.73,2.54,-31.7333,-60.5297
Entre Ríos,1993,2,24.86,1.87,2.66,-31.7333,-60.5297
Entre Ríos,1993,3,24.94,1.65,2.28,-31.7333,-60.5297
Entre Ríos,1993,4,20.12,5.39,2.76,-31.7333,-60.5297
Entre Ríos,1993,5,14.42,1.77,2.82,-31.7333,-60.5297
Entre Ríos,1993,6,11.52,1.2,2.54,-31.7333,-60.5297
Entre Ríos,1993,7,10.18,0.31,2.91,-31.7333,-60.5297
Entre Ríos,1993,8,13.12,0.69,2.65,-31.7333,-60.5297
Entre Ríos,1993,9,15.41,0.42,2.86,-31.7333,-60.5297
Entre Ríos,1993,10,20.41,10.5,3.04,-31.7333,-60.5297
Entre Ríos,1993,11,21.42,5.98,3.46,-31.7333,-60.5297
Entre Ríos,1993,12,24.65,3.72,3.01,-31.7333,-60.5297
Entre Ríos,1994,1,27.05,1.65,2.6,-31.7333,-60.5297
Entre Ríos,1994,2,25.41,2.27,2.38,-31.7333,-60.5297
Entre Ríos,1994,3,22.9,3.47,2.75,-31.7333,-60.5297
Entre Ríos,1994,4,19.09,3.41,2.55,-31.7333,-60.5297
Entre Ríos,1994,5,17.55,2.1,2.43,-31.7333,-60.5297
Entre Ríos,1994,6,14.04,0.95,2.64,-31.7333,-60.5297
Entre Ríos,1994,7,11.73,0.28,2.64,-31.7333,-60.5297
Entre Ríos,1994,8,13.42,0.64,2.91,-31.7333,-60.5297
Entre Ríos,1994,9,18.34,0.32,3.37,-31.7333,-60.5297
Entre Ríos,1994,10,20.19,4.38,3.03,-31.7333,-60.5297
Entre Ríos,1994,11,22.02,6.13,2.8,-31.7333,-60.5297
Entre Ríos,1994,12,27.84,3.57,2.8,-31.7333,-60.5297
Entre Ríos,1995,1,26.49,3.78,2.54,-31.7333,-60.5297
Entre Ríos,1995,2,24.61,3.36,2.7,-31.7333,-60.5297
Entre Ríos,1995,3,23.26,5.27,2.39,-31.7333,-60.5297
Entre Ríos,1995,4,18.85,5.04,2.78,-31.7333,-60.5297
Entre Ríos,1995,5,14.9,0.73,2.04,-31.7333,-60.5297
Entre Ríos,1995,6,12.13,0.28,2.69,-31.7333,-60.5297
Entre Ríos,1995,7,11.19,0.11,2.59,-31.7333,-60.5297
Entre Ríos,1995,8,13.43,0.01,2.48,-31.7333,-60.5297
Entre Ríos,1995,9,17.16,1.01,3.29,-31.7333,-60.5297
Entre Ríos,1995,10,18.83,5.35,2.78,-31.7333,-60.5297
Entre Ríos,1995,11,23.53,5.76,2.87,-31.7333,-60.5297
Entre Ríos,1995,12,28.13,0.77,2.65,-31.7333,-60.5297
Entre Ríos,1996,1,26.83,3.18,2.49,-31.7333,-60.5297
Entre Ríos,1996,2,25.11,6.27,2.67,-31.7333,-60.5297
Entre Ríos,1996,3,23.56,4.66,2.19,-31.7333,-60.5297
Entre Ríos,1996,4,19.36,2.77,2.73,-31.7333,-60.5297
Entre Ríos,1996,5,15.45,1.23,2.12,-31.7333,-60.5297
Entre Ríos,1996,6,10.14,0.55,2.58,-31.7333,-60.5297
Entre Ríos,1996,7,9.5,0.02,2.24,-31.7333,-60.5297
Entre Ríos,1996,8,15.65,0.17,2.73,-31.7333,-60.5297
Entre Ríos,1996,9,16.16,1.31,3.14,-31.7333,-60.5297
Entre Ríos,1996,10,20.6,2.69,2.7,-31.7333,-60.5297
Entre Ríos,1996,11,22.86,5.25,2.78,-31.7333,-60.5297
Entre Ríos,1996,12,26.05,2.66,2.5,-31.7333,-60.5297
Entre Ríos,1997,1,29.47,2.36,2.39,-31.7333,-60.5297
Entre Ríos,1997,2,24.79,3.8,2.85,-31.7333,-60.5297
Entre Ríos,1997,3,24.8,0.88,2.11,-31.7333,-60.5297
Entre Ríos,1997,4,20.65,1.2,2.26,-31.7333,-60.5297
Entre Ríos,1997,5,17.45,1.22,2.54,-31.7333,-60.5297
Entre Ríos,1997,6,12.29,2.01,2.6,-31.7333,-60.5297
Entre Ríos,1997,7,14.14,1.09,2.99,-31.7333,-60.5297
Entre Ríos,1997,8,14.8,1.42,2.98,-31.7333,-60.5297
Entre Ríos,1997,9,17.63,0.91,2.8,-31.7333,-60.5297
Entre Ríos,1997,10,20.52,3.78,3.05,-31.7333,-60.5297
Entre Ríos,1997,11,22.99,3.89,3.03,-31.7333,-60.5297
Entre Ríos,1997,12,24.97,8.12,3.11,-31.7333,-60.5297
Entre Ríos,1998,1,24.91,8.28,2.74,-31.7333,-60.5297
Entre Ríos,1998,2,23.42,2.95,2.76,-31.7333,-60.5297
Entre Ríos,1998,3,20.92,8.51,2.47,-31.7333,-60.5297
Entre Ríos,1998,4,18.17,2.15,2.87,-31.7333,-60.5297
Entre Ríos,1998,5,15.9,1.17,2.36,-31.7333,-60.5297
Entre Ríos,1998,6,12.11,0.89,2.39,-31.7333,-60.5297
Entre Ríos,1998,7,13.16,1.63,2.25,-31.7333,-60.5297
Entre Ríos,1998,8,13.34,0.76,2.33,-31.7333,-60.5297
Entre Ríos,1998,9,14.99,2.44,2.99,-31.7333,-60.5297
Entre Ríos,1998,10,20.85,1.49,2.71,-31.7333,-60.5297
Entre Ríos,1998,11,23.24,3.98,2.7,-31.7333,-60.5297
Entre Ríos,1998,12,25.46,2.82,2.85,-31.7333,-60.5297
Entre Ríos,1999,1,25.92,2.38,2.6,-31.7333,-60.5297
Entre Ríos,1999,2,26.41,2.92,2.41,-31.7333,-60.5297
Entre Ríos,1999,3,25.28,6.73,2.54,-31.7333,-60.5297
Entre Ríos,1999,4,17.51,8.16,2.76,-31.7333,-60.5297
Entre Ríos,1999,5,14.35,0.59,2.15,-31.7333,-60.5297
Entre Ríos,1999,6,11.18,1.85,2.41,-31.7333,-60.5297
Entre Ríos,1999,7,10.41,1.65,2.56,-31.7333,-60.5297
Entre Ríos,1999,8,13.72,0.25,3.23,-31.7333,-60.5297
Entre Ríos,1999,9,18.01,1.09,2.96,-31.7333,-60.5297
Entre Ríos,1999,10,20.74,1.51,2.96,-31.7333,-60.5297
Entre Ríos,1999,11,23.37,0.75,2.88,-31.7333,-60.5297
Entre Ríos,1999,12,25.41,3.25,2.68,-31.7333,-60.5297
Entre Ríos,2000,1,28.05,2.42,2.12,-31.7333,-60.5297
Entre Ríos,2000,2,25.32,6.35,2.33,-31.7333,-60.5297
Entre Ríos,2000,3,22.13,3.39,2.47,-31.7333,-60.5297
Entre Ríos,2000,4,19.21,14.81,2.51,-31.7333,-60.5297
Entre Ríos,2000,5,14.3,5.29,2.75,-31.7333,-60.5297
Entre Ríos,2000,6,12.59,0.34,2.67,-31.7333,-60.5297
Entre Ríos,2000,7,7.92,1.39,2.98,-31.7333,-60.5297
Entre Ríos,2000,8,12.69,2.48,2.6,-31.7333,-60.5297
Entre Ríos,2000,9,15.32,2.28,2.84,-31.7333,-60.5297
Entre Ríos,2000,10,19.04,6.12,3.25,-31.7333,-60.5297
Entre Ríos,2000,11,20.05,8.25,2.72,-31.7333,-60.5297
Entre Ríos,2000,12,23.97,3.22,2.32,-31.7333,-60.5297
Entre Ríos,2001,1,25.96,4.38,2.27,-31.7333,-60.5297
Entre Ríos,2001,2,26.82,3.14,2.63,-31.7333,-60.5297
Entre Ríos,2001,3,24.65,4.48,2.52,-31.7333,-60.5297
Entre Ríos,2001,4,19.22,3.42,2.67,-31.7333,-60.5297
Entre Ríos,2001,5,14.22,2.08,2.3,-31.7333,-60.5297
Entre Ríos,2001,6,12.9,2.78,2.51,-31.7333,-60.5297
Entre Ríos,2001,7,11.77,0.05,2.82,-31.7333,-60.5297
Entre Ríos,2001,8,15.87,2.56,2.85,-31.7333,-60.5297
Entre Ríos,2001,9,15.62,2.84,3.15,-31.7333,-60.5297
Entre Ríos,2001,10,19.29,5.66,3.34,-31.7333,-60.5297
Entre Ríos,2001,11,21.07,5.49,2.95,-31.7333,-60.5297
Entre Ríos,2001,12,24.71,2.22,2.29,-31.7333,-60.5297
Entre Ríos,2002,1,26.67,3.11,2.56,-31.7333,-60.5297
Entre Ríos,2002,2,25.23,1.09,2.78,-31.7333,-60.5297
Entre Ríos,2002,3,24.99,5.79,3.02,-31.7333,-60.5297
Entre Ríos,2002,4,17.7,4.65,2.48,-31.7333,-60.5297
Entre Ríos,2002,5,16.55,1.4,2.57,-31.7333,-60.5297
Entre Ríos,2002,6,10.26,0.06,2.24,-31.7333,-60.5297
Entre Ríos,2002,7,10.57,1.24,2.51,-31.7333,-60.5297
Entre Ríos,2002,8,14.29,1.12,2.98,-31.7333,-60.5297
Entre Ríos,2002,9,15.83,5.2,2.81,-31.7333,-60.5297
Entre Ríos,2002,10,20.67,5.99,3.04,-31.7333,-60.5297
Entre Ríos,2002,11,22.57,7.56,3.29,-31.7333,-60.5297
Entre Ríos,2002,12,23.77,8.72,3.03,-31.7333,-60.5297
Entre Ríos,2003,1,27.14,1.41,2.17,-31.7333,-60.5297
Entre Ríos,2003,2,25.05,10.41,2.41,-31.7333,-60.5297
Entre Ríos,2003,3,22.03,4.86,2.48,-31.7333,-60.5297
Entre Ríos,2003,4,17.58,8.62,2.51,-31.7333,-60.5297
Entre Ríos,2003,5,14.64,2.86,2.27,-31.7333,-60.5297
Entre Ríos,2003,6,13.94,0.16,2.3,-31.7333,-60.5297
Entre Ríos,2003,7,10.68,1.21,2.3,-31.7333,-60.5297
Entre Ríos,2003,8,11.02,2.65,2.96,-31.7333,-60.5297
Entre Ríos,2003,9,15.42,2.11,3.02,-31.7333,-60.5297
Entre Ríos,2003,10,19.76,3.04,3.03,-31.7333,-60.5297
Entre Ríos,2003,11,23.26,2.27,3.1,-31.7333,-60.5297
Entre Ríos,2003,12,23.87,4.4,3.15,-31.7333,-60.5297
Entre Ríos,2004,1,28.83,0.86,2.44,-31.7333,-60.5297
Entre Ríos,2004,2,25.53,1.73,2.7,-31.7333,-60.5297
Entre Ríos,2004,3,24.67,2.98,2.5,-31.7333,-60.5297
Entre Ríos,2004,4,19.76,9.86,2.42,-31.7333,-60.5297
Entre Ríos,2004,5,12.87,1.24,2.28,-31.7333,-60.5297
Entre Ríos,2004,6,13.05,0.85,2.73,-31.7333,-60.5297
Entre Ríos,2004,7,11.74,0.29,2.94,-31.7333,-60.5297
Entre Ríos,2004,8,14.05,0.04,2.82,-31.7333,-60.5297
Entre Ríos,2004,9,17.58,0.87,3.07,-31.7333,-60.5297
Entre Ríos,2004,10,20.37,2.4,3.17,-31.7333,-60.5297
Entre Ríos,2004,11,21.94,5.46,2.98,-31.7333,-60.5297
Entre Ríos,2004,12,24.87,5.58,2.64,-31.7333,-60.5297
Entre Ríos,2005,1,27.66,5.67,2.6,-31.7333,-60.5297
Entre Ríos,2005,2,25.39,2.65,2.19,-31.7333,-60.5297
Entre Ríos,2005,3,21.72,11.21,2.4,-31.7333,-60.5297
Entre Ríos,2005,4,16.95,3.86,2.39,-31.7333,-60.5297
Entre Ríos,2005,5,14.75,1.18,2.77,-31.7333,-60.5297
Entre Ríos,2005,6,14.36,2.99,2.48,-31.7333,-60.5297
Entre Ríos,2005,7,11.82,0.56,2.81,-31.7333,-60.5297
Entre Ríos,2005,8,13.44,1.23,2.87,-31.7333,-60.5297
Entre Ríos,2005,9,14.27,0.63,2.63,-31.7333,-60.5297
Entre Ríos,2005,10,18.44,2.72,2.8,-31.7333,-60.5297
Entre Ríos,2005,11,22.61,9.04,2.7,-31.7333,-60.5297
Entre Ríos,2005,12,24.13,1.16,2.58,-31.7333,-60.5297
Entre Ríos,2006,1,28.44,2.63,2.76,-31.7333,-60.5297
Entre Ríos,2006,2,26.72,3.04,2.47,-31.7333,-60.5297
Entre Ríos,2006,3,22.2,4.04,2.29,-31.7333,-60.5297
Entre Ríos,2006,4,19.77,2.74,2.31,-31.7333,-60.5297
Entre Ríos,2006,5,14.09,0.08,2.08,-31.7333,-60.5297
Entre Ríos,2006,6,13.58,2.79,2.59,-31.7333,-60.5297
Entre Ríos,2006,7,14.81,0.5,2.78,-31.7333,-60.5297
Entre Ríos,2006,8,12.52,0.4,2.46,-31.7333,-60.5297
Entre Ríos,2006,9,16.31,0.28,3.18,-31.7333,-60.5297
Entre Ríos,2006,10,22.01,2.98,3.22,-31.7333,-60.5297
Entre Ríos,2006,11,22.7,4.31,3.09,-31.7333,-60.5297
Entre Ríos,2006,12,25.74,11.03,2.4,-31.7333,-60.5297
Entre Ríos,2007,1,26.14,3.07,2.71,-31.7333,-60.5297
Entre Ríos,2007,2,25.81,4.27,2.55,-31.7333,-60.5297
Entre Ríos,2007,3,22.59,17.46,2.51,-31.7333,-60.5297
Entre Ríos,2007,4,19.21,1.95,2.55,-31.7333,-60.5297
Entre Ríos,2007,5,12.32,1.82,2.28,-31.7333,-60.5297
Entre Ríos,2007,6,9.48,0.97,1.97,-31.7333,-60.5297
Entre Ríos,2007,7,8.05,0.03,2.37,-31.7333,-60.5297
Entre Ríos,2007,8,9.25,0.67,3.01,-31.7333,-60.5297
Entre Ríos,2007,9,16.87,3.78,2.85,-31.7333,-60.5297
Entre Ríos,2007,10,19.79,3.97,2.94,-31.7333,-60.5297
Entre Ríos,2007,11,21.48,0.41,3.06,-31.7333,-60.5297
Entre Ríos,2007,12,24.71,3.45,2.5,-31.7333,-60.5297
Entre Ríos,2008,1,27.48,4.18,2.61,-31.7333,-60.5297
Entre Ríos,2008,2,25.71,3.52,2.14,-31.7333,-60.5297
Entre Ríos,2008,3,23.43,1.2,2.8,-31.7333,-60.5297
Entre Ríos,2008,4,19.8,1.49,2.12,-31.7333,-60.5297
Entre Ríos,2008,5,15.31,0.81,2.35,-31.7333,-60.5297
Entre Ríos,2008,6,10.31,0.19,2.16,-31.7333,-60.5297
Entre Ríos,2008,7,15.02,0.43,2.67,-31.7333,-60.5297
Entre Ríos,2008,8,13.82,0.04,3.01,-31.7333,-60.5297
Entre Ríos,2008,9,16.54,1.5,2.87,-31.7333,-60.5297
Entre Ríos,2008,10,20.09,3.17,2.91,-31.7333,-60.5297
Entre Ríos,2008,11,26.04,2.91,2.67,-31.7333,-60.5297
Entre Ríos,2008,12,27.49,0.77,2.65,-31.7333,-60.5297
Entre Ríos,2009,1,27.3,1.33,2.78,-31.7333,-60.5297
Entre Ríos,2009,2,25.26,5.75,2.36,-31.7333,-60.5297
Entre Ríos,2009,3,24.22,6.75,2.24,-31.7333,-60.5297
Entre Ríos,2009,4,20.71,1.94,2.08,-31.7333,-60.5297
Entre Ríos,2009,5,17.37,0.52,2.58,-31.7333,-60.5297
Entre Ríos,2009,6,11.13,0.28,2.48,-31.7333,-60.5297
Entre Ríos,2009,7,10.16,1.47,2.34,-31.7333,-60.5297
Entre Ríos,2009,8,15.15,0.13,3.06,-31.7333,-60.5297
Entre Ríos,2009,9,14.31,3.69,3.3,-31.7333,-60.5297
Entre Ríos,2009,10,19.87,2.05,3.1,-31.7333,-60.5297
Entre Ríos,2009,11,24.37,6.04,3.13,-31.7333,-60.5297
Entre Ríos,2009,12,23.92,8.98,2.97,-31.7333,-60.5297
Entre Ríos,2010,1,26.02,4.47,2.38,-31.7333,-60.5297
Entre Ríos,2010,2,24.86,10.69,2.57,-31.7333,-60.5297
Entre Ríos,2010,3,23.0,5.53,2.07,-31.7333,-60.5297
Entre Ríos,2010,4,17.12,2.95,2.37,-31.7333,-60.5297
Entre Ríos,2010,5,14.11,2.43,2.24,-31.7333,-60.5297
Entre Ríos,2010,6,11.46,0.14,2.35,-31.7333,-60.5297
Entre Ríos,2010,7,9.96,0.48,2.72,-31.7333,-60.5297
Entre Ríos,2010,8,11.6,0.2,2.53,-31.7333,-60.5297
Entre Ríos,2010,9,15.7,2.34,2.96,-31.7333,-60.5297
Entre Ríos,2010,10,18.06,1.79,2.86,-31.7333,-60.5297
Entre Ríos,2010,11,22.9,1.05,2.62,-31.7333,-60.5297
Entre Ríos,2010,12,26.33,2.41,2.66,-31.7333,-60.5297
Entre Ríos,2011,1,27.63,4.52,2.45,-31.7333,-60.5297
Entre Ríos,2011,2,24.74,4.22,2.72,-31.7333,-60.5297
Entre Ríos,2011,3,22.65,3.75,2.24,-31.7333,-60.5297
Entre Ríos,2011,4,18.97,3.21,2.25,-31.7333,-60.5297
Entre Ríos,2011,5,14.38,3.34,2.36,-31.7333,-60.5297
Entre Ríos,2011,6,10.87,1.48,2.48,-31.7333,-60.5297
Entre Ríos,2011,7,10.37,0.45,2.35,-31.7333,-60.5297
Entre Ríos,2011,8,11.57,0.95,2.82,-31.7333,-60.5297
Entre Ríos,2011,9,16.74,0.72,3.16,-31.7333,-60.5297
Entre Ríos,2011,10,18.89,4.62,2.69,-31.7333,-60.5297
Entre Ríos,2011,11,24.06,4.37,2.94,-31.7333,-60.5297
Entre Ríos,2011,12,25.73,1.48,2.86,-31.7333,-60.5297
Entre Ríos,2012,1,28.42,2.17,2.6,-31.7333,-60.5297
Entre Ríos,2012,2,26.46,6.49,2.66,-31.7333,-60.5297
Entre Ríos,2012,3,22.33,4.01,2.47,-31.7333,-60.5297
Entre Ríos,2012,4,18.74,1.55,2.07,-31.7333,-60.5297
Entre Ríos,2012,5,16.59,2.37,2.31,-31.7333,-60.5297
Entre Ríos,2012,6,11.59,0.2,2.29,-31.7333,-60.5297
Entre Ríos,2012,7,9.26,0.26,2.5,-31.7333,-60.5297
Entre Ríos,2012,8,14.01,3.92,2.77,-31.7333,-60.5297
Entre Ríos,2012,9,16.77,2.29,3.1,-31.7333,-60.5297
Entre Ríos,2012,10,19.65,8.07,3.31,-31.7333,-60.5297
Entre Ríos,2012,11,23.25,3.06,2.9,-31.7333,-60.5297
Entre Ríos,2012,12,24.94,9.02,2.92,-31.7333,-60.5297
Entre Ríos,2013,1,26.23,1.57,2.49,-31.7333,-60.5297
Entre Ríos,2013,2,25.08,3.42,2.52,-31.7333,-60.5297
Entre Ríos,2013,3,21.14,3.01,2.4,-31.7333,-60.5297
Entre Ríos,2013,4,18.94,4.27,2.25,-31.7333,-60.5297
Entre Ríos,2013,5,14.83,2.23,2.21,-31.7333,-60.5297
Entre Ríos,2013,6,12.15,1.24,1.97,-31.7333,-60.5297
Entre Ríos,2013,7,11.75,0.27,2.6,-31.7333,-60.5297
Entre Ríos,2013,8,11.82,0.13,2.88,-31.7333,-60.5297
Entre Ríos,2013,9,16.18,0.78,3.53,-31.7333,-60.5297
Entre Ríos,2013,10,20.89,4.26,2.91,-31.7333,-60.5297
Entre Ríos,2013,11,22.23,7.03,3.09,-31.7333,-60.5297
Entre Ríos,2013,12,28.95,2.47,2.41,-31.7333,-60.5297
Entre Ríos,2014,1,27.78,3.11,2.63,-31.7333,-60.5297
Entre Ríos,2014,2,24.83,7.88,2.61,-31.7333,-60.5297
Entre Ríos,2014,3,20.35,6.4,2.38,-31.7333,-60.5297
Entre Ríos,2014,4,18.28,6.49,2.42,-31.7333,-60.5297
Entre Ríos,2014,5,15.49,1.83,2.19,-31.7333,-60.5297
Entre Ríos,2014,6,11.31,0.57,2.51,-31.7333,-60.5297
Entre Ríos,2014,7,12.38,2.47,2.59,-31.7333,-60.5297
Entre Ríos,2014,8,14.65,0.01,2.85,-31.7333,-60.5297
Entre Ríos,2014,9,16.85,2.44,2.94,-31.7333,-60.5297
Entre Ríos,2014,10,21.88,2.19,3.31,-31.7333,-60.5297
Entre Ríos,2014,11,22.57,3.88,3.04,-31.7333,-60.5297
Entre Ríos,2014,12,23.81,4.3,2.65,-31.7333,-60.5297
Entre Ríos,2015,1,25.78,5.5,2.46,-31.7333,-60.5297
Entre Ríos,2015,2,25.06,6.21,2.16,-31.7333,-60.5297
Entre Ríos,2015,3,23.23,4.76,2.07,-31.7333,-60.5297
Entre Ríos,2015,4,21.04,1.31,2.08,-31.7333,-60.5297
Entre Ríos,2015,5,17.13,1.55,2.3,-31.7333,-60.5297
Entre Ríos,2015,6,13.8,1.69,2.49,-31.7333,-60.5297
Entre Ríos,2015,7,12.11,1.07,2.35,-31.7333,-60.5297
Entre Ríos,2015,8,15.57,3.75,2.77,-31.7333,-60.5297
Entre Ríos,2015,9,15.94,0.66,2.94,-31.7333,-60.5297
Entre Ríos,2015,10,18.26,3.12,3.32,-31.7333,-60.5297
Entre Ríos,2015,11,21.87,4.27,2.99,-31.7333,-60.5297
Entre Ríos,2015,12,25.68,4.3,2.67,-31.7333,-60.5297
Entre Ríos,2016,1,29.08,2.19,2.7,-31.7333,-60.5297
Entre Ríos,2016,2,26.81,9.61,2.31,-31.7333,-60.5297
Entre Ríos,2016,3,21.68,3.13,2.44,-31.7333,-60.5297
Entre Ríos,2016,4,18.26,10.12,2.9,-31.7333,-60.5297
Entre Ríos,2016,5,12.79,0.39,2.18,-31.7333,-60.5297
Entre Ríos,2016,6,9.68,1.0,2.1,-31.7333,-60.5297
Entre Ríos,2016,7,10.39,0.99,2.33,-31.7333,-60.5297
Entre Ríos,2016,8,13.84,0.17,2.56,-31.7333,-60.5297
Entre Ríos,2016,9,14.79,0.94,3.18,-31.7333,-60.5297
Entre Ríos,2016,10,18.66,9.64,2.96,-31.7333,-60.5297
Entre Ríos,2016,11,21.62,5.07,2.78,-31.7333,-60.5297
Entre Ríos,2016,12,26.07,6.87,2.57,-31.7333,-60.5297
Entre Ríos,2017,1,26.13,6.72,2.7,-31.7333,-60.5297
Entre Ríos,2017,2,25.14,5.22,2.35,-31.7333,-60.5297
Entre Ríos,2017,3,22.75,2.3,2.5,-31.7333,-60.5297
Entre Ríos,2017,4,17.96,4.68,2.66,-31.7333,-60.5297
Entre Ríos,2017,5,15.73,2.13,2.42,-31.7333,-60.5297
Entre Ríos,2017,6,13.65,0.58,2.78,-31.7333,-60.5297
Entre Ríos,2017,7,13.77,1.07,2.94,-31.7333,-60.5297
Entre Ríos,2017,8,14.72,3.63,2.94,-31.7333,-60.5297
Entre Ríos,2017,9,16.67,3.03,2.89,-31.7333,-60.5297
Entre Ríos,2017,10,18.55,3.39,3.26,-31.7333,-60.5297
Entre Ríos,2017,11,22.51,5.01,3.04,-31.7333,-60.5297
Entre Ríos,2017,12,26.72,3.31,2.69,-31.7333,-60.5297
Entre Ríos,2018,1,27.87,1.84,2.69,-31.7333,-60.5297
Entre Ríos,2018,2,27.6,0.48,2.5,-31.7333,-60.5297
Entre Ríos,2018,3,24.29,0.7,2.47,-31.7333,-60.5297
Entre Ríos,2018,4,23.16,6.04,2.45,-31.7333,-60.5297
Entre Ríos,2018,5,16.61,4.23,2.64,-31.7333,-60.5297
Entre Ríos,2018,6,10.63,0.24,2.42,-31.7333,-60.5297
Entre Ríos,2018,7,10.62,1.26,2.7,-31.7333,-60.5297
Entre Ríos,2018,8,11.35,1.3,3.14,-31.7333,-60.5297
Entre Ríos,2018,9,18.27,0.85,2.96,-31.7333,-60.5297
Entre Ríos,2018,10,19.48,2.56,3.19,-31.7333,-60.5297
Entre Ríos,2018,11,22.96,11.07,3.33,-31.7333,-60.5297
Entre Ríos,2018,12,24.31,4.99,2.77,-31.7333,-60.5297
Entre Ríos,2019,1,25.38,7.9,2.77,-31.7333,-60.5297
Entre Ríos,2019,2,23.96,6.08,2.37,-31.7333,-60.5297
Entre Ríos,2019,3,21.3,4.36,2.56,-31.7333,-60.5297
Entre Ríos,2019,4,19.36,2.75,2.39,-31.7333,-60.5297
Entre Ríos,2019,5,15.61,3.74,2.49,-31.7333,-60.5297
Entre Ríos,2019,6,14.17,1.66,2.44,-31.7333,-60.5297
Entre Ríos,2019,7,11.19,1.82,2.44,-31.7333,-60.5297
Entre Ríos,2019,8,12.56,0.64,2.92,-31.7333,-60.5297
Entre Ríos,2019,9,15.62,1.62,2.72,-31.7333,-60.5297
Entre Ríos,2019,10,19.51,2.75,3.16,-31.7333,-60.5297
Entre Ríos,2019,11,24.61,2.17,2.82,-31.7333,-60.5297
Entre Ríos,2019,12,25.01,7.66,2.65,-31.7333,-60.5297
Entre Ríos,2020,1,25.77,6.6,2.62,-31.7333,-60.5297
Entre Ríos,2020,2,25.58,1.82,2.49,-31.7333,-60.5297
Entre Ríos,2020,3,26.12,3.29,2.33,-31.7333,-60.5297
Entre Ríos,2020,4,19.17,4.67,2.39,-31.7333,-60.5297
Entre Ríos,2020,5,14.19,1.17,2.81,-31.7333,-60.5297
Entre Ríos,2020,6,12.34,1.13,2.54,-31.7333,-60.5297
Entre Ríos,2020,7,10.19,0.16,2.39,-31.7333,-60.5297
Entre Ríos,2020,8,14.92,0.15,2.82,-31.7333,-60.5297
Entre Ríos,2020,9,16.11,1.15,2.83,-31.7333,-60.5297
Entre Ríos,2020,10,20.33,2.54,3.29,-31.7333,-60.5297
Entre Ríos,2020,11,24.51,3.08,2.77,-31.7333,-60.5297
Entre Ríos,2020,12,24.99,3.33,2.54,-31.7333,-60.5297
Entre Ríos,2021,1,26.45,7.49,2.62,-31.7333,-60.5297
Entre Ríos,2021,2,25.22,1.04,2.31,-31.7333,-60.5297
Entre Ríos,2021,3,23.22,5.13,2.21,-31.7333,-60.5297
Entre Ríos,2021,4,20.11,6.4,2.32,-31.7333,-60.5297
Entre Ríos,2021,5,13.78,1.86,2.44,-31.7333,-60.5297
Entre Ríos,2021,6,11.67,1.22,2.41,-31.7333,-60.5297
Entre Ríos,2021,7,11.11,0.59,2.67,-31.7333,-60.5297
Entre Ríos,2021,8,13.66,0.4,2.51,-31.7333,-60.5297
Entre Ríos,2021,9,17.66,1.58,3.19,-31.7333,-60.5297
Entre Ríos,2021,10,20.59,2.03,2.87,-31.7333,-60.5297
Entre Ríos,2021,11,23.36,4.9,2.9,-31.7333,-60.5297
Entre Ríos,2021,12,28.25,1.49,2.64,-31.7333,-60.5297
Entre Ríos,2022,1,29.18,4.99,2.67,-31.7333,-60.5297
Entre Ríos,2022,2,25.94,3.83,2.71,-31.7333,-60.5297
Entre Ríos,2022,3,20.72,6.17,2.68,-31.7333,-60.5297
Entre Ríos,2022,4,18.16,2.39,2.29,-31.7333,-60.5297
Entre Ríos,2022,5,13.45,0.38,2.35,-31.7333,-60.5297
Entre Ríos,2022,6,10.06,0.17,2.27,-31.7333,-60.5297
Entre Ríos,2022,7,13.44,0.26,2.68,-31.7333,-60.5297
Entre Ríos,2022,8,13.29,1.17,2.87,-31.7333,-60.5297
Entre Ríos,2022,9,15.44,1.27,2.75,-31.7333,-60.5297
Entre Ríos,2022,10,19.7,0.95,3.31,-31.7333,-60.5297
Entre Ríos,2022,11,24.9,1.24,3.04,-31.7333,-60.5297
Entre Ríos,2022,12,28.34,1.95,2.69,-31.7333,-60.5297
Entre Ríos,2023,1,29.9,2.15,2.41,-31.7333,-60.5297
Entre Ríos,2023,2,27.31,1.57,2.41,-31.7333,-60.5297
Entre Ríos,2023,3,27.97,4.26,2.26,-31.7333,-60.5297
Entre Ríos,2023,4,19.71,0.6,2.46,-31.7333,-60.5297
Entre Ríos,2023,5,16.87,5.84,2.48,-31.7333,-60.5297
Entre Ríos,2023,6,14.12,0.23,2.21,-31.7333,-60.5297
Entre Ríos,2023,7,13.53,0.67,2.84,-31.7333,-60.5297
Entre Ríos,2023,8,15.65,0.03,3.0,-31.7333,-60.5297
Entre Ríos,2023,9,17.66,0.29,3.38,-31.7333,-60.5297
Entre Ríos,2023,10,20.93,2.51,3.17,-31.7333,-60.5297
Entre Ríos,2023,11,22.44,6.02,3.19,-31.7333,-60.5297
Entre Ríos,2023,12,25.02,5.92,3.23,-31.7333,-60.5297
Formosa,1981,1,27.1,8.95,2.22,-26.1775,-58.1781
Formosa,1981,2,26.42,5.18,2.24,-26.1775,-58.1781
Formosa,1981,3,25.09,4.12,1.82,-26.1775,-58.1781
Formosa,1981,4,23.22,5.19,2.12,-26.1775,-58.1781
Formosa,1981,5,21.73,3.76,2.83,-26.1775,-58.1781
Formosa,1981,6,14.85,2.2,2.25,-26.1775,-58.1781
Formosa,1981,7,15.51,0.28,3.01,-26.1775,-58.1781
Formosa,1981,8,20.13,1.67,2.77,-26.1775,-58.1781
Formosa,1981,9,19.57,1.79,2.96,-26.1775,-58.1781
Formosa,1981,10,23.89,1.11,2.71,-26.1775,-58.1781
Formosa,1981,11,25.85,9.54,2.4,-26.1775,-58.1781
Formosa,1981,12,25.48,5.23,2.55,-26.1775,-58.1781
Formosa,1982,1,27.71,3.74,2.12,-26.1775,-58.1781
Formosa,1982,2,26.97,6.18,2.41,-26.1775,-58.1781
Formosa,1982,3,26.18,2.94,2.09,-26.1775,-58.1781
Formosa,1982,4,24.05,2.32,1.82,-26.1775,-58.1781
Formosa,1982,5,20.69,1.9,2.7,-26.1775,-58.1781
Formosa,1982,6,18.04,5.73,2.72,-26.1775,-58.1781
Formosa,1982,7,19.35,0.76,2.76,-26.1775,-58.1781
Formosa,1982,8,20.92,1.33,3.12,-26.1775,-58.1781
Formosa,1982,9,23.01,5.36,3.08,-26.1775,-58.1781
Formosa,1982,10,22.8,2.61,3.17,-26.1775,-58.1781
Formosa,1982,11,24.78,13.51,2.91,-26.1775,-58.1781
Formosa,1982,12,25.71,6.3,2.13,-26.1775,-58.1781
Formosa,1983,1,28.29,7.31,1.75,-26.1775,-58.1781
Formosa,1983,2,27.31,3.66,2.41,-26.1775,-58.1781
Formosa,1983,3,26.0,2.39,2.74,-26.1775,-58.1781
Formosa,1983,4,22.9,7.65,2.49,-26.1775,-58.1781
Formosa,1983,5,19.7,6.66,2.48,-26.1775,-58.1781
Formosa,1983,6,13.64,0.83,2.38,-26.1775,-58.1781
Formosa,1983,7,15.15,2.84,2.56,-26.1775,-58.1781
Formosa,1983,8,16.99,0.5,3.11,-26.1775,-58.1781
Formosa,1983,9,17.82,0.75,2.91,-26.1775,-58.1781
Formosa,1983,10,24.06,3.55,3.21,-26.1775,-58.1781
Formosa,1983,11,24.66,4.66,2.44,-26.1775,-58.1781
Formosa,1983,12,29.72,1.69,2.32,-26.1775,-58.1781
Formosa,1984,1,30.2,6.42,2.51,-26.1775,-58.1781
Formosa,1984,2,30.07,1.53,2.88,-26.1775,-58.1781
Formosa,1984,3,27.2,8.97,2.23,-26.1775,-58.1781
Formosa,1984,4,20.92,3.79,2.23,-26.1775,-58.1781
Formosa,1984,5,20.88,3.55,2.93,-26.1775,-58.1781
Formosa,1984,6,15.86,2.23,2.24,-26.1775,-58.1781
Formosa,1984,7,18.23,0.32,3.28,-26.1775,-58.1781
Formosa,1984,8,16.72,0.78,2.77,-26.1775,-58.1781
Formosa,1984,9,21.67,3.16,2.95,-26.1775,-58.1781
Formosa,1984,10,26.55,4.63,3.27,-26.1775,-58.1781
Formosa,1984,11,25.31,9.23,2.46,-26.1775,-58.1781
Formosa,1984,12,26.47,3.03,2.58,-26.1775,-58.1781
Formosa,1985,1,29.81,3.26,2.23,-26.1775,-58.1781
Formosa,1985,2,29.72,5.16,1.97,-26.1775,-58.1781
Formosa,1985,3,27.5,3.51,2.62,-26.1775,-58.1781
Formosa,1985,4,22.6,11.78,2.5,-26.1775,-58.1781
Formosa,1985,5,19.77,4.97,2.4,-26.1775,-58.1781
Formosa,1985,6,17.27,1.04,2.53,-26.1775,-58.1781
Formosa,1985,7,16.69,3.71,3.04,-26.1775,-58.1781
Formosa,1985,8,16.24,3.74,2.49,-26.1775,-58.1781
Formosa,1985,9,19.34,4.45,2.61,-26.1775,-58.1781
Formosa,1985,10,24.15,2.35,2.63,-26.1775,-58.1781
Formosa,1985,11,29.79,0.49,2.99,-26.1775,-58.1781
Formosa,1985,12,32.0,2.21,2.2,-26.1775,-58.1781
Formosa,1986,1,32.96,1.52,2.71,-26.1775,-58.1781
Formosa,1986,2,30.35,5.04,2.68,-26.1775,-58.1781
Formosa,1986,3,25.28,12.75,2.31,-26.1775,-58.1781
Formosa,1986,4,23.54,10.05,2.8,-26.1775,-58.1781
Formosa,1986,5,19.41,5.36,2.62,-26.1775,-58.1781
Formosa,1986,6,18.54,4.53,2.75,-26.1775,-58.1781
Formosa,1986,7,16.96,1.53,2.54,-26.1775,-58.1781
Formosa,1986,8,19.34,0.73,2.54,-26.1775,-58.1781
Formosa,1986,9,21.01,3.1,3.48,-26.1775,-58.1781
Formosa,1986,10,23.01,4.61,2.91,-26.1775,-58.1781
Formosa,1986,11,26.56,6.23,3.57,-26.1775,-58.1781
Formosa,1986,12,27.49,6.27,2.2,-26.1775,-58.1781
Formosa,1987,1,29.15,5.82,2.04,-26.1775,-58.1781
Formosa,1987,2,26.63,8.46,2.85,-26.1775,-58.1781
Formosa,1987,3,26.57,2.03,2.29,-26.1775,-58.1781
Formosa,1987,4,23.49,8.78,2.26,-26.1775,-58.1781
Formosa,1987,5,15.57,0.9,2.34,-26.1775,-58.1781
Formosa,1987,6,15.31,2.76,2.51,-26.1775,-58.1781
Formosa,1987,7,19.45,3.21,3.28,-26.1775,-58.1781
Formosa,1987,8,16.38,0.79,2.94,-26.1775,-58.1781
Formosa,1987,9,18.99,1.03,3.46,-26.1775,-58.1781
Formosa,1987,10,21.98,2.77,2.84,-26.1775,-58.1781
Formosa,1987,11,26.65,6.26,2.82,-26.1775,-58.1781
Formosa,1987,12,26.59,5.08,2.68,-26.1775,-58.1781
Formosa,1988,1,29.09,4.33,2.63,-26.1775,-58.1781
Formosa,1988,2,27.04,2.62,1.97,-26.1775,-58.1781
Formosa,1988,3,29.96,2.69,2.28,-26.1775,-58.1781
Formosa,1988,4,22.47,5.65,2.48,-26.1775,-58.1781
Formosa,1988,5,15.72,1.45,2.04,-26.1775,-58.1781
Formosa,1988,6,15.2,0.61,2.46,-26.1775,-58.1781
Formosa,1988,7,14.5,0.66,3.15,-26.1775,-58.1781
Formosa,1988,8,20.17,0.81,3.12,-26.1775,-58.1781
Formosa,1988,9,21.21,2.02,3.09,-26.1775,-58.1781
Formosa,1988,10,22.33,5.59,2.97,-26.1775,-58.1781
Formosa,1988,11,25.67,4.76,2.67,-26.1775,-58.1781
Formosa,1988,12,28.49,6.44,1.91,-26.1775,-58.1781
Formosa,1989,1,29.0,3.76,2.29,-26.1775,-58.1781
Formosa,1989,2,27.94,5.96,2.28,-26.1775,-58.1781
Formosa,1989,3,25.17,6.68,1.93,-26.1775,-58.1781
Formosa,1989,4,21.75,5.18,2.05,-26.1775,-58.1781
Formosa,1989,5,18.29,1.19,2.41,-26.1775,-58.1781
Formosa,1989,6,17.7,2.84,2.11,-26.1775,-58.1781
Formosa,1989,7,14.82,1.6,2.54,-26.1775,-58.1781
Formosa,1989,8,18.15,4.88,3.18,-26.1775,-58.1781
Formosa,1989,9,17.32,3.72,2.94,-26.1775,-58.1781
Formosa,1989,10,21.52,4.42,2.89,-26.1775,-58.1781
Formosa,1989,11,25.27,3.07,2.67,-26.1775,-58.1781
Formosa,1989,12,29.34,3.29,2.23,-26.1775,-58.1781
Formosa,1990,1,29.32,5.71,2.8,-26.1775,-58.1781
Formosa,1990,2,27.72,2.24,2.48,-26.1775,-58.1781
Formosa,1990,3,28.53,4.15,2.77,-26.1775,-58.1781
Formosa,1990,4,24.78,10.79,2.68,-26.1775,-58.1781
Formosa,1990,5,17.51,2.51,2.42,-26.1775,-58.1781
Formosa,1990,6,14.56,3.75,2.12,-26.1775,-58.1781
Formosa,1990,7,13.34,2.19,2.52,-26.1775,-58.1781
Formosa,1990,8,18.08,3.45,2.8,-26.1775,-58.1781
Formosa,1990,9,17.48,5.86,2.94,-26.1775,-58.1781
Formosa,1990,10,23.65,3.84,2.82,-26.1775,-58.1781
Formosa,1990,11,26.67,3.55,3.15,-26.1775,-58.1781
Formosa,1990,12,27.64,3.61,3.09,-26.1775,-58.1781
Formosa,1991,1,29.02,5.18,2.76,-26.1775,-58.1781
Formosa,1991,2,27.84,3.55,2.23,-26.1775,-58.1781
Formosa,1991,3,27.42,3.83,1.93,-26.1775,-58.1781
Formosa,1991,4,23.67,5.24,2.4,-26.1775,-58.1781
Formosa,1991,5,19.9,7.12,2.65,-26.1775,-58.1781
Formosa,1991,6,17.0,2.71,2.52,-26.1775,-58.1781
Formosa,1991,7,16.03,0.7,3.03,-26.1775,-58.1781
Formosa,1991,8,19.11,0.28,2.86,-26.1775,-58.1781
Formosa,1991,9,23.12,5.56,3.02,-26.1775,-58.1781
Formosa,1991,10,23.17,2.97,3.01,-26.1775,-58.1781
Formosa,1991,11,24.83,3.57,2.6,-26.1775,-58.1781
Formosa,1991,12,27.7,7.15,2.48,-26.1775,-58.1781
Formosa,1992,1,27.81,2.43,2.28,-26.1775,-58.1781
Formosa,1992,2,27.98,6.97,2.18,-26.1775,-58.1781
Formosa,1992,3,24.71,6.86,2.11,-26.1775,-58.1781
Formosa,1992,4,21.67,7.6,2.41,-26.1775,-58.1781
Formosa,1992,5,19.45,2.3,2.92,-26.1775,-58.1781
Formosa,1992,6,18.86,3.43,3.19,-26.1775,-58.1781
Formosa,1992,7,12.79,1.25,2.81,-26.1775,-58.1781
Formosa,1992,8,15.88,4.41,2.63,-26.1775,-58.1781
Formosa,1992,9,18.04,4.39,2.49,-26.1775,-58.1781
Formosa,1992,10,21.29,8.91,2.92,-26.1775,-58.1781
Formosa,1992,11,22.91,3.83,2.63,-26.1775,-58.1781
Formosa,1992,12,26.95,7.69,2.06,-26.1775,-58.1781
Formosa,1993,1,27.68,7.41,2.25,-26.1775,-58.1781
Formosa,1993,2,26.08,0.46,2.25,-26.1775,-58.1781
Formosa,1993,3,27.77,4.73,2.09,-26.1775,-58.1781
Formosa,1993,4,25.37,1.38,2.55,-26.1775,-58.1781
Formosa,1993,5,20.53,1.78,3.11,-26.1775,-58.1781
Formosa,1993,6,17.72,1.38,2.71,-26.1775,-58.1781
Formosa,1993,7,15.93,1.44,2.67,-26.1775,-58.1781
Formosa,1993,8,17.69,1.24,2.8,-26.1775,-58.1781
Formosa,1993,9,19.94,2.72,2.75,-26.1775,-58.1781
Formosa,1993,10,23.92,5.31,2.97,-26.1775,-58.1781
Formosa,1993,11,24.6,6.44,2.73,-26.1775,-58.1781
Formosa,1993,12,27.74,2.43,2.71,-26.1775,-58.1781
Formosa,1994,1,29.91,3.22,2.34,-26.1775,-58.1781
Formosa,1994,2,26.56,7.88,2.16,-26.1775,-58.1781
Formosa,1994,3,24.64,4.78,2.2,-26.1775,-58.1781
Formosa,1994,4,22.55,5.23,2.25,-26.1775,-58.1781
Formosa,1994,5,20.99,5.04,2.27,-26.1775,-58.1781
Formosa,1994,6,17.05,3.08,2.48,-26.1775,-58.1781
Formosa,1994,7,16.06,2.29,2.86,-26.1775,-58.1781
Formosa,1994,8,18.15,1.58,2.69,-26.1775,-58.1781
Formosa,1994,9,23.19,2.02,3.45,-26.1775,-58.1781
Formosa,1994,10,24.35,5.48,2.94,-26.1775,-58.1781
Formosa,1994,11,24.67,6.92,2.53,-26.1775,-58.1781
Formosa,1994,12,28.75,6.46,2.32,-26.1775,-58.1781
Formosa,1995,1,27.94,9.38,2.09,-26.1775,-58.1781
Formosa,1995,2,26.83,4.11,2.01,-26.1775,-58.1781
Formosa,1995,3,25.27,6.44,1.93,-26.1775,-58.1781
Formosa,1995,4,21.18,5.81,2.48,-26.1775,-58.1781
Formosa,1995,5,17.31,3.81,1.85,-26.1775,-58.1781
Formosa,1995,6,18.37,0.28,2.68,-26.1775,-58.1781
Formosa,1995,7,19.01,0.31,3.11,-26.1775,-58.1781
Formosa,1995,8,20.53,0.26,3.07,-26.1775,-58.1781
Formosa,1995,9,23.66,2.17,3.54,-26.1775,-58.1781
Formosa,1995,10,22.72,2.72,2.94,-26.1775,-58.1781
Formosa,1995,11,28.38,1.66,2.84,-26.1775,-58.1781
Formosa,1995,12,29.72,2.3,2.48,-26.1775,-58.1781
Formosa,1996,1,29.18,7.88,2.55,-26.1775,-58.1781
Formosa,1996,2,26.96,6.27,2.09,-26.1775,-58.1781
Formosa,1996,3,25.97,6.4,2.14,-26.1775,-58.1781
Formosa,1996,4,22.75,6.76,2.54,-26.1775,-58.1781
Formosa,1996,5,19.31,2.29,1.87,-26.1775,-58.1781
Formosa,1996,6,13.48,0.86,2.44,-26.1775,-58.1781
Formosa,1996,7,13.92,0.27,2.1,-26.1775,-58.1781
Formosa,1996,8,20.1,1.63,2.94,-26.1775,-58.1781
Formosa,1996,9,19.75,3.87,2.76,-26.1775,-58.1781
Formosa,1996,10,22.05,8.68,2.8,-26.1775,-58.1781
Formosa,1996,11,24.46,4.2,2.42,-26.1775,-58.1781
Formosa,1996,12,26.84,8.6,2.29,-26.1775,-58.1781
Formosa,1997,1,29.15,4.88,2.01,-26.1775,-58.1781
Formosa,1997,2,27.44,4.2,2.27,-26.1775,-58.1781
Formosa,1997,3,26.46,1.47,2.14,-26.1775,-58.1781
Formosa,1997,4,23.34,2.12,1.98,-26.1775,-58.1781
Formosa,1997,5,20.93,3.3,2.27,-26.1775,-58.1781
Formosa,1997,6,17.36,1.15,2.81,-26.1775,-58.1781
Formosa,1997,7,19.18,1.73,3.06,-26.1775,-58.1781
Formosa,1997,8,19.75,0.72,3.44,-26.1775,-58.1781
Formosa,1997,9,23.52,3.13,3.02,-26.1775,-58.1781
Formosa,1997,10,24.89,4.64,3.61,-26.1775,-58.1781
Formosa,1997,11,25.78,10.47,2.82,-26.1775,-58.1781
Formosa,1997,12,28.38,5.24,3.25,-26.1775,-58.1781
Formosa,1998,1,28.9,6.45,2.81,-26.1775,-58.1781
Formosa,1998,2,26.87,11.36,2.29,-26.1775,-58.1781
Formosa,1998,3,23.76,3.07,2.43,-26.1775,-58.1781
Formosa,1998,4,21.74,12.06,2.75,-26.1775,-58.1781
Formosa,1998,5,18.15,1.41,2.34,-26.1775,-58.1781
Formosa,1998,6,16.06,1.87,2.52,-26.1775,-58.1781
Formosa,1998,7,17.65,1.46,2.49,-26.1775,-58.1781
Formosa,1998,8,17.11,3.76,2.16,-26.1775,-58.1781
Formosa,1998,9,17.86,4.74,3.2,-26.1775,-58.1781
Formosa,1998,10,22.46,3.13,2.73,-26.1775,-58.1781
Formosa,1998,11,24.74,6.15,2.61,-26.1775,-58.1781
Formosa,1998,12,26.12,8.96,2.45,-26.1775,-58.1781
Formosa,1999,1,27.89,4.31,2.17,-26.1775,-58.1781
Formosa,1999,2,28.17,3.76,2.22,-26.1775,-58.1781
Formosa,1999,3,28.4,5.11,2.27,-26.1775,-58.1781
Formosa,1999,4,21.42,8.02,2.13,-26.1775,-58.1781
Formosa,1999,5,17.26,3.17,2.02,-26.1775,-58.1781
Formosa,1999,6,15.49,4.17,2.13,-26.1775,-58.1781
Formosa,1999,7,14.49,0.83,2.48,-26.1775,-58.1781
Formosa,1999,8,17.58,0.18,2.94,-26.1775,-58.1781
Formosa,1999,9,22.8,1.33,2.76,-26.1775,-58.1781
Formosa,1999,10,24.86,1.69,3.1,-26.1775,-58.1781
Formosa,1999,11,24.87,2.44,2.78,-26.1775,-58.1781
Formosa,1999,12,28.75,5.17,2.38,-26.1775,-58.1781
Formosa,2000,1,30.46,6.21,2.47,-26.1775,-58.1781
Formosa,2000,2,27.66,7.14,2.4,-26.1775,-58.1781
Formosa,2000,3,26.37,3.63,2.38,-26.1775,-58.1781
Formosa,2000,4,23.37,3.49,2.22,-26.1775,-58.1781
Formosa,2000,5,17.3,3.54,2.39,-26.1775,-58.1781
Formosa,2000,6,17.5,3.26,2.87,-26.1775,-58.1781
Formosa,2000,7,11.81,0.55,2.48,-26.1775,-58.1781
Formosa,2000,8,18.59,1.73,2.87,-26.1775,-58.1781
Formosa,2000,9,20.89,1.05,3.38,-26.1775,-58.1781
Formosa,2000,10,25.09,7.98,2.76,-26.1775,-58.1781
Formosa,2000,11,23.48,4.81,2.63,-26.1775,-58.1781
Formosa,2000,12,27.12,3.62,2.57,-26.1775,-58.1781
Formosa,2001,1,28.31,5.17,2.6,-26.1775,-58.1781
Formosa,2001,2,27.76,5.71,2.13,-26.1775,-58.1781
Formosa,2001,3,26.92,6.43,2.07,-26.1775,-58.1781
Formosa,2001,4,23.55,9.4,2.26,-26.1775,-58.1781
Formosa,2001,5,16.81,0.77,2.33,-26.1775,-58.1781
Formosa,2001,6,16.55,1.61,2.48,-26.1775,-58.1781
Formosa,2001,7,17.83,0.65,3.23,-26.1775,-58.1781
Formosa,2001,8,21.52,1.9,3.37,-26.1775,-58.1781
Formosa,2001,9,21.27,3.87,3.02,-26.1775,-58.1781
Formosa,2001,10,24.17,4.26,2.85,-26.1775,-58.1781
Formosa,2001,11,25.85,3.78,2.96,-26.1775,-58.1781
Formosa,2001,12,27.4,4.44,2.29,-26.1775,-58.1781
Formosa,2002,1,29.76,1.83,2.6,-26.1775,-58.1781
Formosa,2002,2,26.96,5.59,2.22,-26.1775,-58.1781
Formosa,2002,3,28.26,11.52,2.73,-26.1775,-58.1781
Formosa,2002,4,23.16,8.31,2.4,-26.1775,-58.1781
Formosa,2002,5,20.07,3.34,2.76,-26.1775,-58.1781
Formosa,2002,6,15.24,1.68,2.85,-26.1775,-58.1781
Formosa,2002,7,14.68,2.94,2.36,-26.1775,-58.1781
Formosa,2002,8,18.39,1.81,3.12,-26.1775,-58.1781
Formosa,2002,9,18.95,2.76,2.82,-26.1775,-58.1781
Formosa,2002,10,26.69,3.9,3.33,-26.1775,-58.1781
Formosa,2002,11,26.38,6.65,3.12,-26.1775,-58.1781
Formosa,2002,12,26.7,7.14,2.96,-26.1775,-58.1781
Formosa,2003,1,28.18,5.26,1.97,-26.1775,-58.1781
Formosa,2003,2,27.17,4.84,2.96,-26.1775,-58.1781
Formosa,2003,3,25.96,3.64,2.08,-26.1775,-58.1781
Formosa,2003,4,23.04,3.05,2.55,-26.1775,-58.1781
Formosa,2003,5,19.32,0.78,2.39,-26.1775,-58.1781
Formosa,2003,6,20.02,4.8,2.42,-26.1775,-58.1781
Formosa,2003,7,16.58,0.19,2.67,-26.1775,-58.1781
Formosa,2003,8,16.54,1.03,2.81,-26.1775,-58.1781
Formosa,2003,9,21.43,2.28,3.02,-26.1775,-58.1781
Formosa,2003,10,25.04,4.67,3.11,-26.1775,-58.1781
Formosa,2003,11,26.19,6.78,3.18,-26.1775,-58.1781
Formosa,2003,12,25.05,8.4,3.12,-26.1775,-58.1781
Formosa,2004,1,28.37,0.64,2.14,-26.1775,-58.1781
Formosa,2004,2,27.56,4.11,2.6,-26.1775,-58.1781
Formosa,2004,3,27.36,2.69,2.13,-26.1775,-58.1781
Formosa,2004,4,25.39,4.7,2.63,-26.1775,-58.1781
Formosa,2004,5,16.12,1.17,2.0,-26.1775,-58.1781
Formosa,2004,6,17.68,3.41,2.51,-26.1775,-58.1781
Formosa,2004,7,15.82,2.56,3.15,-26.1775,-58.1781
Formosa,2004,8,17.18,0.54,2.93,-26.1775,-58.1781
Formosa,2004,9,21.83,2.51,3.18,-26.1775,-58.1781
Formosa,2004,10,23.52,4.35,3.2,-26.1775,-58.1781
Formosa,2004,11,23.52,11.94,2.91,-26.1775,-58.1781
Formosa,2004,12,25.36,8.29,2.31,-26.1775,-58.1781
Formosa,2005,1,27.84,2.48,2.31,-26.1775,-58.1781
Formosa,2005,2,29.09,1.29,2.43,-26.1775,-58.1781
Formosa,2005,3,27.64,3.35,2.44,-26.1775,-58.1781
Formosa,2005,4,22.19,7.18,2.42,-26.1775,-58.1781
Formosa,2005,5,19.84,4.29,2.56,-26.1775,-58.1781
Formosa,2005,6,18.97,3.52,2.32,-26.1775,-58.1781
Formosa,2005,7,15.05,0.16,2.75,-26.1775,-58.1781
Formosa,2005,8,18.7,0.33,3.38,-26.1775,-58.1781
Formosa,2005,9,17.58,1.43,3.24,-26.1775,-58.1781
Formosa,2005,10,22.71,5.36,3.03,-26.1775,-58.1781
Formosa,2005,11,25.94,2.72,2.46,-26.1775,-58.1781
Formosa,2005,12,27.93,3.9,2.48,-26.1775,-58.1781
Formosa,2006,1,29.73,4.32,2.28,-26.1775,-58.1781
Formosa,2006,2,29.24,1.28,2.21,-26.1775,-58.1781
Formosa,2006,3,26.35,13.97,2.09,-26.1775,-58.1781
Formosa,2006,4,22.15,2.26,2.23,-26.1775,-58.1781
Formosa,2006,5,17.09,1.24,2.46,-26.1775,-58.1781
Formosa,2006,6,19.06,2.26,2.73,-26.1775,-58.1781
Formosa,2006,7,20.0,0.71,3.04,-26.1775,-58.1781
Formosa,2006,8,18.8,1.77,2.96,-26.1775,-58.1781
Formosa,2006,9,20.08,3.74,3.0,-26.1775,-58.1781
Formosa,2006,10,24.51,6.82,2.75,-26.1775,-58.1781
Formosa,2006,11,24.65,3.32,3.12,-26.1775,-58.1781
Formosa,2006,12,28.73,4.73,2.45,-26.1775,-58.1781
Formosa,2007,1,28.1,6.7,2.31,-26.1775,-58.1781
Formosa,2007,2,28.37,1.36,2.73,-26.1775,-58.1781
Formosa,2007,3,27.52,4.62,2.57,-26.1775,-58.1781
Formosa,2007,4,23.78,7.65,2.11,-26.1775,-58.1781
Formosa,2007,5,15.37,5.23,2.39,-26.1775,-58.1781
Formosa,2007,6,15.54,0.3,2.52,-26.1775,-58.1781
Formosa,2007,7,12.8,2.01,2.4,-26.1775,-58.1781
Formosa,2007,8,14.95,0.19,2.83,-26.1775,-58.1781
Formosa,2007,9,22.86,0.89,3.05,-26.1775,-58.1781
Formosa,2007,10,25.97,3.81,2.8,-26.1775,-58.1781
Formosa,2007,11,23.53,6.19,2.97,-26.1775,-58.1781
Formosa,2007,12,27.85,5.75,2.26,-26.1775,-58.1781
Formosa,2008,1,28.81,2.49,2.55,-26.1775,-58.1781
Formosa,2008,2,28.07,4.35,2.01,-26.1775,-58.1781
Formosa,2008,3,27.36,1.26,2.18,-26.1775,-58.1781
Formosa,2008,4,22.35,4.31,2.23,-26.1775,-58.1781
Formosa,2008,5,17.88,0.99,2.76,-26.1775,-58.1781
Formosa,2008,6,14.36,3.11,2.06,-26.1775,-58.1781
Formosa,2008,7,19.35,1.23,2.54,-26.1775,-58.1781
Formosa,2008,8,18.21,2.02,2.75,-26.1775,-58.1781
Formosa,2008,9,19.03,2.61,2.95,-26.1775,-58.1781
Formosa,2008,10,23.68,6.61,3.04,-26.1775,-58.1781
Formosa,2008,11,25.57,2.61,2.53,-26.1775,-58.1781
Formosa,2008,12,29.56,1.23,2.61,-26.1775,-58.1781
Formosa,2009,1,28.13,5.33,2.26,-26.1775,-58.1781
Formosa,2009,2,27.59,5.13,2.22,-26.1775,-58.1781
Formosa,2009,3,28.47,0.55,2.1,-26.1775,-58.1781
Formosa,2009,4,25.93,0.71,2.33,-26.1775,-58.1781
Formosa,2009,5,21.01,5.35,2.46,-26.1775,-58.1781
Formosa,2009,6,14.1,1.04,2.35,-26.1775,-58.1781
Formosa,2009,7,12.96,2.57,2.3,-26.1775,-58.1781
Formosa,2009,8,17.77,1.54,3.05,-26.1775,-58.1781
Formosa,2009,9,19.36,3.69,3.12,-26.1775,-58.1781
Formosa,2009,10,23.36,2.82,3.13,-26.1775,-58.1781
Formosa,2009,11,28.6,7.72,3.25,-26.1775,-58.1781
Formosa,2009,12,26.39,7.0,2.55,-26.1775,-58.1781
Formosa,2010,1,26.92,3.53,2.45,-26.1775,-58.1781
Formosa,2010,2,28.85,4.6,3.31,-26.1775,-58.1781
Formosa,2010,3,26.95,4.11,2.34,-26.1775,-58.1781
Formosa,2010,4,22.52,2.3,2.67,-26.1775,-58.1781
Formosa,2010,5,16.52,5.4,2.37,-26.1775,-58.1781
Formosa,2010,6,16.49,1.07,2.39,-26.1775,-58.1781
Formosa,2010,7,14.2,5.24,2.83,-26.1775,-58.1781
Formosa,2010,8,15.32,0.24,2.72,-26.1775,-58.1781
Formosa,2010,9,19.42,2.27,2.56,-26.1775,-58.1781
Formosa,2010,10,21.2,4.22,2.91,-26.1775,-58.1781
Formosa,2010,11,24.17,1.82,2.63,-26.1775,-58.1781
Formosa,2010,12,26.73,8.49,2.26,-26.1775,-58.1781
Formosa,2011,1,28.98,3.84,1.83,-26.1775,-58.1781
Formosa,2011,2,26.47,9.28,2.14,-26.1775,-58.1781
Formosa,2011,3,25.54,1.96,2.02,-26.1775,-58.1781
Formosa,2011,4,23.2,4.52,2.09,-26.1775,-58.1781
Formosa,2011,5,19.24,1.49,2.01,-26.1775,-58.1781
Formosa,2011,6,16.44,1.66,2.52,-26.1775,-58.1781
Formosa,2011,7,15.41,3.1,2.68,-26.1775,-58.1781
Formosa,2011,8,17.45,0.19,3.0,-26.1775,-58.1781
Formosa,2011,9,20.96,2.74,2.97,-26.1775,-58.1781
Formosa,2011,10,23.58,5.39,2.95,-26.1775,-58.1781
Formosa,2011,11,25.12,6.96,2.6,-26.1775,-58.1781
Formosa,2011,12,27.12,1.81,2.29,-26.1775,-58.1781
Formosa,2012,1,29.84,2.3,2.56,-26.1775,-58.1781
Formosa,2012,2,29.55,3.04,2.52,-26.1775,-58.1781
Formosa,2012,3,26.42,3.4,2.14,-26.1775,-58.1781
Formosa,2012,4,21.73,7.76,2.13,-26.1775,-58.1781
Formosa,2012,5,18.93,2.84,2.05,-26.1775,-58.1781
Formosa,2012,6,16.18,1.18,2.41,-26.1775,-58.1781
Formosa,2012,7,13.98,1.18,2.36,-26.1775,-58.1781
Formosa,2012,8,20.17,2.05,3.01,-26.1775,-58.1781
Formosa,2012,9,22.78,0.61,3.08,-26.1775,-58.1781
Formosa,2012,10,26.98,3.75,3.48,-26.1775,-58.1781
Formosa,2012,11,27.56,5.24,2.64,-26.1775,-58.1781
Formosa,2012,12,28.37,7.05,3.03,-26.1775,-58.1781
Formosa,2013,1,27.68,2.74,2.47,-26.1775,-58.1781
Formosa,2013,2,28.23,3.5,2.42,-26.1775,-58.1781
Formosa,2013,3,24.9,3.06,2.77,-26.1775,-58.1781
Formosa,2013,4,21.9,5.12,2.21,-26.1775,-58.1781
Formosa,2013,5,18.84,2.65,2.43,-26.1775,-58.1781
Formosa,2013,6,16.69,4.65,1.96,-26.1775,-58.1781
Formosa,2013,7,15.96,1.22,2.58,-26.1775,-58.1781
Formosa,2013,8,15.03,1.65,3.12,-26.1775,-58.1781
Formosa,2013,9,20.27,1.78,3.23,-26.1775,-58.1781
Formosa,2013,10,23.45,4.11,2.62,-26.1775,-58.1781
Formosa,2013,11,25.13,7.09,3.1,-26.1775,-58.1781
Formosa,2013,12,29.18,2.83,2.11,-26.1775,-58.1781
Formosa,2014,1,28.28,6.24,2.65,-26.1775,-58.1781
Formosa,2014,2,29.28,5.17,2.73,-26.1775,-58.1781
Formosa,2014,3,24.08,8.85,2.31,-26.1775,-58.1781
Formosa,2014,4,21.67,7.18,2.36,-26.1775,-58.1781
Formosa,2014,5,18.62,4.31,2.29,-26.1775,-58.1781
Formosa,2014,6,16.23,3.58,2.66,-26.1775,-58.1781
Formosa,2014,7,16.19,5.39,2.55,-26.1775,-58.1781
Formosa,2014,8,18.33,0.31,2.67,-26.1775,-58.1781
Formosa,2014,9,21.59,2.91,2.82,-26.1775,-58.1781
Formosa,2014,10,26.0,2.05,3.16,-26.1775,-58.1781
Formosa,2014,11,24.28,7.26,2.63,-26.1775,-58.1781
Formosa,2014,12,27.08,5.47,2.97,-26.1775,-58.1781
Formosa,2015,1,27.81,4.73,2.51,-26.1775,-58.1781
Formosa,2015,2,27.83,5.82,1.98,-26.1775,-58.1781
Formosa,2015,3,26.5,3.26,2.02,-26.1775,-58.1781
Formosa,2015,4,23.02,6.14,1.94,-26.1775,-58.1781
Formosa,2015,5,19.21,8.64,2.15,-26.1775,-58.1781
Formosa,2015,6,17.83,2.68,2.46,-26.1775,-58.1781
Formosa,2015,7,15.93,1.36,2.4,-26.1775,-58.1781
Formosa,2015,8,20.11,1.23,2.94,-26.1775,-58.1781
Formosa,2015,9,21.58,0.62,2.92,-26.1775,-58.1781
Formosa,2015,10,24.15,5.29,3.58,-26.1775,-58.1781
Formosa,2015,11,25.14,6.7,2.8,-26.1775,-58.1781
Formosa,2015,12,26.69,12.68,2.72,-26.1775,-58.1781
Formosa,2016,1,27.7,7.69,2.03,-26.1775,-58.1781
Formosa,2016,2,27.44,8.74,2.2,-26.1775,-58.1781
Formosa,2016,3,23.48,4.54,2.24,-26.1775,-58.1781
Formosa,2016,4,24.22,3.12,2.8,-26.1775,-58.1781
Formosa,2016,5,16.86,1.78,2.02,-26.1775,-58.1781
Formosa,2016,6,13.44,1.83,1.97,-26.1775,-58.1781
Formosa,2016,7,16.67,0.49,2.56,-26.1775,-58.1781
Formosa,2016,8,19.54,1.58,2.81,-26.1775,-58.1781
Formosa,2016,9,19.43,0.97,2.84,-26.1775,-58.1781
Formosa,2016,10,23.47,7.83,2.99,-26.1775,-58.1781
Formosa,2016,11,23.71,5.38,2.54,-26.1775,-58.1781
Formosa,2016,12,26.08,8.65,2.59,-26.1775,-58.1781
Formosa,2017,1,28.8,2.91,2.45,-26.1775,-58.1781
Formosa,2017,2,28.24,4.98,2.01,-26.1775,-58.1781
Formosa,2017,3,26.32,3.28,2.44,-26.1775,-58.1781
Formosa,2017,4,21.28,10.68,2.33,-26.1775,-58.1781
Formosa,2017,5,19.59,6.69,2.32,-26.1775,-58.1781
Formosa,2017,6,16.51,1.88,2.76,-26.1775,-58.1781
Formosa,2017,7,17.32,0.06,2.93,-26.1775,-58.1781
Formosa,2017,8,19.5,1.44,3.26,-26.1775,-58.1781
Formosa,2017,9,22.63,1.47,3.2,-26.1775,-58.1781
Formosa,2017,10,23.63,6.14,3.13,-26.1775,-58.1781
Formosa,2017,11,23.95,4.65,2.87,-26.1775,-58.1781
Formosa,2017,12,29.24,3.43,2.33,-26.1775,-58.1781
Formosa,2018,1,27.47,8.95,2.47,-26.1775,-58.1781
Formosa,2018,2,26.1,3.03,1.94,-26.1775,-58.1781
Formosa,2018,3,25.17,5.7,2.1,-26.1775,-58.1781
Formosa,2018,4,25.19,4.27,2.13,-26.1775,-58.1781
Formosa,2018,5,20.49,6.58,2.51,-26.1775,-58.1781
Formosa,2018,6,14.95,0.71,2.56,-26.1775,-58.1781
Formosa,2018,7,15.85,0.48,2.56,-26.1775,-58.1781
Formosa,2018,8,16.14,0.71,2.84,-26.1775,-58.1781
Formosa,2018,9,22.68,5.22,2.75,-26.1775,-58.1781
Formosa,2018,10,23.59,4.94,2.91,-26.1775,-58.1781
Formosa,2018,11,25.42,9.0,2.8,-26.1775,-58.1781
Formosa,2018,12,27.01,3.34,2.75,-26.1775,-58.1781
Formosa,2019,1,29.06,5.32,2.93,-26.1775,-58.1781
Formosa,2019,2,27.89,3.78,2.72,-26.1775,-58.1781
Formosa,2019,3,24.78,6.82,2.24,-26.1775,-58.1781
Formosa,2019,4,23.16,5.99,1.95,-26.1775,-58.1781
Formosa,2019,5,19.58,9.6,2.43,-26.1775,-58.1781
Formosa,2019,6,18.27,0.08,2.9,-26.1775,-58.1781
Formosa,2019,7,14.28,2.77,2.51,-26.1775,-58.1781
Formosa,2019,8,16.09,1.51,3.0,-26.1775,-58.1781
Formosa,2019,9,19.79,0.15,2.95,-26.1775,-58.1781
Formosa,2019,10,24.84,3.08,3.06,-26.1775,-58.1781
Formosa,2019,11,28.33,4.22,2.6,-26.1775,-58.1781
Formosa,2019,12,27.98,2.5,2.62,-26.1775,-58.1781
Formosa,2020,1,29.06,4.34,2.67,-26.1775,-58.1781
Formosa,2020,2,27.32,4.44,2.59,-26.1775,-58.1781
Formosa,2020,3,28.5,2.23,2.05,-26.1775,-58.1781
Formosa,2020,4,22.13,1.7,2.29,-26.1775,-58.1781
Formosa,2020,5,18.73,1.69,2.76,-26.1775,-58.1781
Formosa,2020,6,19.2,2.38,3.19,-26.1775,-58.1781
Formosa,2020,7,16.19,0.97,2.8,-26.1775,-58.1781
Formosa,2020,8,19.91,0.27,3.41,-26.1775,-58.1781
Formosa,2020,9,22.42,1.1,2.89,-26.1775,-58.1781
Formosa,2020,10,27.23,2.81,2.93,-26.1775,-58.1781
Formosa,2020,11,26.61,6.42,2.56,-26.1775,-58.1781
Formosa,2020,12,26.52,7.48,2.34,-26.1775,-58.1781
Formosa,2021,1,27.79,5.81,2.48,-26.1775,-58.1781
Formosa,2021,2,26.15,5.14,1.87,-26.1775,-58.1781
Formosa,2021,3,25.72,7.45,1.94,-26.1775,-58.1781
Formosa,2021,4,21.61,4.28,2.15,-26.1775,-58.1781
Formosa,2021,5,17.51,1.5,2.19,-26.1775,-58.1781
Formosa,2021,6,15.95,1.78,2.22,-26.1775,-58.1781
Formosa,2021,7,16.42,0.5,2.48,-26.1775,-58.1781
Formosa,2021,8,19.68,0.4,2.74,-26.1775,-58.1781
Formosa,2021,9,24.04,2.59,3.0,-26.1775,-58.1781
Formosa,2021,10,23.78,3.58,2.79,-26.1775,-58.1781
Formosa,2021,11,26.14,6.6,2.57,-26.1775,-58.1781
Formosa,2021,12,29.22,1.11,2.22,-26.1775,-58.1781
Formosa,2022,1,32.94,1.34,3.0,-26.1775,-58.1781
Formosa,2022,2,30.04,2.65,2.24,-26.1775,-58.1781
Formosa,2022,3,25.86,7.03,2.78,-26.1775,-58.1781
Formosa,2022,4,21.8,7.43,2.62,-26.1775,-58.1781
Formosa,2022,5,16.2,2.11,2.21,-26.1775,-58.1781
Formosa,2022,6,14.25,1.29,2.15,-26.1775,-58.1781
Formosa,2022,7,19.82,0.6,3.0,-26.1775,-58.1781
Formosa,2022,8,18.75,0.43,3.3,-26.1775,-58.1781
Formosa,2022,9,19.04,1.53,3.06,-26.1775,-58.1781
Formosa,2022,10,22.5,6.16,3.04,-26.1775,-58.1781
Formosa,2022,11,23.51,3.94,2.33,-26.1775,-58.1781
Formosa,2022,12,29.04,1.89,2.11,-26.1775,-58.1781
Formosa,2023,1,30.66,2.58,2.14,-26.1775,-58.1781
Formosa,2023,2,29.6,1.69,2.47,-26.1775,-58.1781
Formosa,2023,3,29.13,2.83,2.16,-26.1775,-58.1781
Formosa,2023,4,23.16,3.06,2.1,-26.1775,-58.1781
Formosa,2023,5,19.23,4.12,2.29,-26.1775,-58.1781
Formosa,2023,6,18.8,0.3,2.71,-26.1775,-58.1781
Formosa,2023,7,19.0,1.5,2.77,-26.1775,-58.1781
Formosa,2023,8,21.73,1.22,3.11,-26.1775,-58.1781
Formosa,2023,9,23.58,4.82,3.28,-26.1775,-58.1781
Formosa,2023,10,25.54,3.57,3.35,-26.1775,-58.1781
Formosa,2023,11,26.32,11.86,2.98,-26.1775,-58.1781
Formosa,2023,12,27.19,10.34,2.71,-26.1775,-58.1781
Jujuy,1981,1,22.53,8.14,2.38,-24.1858,-65.2995
Jujuy,1981,2,21.14,12.17,1.96,-24.1858,-65.2995
Jujuy,1981,3,21.21,3.37,2.01,-24.1858,-65.2995
Jujuy,1981,4,18.52,4.02,2.08,-24.1858,-65.2995
Jujuy,1981,5,18.37,0.17,1.82,-24.1858,-65.2995
Jujuy,1981,6,13.62,0.06,1.91,-24.1858,-65.2995
Jujuy,1981,7,13.29,0.2,2.03,-24.1858,-65.2995
Jujuy,1981,8,18.07,0.51,2.19,-24.1858,-65.2995
Jujuy,1981,9,17.71,0.2,2.54,-24.1858,-65.2995
Jujuy,1981,10,21.06,0.7,2.88,-24.1858,-65.2995
Jujuy,1981,11,23.41,2.61,2.63,-24.1858,-65.2995
Jujuy,1981,12,23.94,3.48,2.37,-24.1858,-65.2995
Jujuy,1982,1,22.24,5.09,2.32,-24.1858,-65.2995
Jujuy,1982,2,21.28,6.72,2.21,-24.1858,-65.2995
Jujuy,1982,3,19.91,5.45,2.13,-24.1858,-65.2995
Jujuy,1982,4,18.05,2.97,2.1,-24.1858,-65.2995
Jujuy,1982,5,16.17,0.21,1.81,-24.1858,-65.2995
Jujuy,1982,6,14.82,0.14,2.09,-24.1858,-65.2995
Jujuy,1982,7,16.72,0.23,2.19,-24.1858,-65.2995
Jujuy,1982,8,18.04,0.22,2.2,-24.1858,-65.2995
Jujuy,1982,9,20.21,0.53,2.77,-24.1858,-65.2995
Jujuy,1982,10,22.3,0.51,2.78,-24.1858,-65.2995
Jujuy,1982,11,24.44,2.74,2.77,-24.1858,-65.2995
Jujuy,1982,12,24.02,3.38,2.26,-24.1858,-65.2995
Jujuy,1983,1,24.23,7.05,2.12,-24.1858,-65.2995
Jujuy,1983,2,22.83,2.98,2.12,-24.1858,-65.2995
Jujuy,1983,3,22.64,3.03,2.24,-24.1858,-65.2995
Jujuy,1983,4,20.56,1.47,2.08,-24.1858,-65.2995
Jujuy,1983,5,16.9,0.65,2.2,-24.1858,-65.2995
Jujuy,1983,6,11.9,0.27,2.43,-24.1858,-65.2995
Jujuy,1983,7,13.28,0.66,2.18,-24.1858,-65.2995
Jujuy,1983,8,16.04,0.31,2.45,-24.1858,-65.2995
Jujuy,1983,9,16.6,0.2,2.71,-24.1858,-65.2995
Jujuy,1983,10,22.6,1.11,2.71,-24.1858,-65.2995
Jujuy,1983,11,22.39,2.01,2.55,-24.1858,-65.2995
Jujuy,1983,12,25.24,3.34,2.33,-24.1858,-65.2995
Jujuy,1984,1,23.44,6.06,1.98,-24.1858,-65.2995
Jujuy,1984,2,22.36,8.51,2.08,-24.1858,-65.2995
Jujuy,1984,3,20.82,9.05,2.16,-24.1858,-65.2995
Jujuy,1984,4,17.04,1.46,1.94,-24.1858,-65.2995
Jujuy,1984,5,17.16,0.46,1.95,-24.1858,-65.2995
Jujuy,1984,6,12.95,0.34,2.14,-24.1858,-65.2995
Jujuy,1984,7,15.56,0.24,2.1,-24.1858,-65.2995
Jujuy,1984,8,14.45,0.52,2.28,-24.1858,-65.2995
Jujuy,1984,9,20.53,0.07,2.65,-24.1858,-65.2995
Jujuy,1984,10,24.32,1.33,2.57,-24.1858,-65.2995
Jujuy,1984,11,23.36,2.7,2.66,-24.1858,-65.2995
Jujuy,1984,12,22.38,5.39,2.6,-24.1858,-65.2995
Jujuy,1985,1,22.67,5.05,2.29,-24.1858,-65.2995
Jujuy,1985,2,21.63,11.27,2.13,-24.1858,-65.2995
Jujuy,1985,3,21.84,3.16,1.9,-24.1858,-65.2995
Jujuy,1985,4,19.61,3.32,2.11,-24.1858,-65.2995
Jujuy,1985,5,18.29,0.22,1.82,-24.1858,-65.2995
Jujuy,1985,6,15.62,0.2,1.76,-24.1858,-65.2995
Jujuy,1985,7,14.3,0.61,2.22,-24.1858,-65.2995
Jujuy,1985,8,15.83,0.51,2.27,-24.1858,-65.2995
Jujuy,1985,9,19.28,0.49,2.61,-24.1858,-65.2995
Jujuy,1985,10,23.83,1.07,2.76,-24.1858,-65.2995
Jujuy,1985,11,24.21,4.07,2.49,-24.1858,-65.2995
Jujuy,1985,12,25.4,5.14,2.23,-24.1858,-65.2995
Jujuy,1986,1,24.33,4.87,2.06,-24.1858,-65.2995
Jujuy,1986,2,23.14,4.94,2.01,-24.1858,-65.2995
Jujuy,1986,3,21.58,2.32,2.2,-24.1858,-65.2995
Jujuy,1986,4,21.57,0.98,2.02,-24.1858,-65.2995
Jujuy,1986,5,18.84,0.1,2.02,-24.1858,-65.2995
Jujuy,1986,6,17.16,0.2,2.02,-24.1858,-65.2995
Jujuy,1986,7,16.17,0.18,1.87,-24.1858,-65.2995
Jujuy,1986,8,18.13,0.51,2.45,-24.1858,-65.2995
Jujuy,1986,9,19.01,0.2,2.69,-24.1858,-65.2995
Jujuy,1986,10,21.07,1.68,2.6,-24.1858,-65.2995
Jujuy,1986,11,24.45,3.65,2.73,-24.1858,-65.2995
Jujuy,1986,12,23.66,7.55,1.9,-24.1858,-65.2995
Jujuy,1987,1,22.65,8.54,2.05,-24.1858,-65.2995
Jujuy,1987,2,21.58,1.72,2.17,-24.1858,-65.2995
Jujuy,1987,3,21.86,2.87,2.11,-24.1858,-65.2995
Jujuy,1987,4,20.28,1.8,2.12,-24.1858,-65.2995
Jujuy,1987,5,14.07,0.45,2.48,-24.1858,-65.2995
Jujuy,1987,6,14.75,0.02,1.9,-24.1858,-65.2995
Jujuy,1987,7,17.9,0.14,2.17,-24.1858,-65.2995
Jujuy,1987,8,16.05,0.16,2.5,-24.1858,-65.2995
Jujuy,1987,9,18.27,0.13,2.73,-24.1858,-65.2995
Jujuy,1987,10,22.14,0.26,2.77,-24.1858,-65.2995
Jujuy,1987,11,23.88,4.77,2.6,-24.1858,-65.2995
Jujuy,1987,12,22.57,5.38,2.34,-24.1858,-65.2995
Jujuy,1988,1,23.0,8.41,2.02,-24.1858,-65.2995
Jujuy,1988,2,20.97,5.46,1.98,-24.1858,-65.2995
Jujuy,1988,3,22.27,5.45,1.96,-24.1858,-65.2995
Jujuy,1988,4,18.59,0.98,1.85,-24.1858,-65.2995
Jujuy,1988,5,14.27,0.72,2.17,-24.1858,-65.2995
Jujuy,1988,6,13.35,0.04,1.94,-24.1858,-65.2995
Jujuy,1988,7,11.95,0.54,2.24,-24.1858,-65.2995
Jujuy,1988,8,17.48,0.11,2.38,-24.1858,-65.2995
Jujuy,1988,9,18.66,0.14,2.67,-24.1858,-65.2995
Jujuy,1988,10,21.4,0.69,2.66,-24.1858,-65.2995
Jujuy,1988,11,24.95,1.67,2.61,-24.1858,-65.2995
Jujuy,1988,12,24.54,5.19,2.24,-24.1858,-65.2995
Jujuy,1989,1,24.24,3.39,1.94,-24.1858,-65.2995
Jujuy,1989,2,24.86,2.49,1.98,-24.1858,-65.2995
Jujuy,1989,3,20.57,7.54,1.93,-24.1858,-65.2995
Jujuy,1989,4,18.57,2.06,1.9,-24.1858,-65.2995
Jujuy,1989,5,15.39,0.11,2.07,-24.1858,-65.2995
Jujuy,1989,6,16.24,0.86,1.81,-24.1858,-65.2995
Jujuy,1989,7,13.55,0.24,2.09,-24.1858,-65.2995
Jujuy,1989,8,17.81,0.05,2.27,-24.1858,-65.2995
Jujuy,1989,9,17.27,0.37,2.71,-24.1858,-65.2995
Jujuy,1989,10,21.64,1.38,2.58,-24.1858,-65.2995
Jujuy,1989,11,23.78,2.12,2.65,-24.1858,-65.2995
Jujuy,1989,12,23.75,7.1,2.22,-24.1858,-65.2995
Jujuy,1990,1,23.79,6.52,2.01,-24.1858,-65.2995
Jujuy,1990,2,21.33,7.39,1.91,-24.1858,-65.2995
Jujuy,1990,3,21.75,4.75,1.87,-24.1858,-65.2995
Jujuy,1990,4,19.7,2.18,1.93,-24.1858,-65.2995
Jujuy,1990,5,16.41,0.61,1.85,-24.1858,-65.2995
Jujuy,1990,6,14.05,0.13,1.89,-24.1858,-65.2995
Jujuy,1990,7,12.59,0.08,2.19,-24.1858,-65.2995
Jujuy,1990,8,18.27,0.16,2.25,-24.1858,-65.2995
Jujuy,1990,9,17.4,0.11,2.58,-24.1858,-65.2995
Jujuy,1990,10,23.23,1.76,2.7,-24.1858,-65.2995
Jujuy,1990,11,24.31,2.12,2.64,-24.1858,-65.2995
Jujuy,1990,12,23.54,6.69,2.36,-24.1858,-65.2995
Jujuy,1991,1,22.04,9.3,2.29,-24.1858,-65.2995
Jujuy,1991,2,21.42,7.21,2.19,-24.1858,-65.2995
Jujuy,1991,3,21.29,5.58,2.04,-24.1858,-65.2995
Jujuy,1991,4,19.55,1.4,1.95,-24.1858,-65.2995
Jujuy,1991,5,18.59,0.29,1.94,-24.1858,-65.2995
Jujuy,1991,6,14.66,0.09,2.01,-24.1858,-65.2995
Jujuy,1991,7,14.92,0.08,2.15,-24.1858,-65.2995
Jujuy,1991,8,16.51,0.19,2.48,-24.1858,-65.2995
Jujuy,1991,9,20.13,0.31,2.57,-24.1858,-65.2995
Jujuy,1991,10,21.3,0.71,2.78,-24.1858,-65.2995
Jujuy,1991,11,22.14,4.3,2.79,-24.1858,-65.2995
Jujuy,1991,12,24.77,3.2,2.55,-24.1858,-65.2995
Jujuy,1992,1,22.5,4.41,2.11,-24.1858,-65.2995
Jujuy,1992,2,22.13,5.4,2.52,-24.1858,-65.2995
Jujuy,1992,3,21.8,3.1,2.21,-24.1858,-65.2995
Jujuy,1992,4,19.35,1.61,2.25,-24.1858,-65.2995
Jujuy,1992,5,17.38,0.16,2.24,-24.1858,-65.2995
Jujuy,1992,6,16.65,0.08,2.08,-24.1858,-65.2995
Jujuy,1992,7,11.23,0.17,2.32,-24.1858,-65.2995
Jujuy,1992,8,15.56,0.46,2.33,-24.1858,-65.2995
Jujuy,1992,9,17.19,0.27,2.58,-24.1858,-65.2995
Jujuy,1992,10,21.39,0.95,2.66,-24.1858,-65.2995
Jujuy,1992,11,22.2,2.45,2.66,-24.1858,-65.2995
Jujuy,1992,12,23.9,5.65,2.51,-24.1858,-65.2995
Jujuy,1993,1,22.59,8.13,1.79,-24.1858,-65.2995
Jujuy,1993,2,20.42,4.85,1.76,-24.1858,-65.2995
Jujuy,1993,3,21.44,4.7,1.77,-24.1858,-65.2995
Jujuy,1993,4,19.6,1.23,1.91,-24.1858,-65.2995
Jujuy,1993,5,16.29,0.06,2.09,-24.1858,-65.2995
Jujuy,1993,6,15.37,0.05,1.86,-24.1858,-65.2995
Jujuy,1993,7,13.26,0.2,2.13,-24.1858,-65.2995
Jujuy,1993,8,16.34,0.18,2.18,-24.1858,-65.2995
Jujuy,1993,9,18.32,0.07,2.69,-24.1858,-65.2995
Jujuy,1993,10,21.91,1.61,2.64,-24.1858,-65.2995
Jujuy,1993,11,23.67,2.27,2.71,-24.1858,-65.2995
Jujuy,1993,12,24.3,2.95,2.6,-24.1858,-65.2995
Jujuy,1994,1,23.57,5.9,2.27,-24.1858,-65.2995
Jujuy,1994,2,21.23,6.59,2.15,-24.1858,-65.2995
Jujuy,1994,3,20.97,1.19,1.89,-24.1858,-65.2995
Jujuy,1994,4,19.47,1.33,2.14,-24.1858,-65.2995
Jujuy,1994,5,18.84,0.69,1.93,-24.1858,-65.2995
Jujuy,1994,6,16.38,0.05,1.91,-24.1858,-65.2995
Jujuy,1994,7,14.7,0.07,2.21,-24.1858,-65.2995
Jujuy,1994,8,17.29,0.07,2.23,-24.1858,-65.2995
Jujuy,1994,9,21.33,0.56,2.51,-24.1858,-65.2995
Jujuy,1994,10,22.52,1.77,2.7,-24.1858,-65.2995
Jujuy,1994,11,23.5,3.27,2.44,-24.1858,-65.2995
Jujuy,1994,12,25.51,3.92,2.2,-24.1858,-65.2995
Jujuy,1995,1,23.6,8.05,1.97,-24.1858,-65.2995
Jujuy,1995,2,22.06,5.09,2.17,-24.1858,-65.2995
Jujuy,1995,3,20.97,5.74,2.04,-24.1858,-65.2995
Jujuy,1995,4,18.88,0.16,2.0,-24.1858,-65.2995
Jujuy,1995,5,16.12,0.72,1.81,-24.1858,-65.2995
Jujuy,1995,6,16.25,0.01,1.98,-24.1858,-65.2995
Jujuy,1995,7,15.18,0.09,2.23,-24.1858,-65.2995
Jujuy,1995,8,16.78,0.16,2.37,-24.1858,-65.2995
Jujuy,1995,9,19.03,0.27,2.67,-24.1858,-65.2995
Jujuy,1995,10,21.72,0.47,2.71,-24.1858,-65.2995
Jujuy,1995,11,23.46,2.52,2.59,-24.1858,-65.2995
Jujuy,1995,12,24.91,1.49,2.3,-24.1858,-65.2995
Jujuy,1996,1,23.91,4.68,2.55,-24.1858,-65.2995
Jujuy,1996,2,23.16,2.01,2.33,-24.1858,-65.2995
Jujuy,1996,3,22.06,2.82,1.96,-24.1858,-65.2995
Jujuy,1996,4,19.56,1.14,2.26,-24.1858,-65.2995
Jujuy,1996,5,16.92,0.9,2.31,-24.1858,-65.2995
Jujuy,1996,6,11.77,0.4,2.21,-24.1858,-65.2995
Jujuy,1996,7,12.94,0.11,1.92,-24.1858,-65.2995
Jujuy,1996,8,17.74,0.05,2.44,-24.1858,-65.2995
Jujuy,1996,9,17.4,0.7,2.61,-24.1858,-65.2995
Jujuy,1996,10,22.3,0.64,2.79,-24.1858,-65.2995
Jujuy,1996,11,22.41,3.09,2.47,-24.1858,-65.2995
Jujuy,1996,12,24.35,4.21,2.62,-24.1858,-65.2995
Jujuy,1997,1,24.56,3.51,2.06,-24.1858,-65.2995
Jujuy,1997,2,21.31,4.06,2.37,-24.1858,-65.2995
Jujuy,1997,3,20.52,3.66,2.07,-24.1858,-65.2995
Jujuy,1997,4,19.27,1.12,1.84,-24.1858,-65.2995
Jujuy,1997,5,16.6,0.74,1.97,-24.1858,-65.2995
Jujuy,1997,6,15.7,0.14,2.09,-24.1858,-65.2995
Jujuy,1997,7,16.91,0.12,2.1,-24.1858,-65.2995
Jujuy,1997,8,17.27,0.22,2.26,-24.1858,-65.2995
Jujuy,1997,9,22.08,0.44,2.66,-24.1858,-65.2995
Jujuy,1997,10,23.51,0.12,3.21,-24.1858,-65.2995
Jujuy,1997,11,25.17,1.09,2.84,-24.1858,-65.2995
Jujuy,1997,12,26.49,2.07,3.06,-24.1858,-65.2995
Jujuy,1998,1,25.11,5.95,2.41,-24.1858,-65.2995
Jujuy,1998,2,23.79,1.24,2.45,-24.1858,-65.2995
Jujuy,1998,3,21.26,4.77,2.47,-24.1858,-65.2995
Jujuy,1998,4,18.98,0.92,2.3,-24.1858,-65.2995
Jujuy,1998,5,15.69,0.1,2.02,-24.1858,-65.2995
Jujuy,1998,6,14.71,0.09,2.12,-24.1858,-65.2995
Jujuy,1998,7,15.87,0.04,2.09,-24.1858,-65.2995
Jujuy,1998,8,16.07,0.14,2.49,-24.1858,-65.2995
Jujuy,1998,9,18.1,0.03,2.81,-24.1858,-65.2995
Jujuy,1998,10,21.14,3.99,2.49,-24.1858,-65.2995
Jujuy,1998,11,22.58,1.94,2.54,-24.1858,-65.2995
Jujuy,1998,12,24.59,2.85,2.38,-24.1858,-65.2995
Jujuy,1999,1,22.47,6.28,2.27,-24.1858,-65.2995
Jujuy,1999,2,22.68,4.62,1.86,-24.1858,-65.2995
Jujuy,1999,3,20.76,9.84,2.13,-24.1858,-65.2995
Jujuy,1999,4,16.15,1.28,1.99,-24.1858,-65.2995
Jujuy,1999,5,14.63,1.78,1.84,-24.1858,-65.2995
Jujuy,1999,6,13.19,0.08,1.86,-24.1858,-65.2995
Jujuy,1999,7,11.86,0.15,2.22,-24.1858,-65.2995
Jujuy,1999,8,16.2,0.0,2.39,-24.1858,-65.2995
Jujuy,1999,9,21.08,0.48,2.48,-24.1858,-65.2995
Jujuy,1999,10,21.82,0.78,2.74,-24.1858,-65.2995
Jujuy,1999,11,21.93,1.04,2.8,-24.1858,-65.2995
Jujuy,1999,12,24.71,3.11,2.65,-24.1858,-65.2995
Jujuy,2000,1,23.9,4.26,2.09,-24.1858,-65.2995
Jujuy,2000,2,21.79,7.3,2.06,-24.1858,-65.2995
Jujuy,2000,3,19.56,6.27,2.2,-24.1858,-65.2995
Jujuy,2000,4,18.9,2.59,1.87,-24.1858,-65.2995
Jujuy,2000,5,13.94,0.12,2.02,-24.1858,-65.2995
Jujuy,2000,6,14.06,0.11,2.15,-24.1858,-65.2995
Jujuy,2000,7,11.07,0.28,2.18,-24.1858,-65.2995
Jujuy,2000,8,17.32,0.02,2.38,-24.1858,-65.2995
Jujuy,2000,9,18.77,0.0,2.72,-24.1858,-65.2995
Jujuy,2000,10,23.28,1.22,2.72,-24.1858,-65.2995
Jujuy,2000,11,21.51,2.82,2.63,-24.1858,-65.2995
Jujuy,2000,12,23.84,2.82,2.35,-24.1858,-65.2995
Jujuy,2001,1,23.88,4.49,2.2,-24.1858,-65.2995
Jujuy,2001,2,22.87,7.6,1.75,-24.1858,-65.2995
Jujuy,2001,3,21.7,2.66,1.9,-24.1858,-65.2995
Jujuy,2001,4,19.09,2.59,2.13,-24.1858,-65.2995
Jujuy,2001,5,15.25,0.28,2.15,-24.1858,-65.2995
Jujuy,2001,6,14.53,0.45,1.87,-24.1858,-65.2995
Jujuy,2001,7,15.37,0.0,2.24,-24.1858,-65.2995
Jujuy,2001,8,19.12,0.06,2.28,-24.1858,-65.2995
Jujuy,2001,9,19.16,0.52,2.78,-24.1858,-65.2995
Jujuy,2001,10,22.57,1.01,2.79,-24.1858,-65.2995
Jujuy,2001,11,22.73,3.07,2.61,-24.1858,-65.2995
Jujuy,2001,12,23.04,3.76,2.18,-24.1858,-65.2995
Jujuy,2002,1,24.46,2.5,2.24,-24.1858,-65.2995
Jujuy,2002,2,22.78,3.91,2.42,-24.1858,-65.2995
Jujuy,2002,3,22.81,5.02,2.03,-24.1858,-65.2995
Jujuy,2002,4,19.4,0.82,2.08,-24.1858,-65.2995
Jujuy,2002,5,17.33,0.61,2.05,-24.1858,-65.2995
Jujuy,2002,6,12.73,0.25,2.07,-24.1858,-65.2995
Jujuy,2002,7,13.46,0.08,2.11,-24.1858,-65.2995
Jujuy,2002,8,18.07,0.02,2.32,-24.1858,-65.2995
Jujuy,2002,9,20.15,0.05,2.59,-24.1858,-65.2995
Jujuy,2002,10,24.25,3.25,2.48,-24.1858,-65.2995
Jujuy,2002,11,23.99,1.22,2.73,-24.1858,-65.2995
Jujuy,2002,12,23.41,5.26,2.53,-24.1858,-65.2995
Jujuy,2003,1,23.19,6.77,2.01,-24.1858,-65.2995
Jujuy,2003,2,22.3,5.43,2.01,-24.1858,-65.2995
Jujuy,2003,3,20.92,5.64,2.12,-24.1858,-65.2995
Jujuy,2003,4,18.7,0.76,1.82,-24.1858,-65.2995
Jujuy,2003,5,17.27,0.58,1.88,-24.1858,-65.2995
Jujuy,2003,6,17.54,0.22,1.9,-24.1858,-65.2995
Jujuy,2003,7,13.95,0.02,2.23,-24.1858,-65.2995
Jujuy,2003,8,14.89,0.03,2.29,-24.1858,-65.2995
Jujuy,2003,9,19.56,0.26,2.56,-24.1858,-65.2995
Jujuy,2003,10,22.86,8.33,2.57,-24.1858,-65.2995
Jujuy,2003,11,24.48,1.76,2.44,-24.1858,-65.2995
Jujuy,2003,12,22.93,5.53,2.47,-24.1858,-65.2995
Jujuy,2004,1,24.47,3.41,2.02,-24.1858,-65.2995
Jujuy,2004,2,21.92,5.22,2.13,-24.1858,-65.2995
Jujuy,2004,3,21.98,3.96,2.25,-24.1858,-65.2995
Jujuy,2004,4,19.69,2.62,2.11,-24.1858,-65.2995
Jujuy,2004,5,12.07,0.63,2.04,-24.1858,-65.2995
Jujuy,2004,6,13.98,0.16,1.81,-24.1858,-65.2995
Jujuy,2004,7,14.48,0.0,2.08,-24.1858,-65.2995
Jujuy,2004,8,16.88,0.12,2.41,-24.1858,-65.2995
Jujuy,2004,9,20.63,1.51,2.43,-24.1858,-65.2995
Jujuy,2004,10,22.5,0.59,2.87,-24.1858,-65.2995
Jujuy,2004,11,22.56,4.57,2.64,-24.1858,-65.2995
Jujuy,2004,12,23.28,6.46,2.33,-24.1858,-65.2995
Jujuy,2005,1,25.44,1.34,2.2,-24.1858,-65.2995
Jujuy,2005,2,23.7,4.89,2.15,-24.1858,-65.2995
Jujuy,2005,3,21.55,3.28,2.13,-24.1858,-65.2995
Jujuy,2005,4,18.14,0.78,2.23,-24.1858,-65.2995
Jujuy,2005,5,17.0,0.04,2.03,-24.1858,-65.2995
Jujuy,2005,6,16.59,0.05,2.01,-24.1858,-65.2995
Jujuy,2005,7,14.22,0.21,2.27,-24.1858,-65.2995
Jujuy,2005,8,17.89,0.02,2.33,-24.1858,-65.2995
Jujuy,2005,9,15.73,0.49,2.86,-24.1858,-65.2995
Jujuy,2005,10,21.63,0.2,2.84,-24.1858,-65.2995
Jujuy,2005,11,24.79,1.74,3.03,-24.1858,-65.2995
Jujuy,2005,12,23.13,7.29,2.35,-24.1858,-65.2995
Jujuy,2006,1,23.37,3.33,2.2,-24.1858,-65.2995
Jujuy,2006,2,22.68,4.48,2.19,-24.1858,-65.2995
Jujuy,2006,3,22.61,3.24,2.28,-24.1858,-65.2995
Jujuy,2006,4,18.83,3.52,2.07,-24.1858,-65.2995
Jujuy,2006,5,14.4,0.4,1.74,-24.1858,-65.2995
Jujuy,2006,6,15.92,0.04,1.9,-24.1858,-65.2995
Jujuy,2006,7,17.3,0.0,2.06,-24.1858,-65.2995
Jujuy,2006,8,17.2,0.02,2.36,-24.1858,-65.2995
Jujuy,2006,9,19.1,0.03,2.57,-24.1858,-65.2995
Jujuy,2006,10,24.44,1.03,2.73,-24.1858,-65.2995
Jujuy,2006,11,23.91,1.52,2.77,-24.1858,-65.2995
Jujuy,2006,12,24.53,6.2,2.49,-24.1858,-65.2995
Jujuy,2007,1,22.56,7.47,2.18,-24.1858,-65.2995
Jujuy,2007,2,21.65,7.88,2.14,-24.1858,-65.2995
Jujuy,2007,3,20.68,5.01,1.95,-24.1858,-65.2995
Jujuy,2007,4,19.39,1.01,1.85,-24.1858,-65.2995
Jujuy,2007,5,13.47,0.31,2.24,-24.1858,-65.2995
Jujuy,2007,6,14.12,0.03,1.89,-24.1858,-65.2995
Jujuy,2007,7,12.93,0.01,2.17,-24.1858,-65.2995
Jujuy,2007,8,12.8,0.02,2.56,-24.1858,-65.2995
Jujuy,2007,9,20.3,0.35,2.67,-24.1858,-65.2995
Jujuy,2007,10,24.05,1.08,2.73,-24.1858,-65.2995
Jujuy,2007,11,22.62,1.88,2.82,-24.1858,-65.2995
Jujuy,2007,12,23.75,3.85,2.4,-24.1858,-65.2995
Jujuy,2008,1,22.34,8.2,2.05,-24.1858,-65.2995
Jujuy,2008,2,21.37,7.86,2.0,-24.1858,-65.2995
Jujuy,2008,3,19.92,6.33,2.07,-24.1858,-65.2995
Jujuy,2008,4,17.31,1.02,1.77,-24.1858,-65.2995
Jujuy,2008,5,14.8,0.03,1.91,-24.1858,-65.2995
Jujuy,2008,6,11.98,0.04,1.93,-24.1858,-65.2995
Jujuy,2008,7,16.97,0.0,2.01,-24.1858,-65.2995
Jujuy,2008,8,16.84,0.02,2.47,-24.1858,-65.2995
Jujuy,2008,9,17.94,0.02,2.82,-24.1858,-65.2995
Jujuy,2008,10,22.18,0.71,2.87,-24.1858,-65.2995
Jujuy,2008,11,24.58,1.68,2.77,-24.1858,-65.2995
Jujuy,2008,12,22.98,7.44,2.2,-24.1858,-65.2995
Jujuy,2009,1,22.32,3.85,2.03,-24.1858,-65.2995
Jujuy,2009,2,22.53,5.6,1.92,-24.1858,-65.2995
Jujuy,2009,3,21.57,4.23,1.72,-24.1858,-65.2995
Jujuy,2009,4,20.45,2.04,1.8,-24.1858,-65.2995
Jujuy,2009,5,17.64,0.8,1.76,-24.1858,-65.2995
Jujuy,2009,6,13.11,0.0,1.87,-24.1858,-65.2995
Jujuy,2009,7,12.72,0.0,2.23,-24.1858,-65.2995
Jujuy,2009,8,17.49,0.0,2.27,-24.1858,-65.2995
Jujuy,2009,9,17.48,0.0,2.99,-24.1858,-65.2995
Jujuy,2009,10,23.01,0.09,2.91,-24.1858,-65.2995
Jujuy,2009,11,27.55,1.84,2.65,-24.1858,-65.2995
Jujuy,2009,12,23.45,7.01,2.4,-24.1858,-65.2995
Jujuy,2010,1,23.9,2.01,2.19,-24.1858,-65.2995
Jujuy,2010,2,24.12,8.02,2.14,-24.1858,-65.2995
Jujuy,2010,3,22.32,3.94,2.03,-24.1858,-65.2995
Jujuy,2010,4,18.0,0.93,2.07,-24.1858,-65.2995
Jujuy,2010,5,14.2,0.35,2.11,-24.1858,-65.2995
Jujuy,2010,6,14.07,0.08,2.01,-24.1858,-65.2995
Jujuy,2010,7,12.04,0.27,2.49,-24.1858,-65.2995
Jujuy,2010,8,14.56,0.79,2.48,-24.1858,-65.2995
Jujuy,2010,9,19.13,0.06,2.86,-24.1858,-65.2995
Jujuy,2010,10,21.24,0.21,3.03,-24.1858,-65.2995
Jujuy,2010,11,23.19,0.42,2.82,-24.1858,-65.2995
Jujuy,2010,12,24.44,4.11,2.44,-24.1858,-65.2995
Jujuy,2011,1,23.43,5.93,2.15,-24.1858,-65.2995
Jujuy,2011,2,20.68,6.4,1.94,-24.1858,-65.2995
Jujuy,2011,3,19.59,2.76,1.95,-24.1858,-65.2995
Jujuy,2011,4,18.89,1.44,1.95,-24.1858,-65.2995
Jujuy,2011,5,15.87,0.35,1.95,-24.1858,-65.2995
Jujuy,2011,6,14.04,0.22,2.2,-24.1858,-65.2995
Jujuy,2011,7,13.53,0.12,2.35,-24.1858,-65.2995
Jujuy,2011,8,15.89,0.03,2.46,-24.1858,-65.2995
Jujuy,2011,9,20.38,0.13,2.54,-24.1858,-65.2995
Jujuy,2011,10,22.59,0.37,2.85,-24.1858,-65.2995
Jujuy,2011,11,25.32,1.04,2.91,-24.1858,-65.2995
Jujuy,2011,12,23.02,5.6,2.27,-24.1858,-65.2995
Jujuy,2012,1,23.39,4.44,2.17,-24.1858,-65.2995
Jujuy,2012,2,22.71,4.99,2.05,-24.1858,-65.2995
Jujuy,2012,3,20.92,3.76,2.0,-24.1858,-65.2995
Jujuy,2012,4,18.78,2.69,2.11,-24.1858,-65.2995
Jujuy,2012,5,16.76,0.14,1.81,-24.1858,-65.2995
Jujuy,2012,6,14.47,0.04,2.0,-24.1858,-65.2995
Jujuy,2012,7,13.09,0.03,2.19,-24.1858,-65.2995
Jujuy,2012,8,17.55,0.0,2.41,-24.1858,-65.2995
Jujuy,2012,9,21.65,0.02,2.71,-24.1858,-65.2995
Jujuy,2012,10,24.21,0.27,2.89,-24.1858,-65.2995
Jujuy,2012,11,23.87,2.15,3.0,-24.1858,-65.2995
Jujuy,2012,12,25.95,2.53,2.75,-24.1858,-65.2995
Jujuy,2013,1,23.09,5.83,1.99,-24.1858,-65.2995
Jujuy,2013,2,23.51,2.97,2.01,-24.1858,-65.2995
Jujuy,2013,3,21.29,1.78,2.2,-24.1858,-65.2995
Jujuy,2013,4,20.71,0.17,2.07,-24.1858,-65.2995
Jujuy,2013,5,17.95,0.09,2.22,-24.1858,-65.2995
Jujuy,2013,6,15.38,0.56,2.05,-24.1858,-65.2995
Jujuy,2013,7,15.1,0.05,2.32,-24.1858,-65.2995
Jujuy,2013,8,14.72,0.01,2.33,-24.1858,-65.2995
Jujuy,2013,9,18.62,0.04,3.03,-24.1858,-65.2995
Jujuy,2013,10,22.27,0.93,2.88,-24.1858,-65.2995
Jujuy,2013,11,23.97,1.33,2.78,-24.1858,-65.2995
Jujuy,2013,12,25.29,5.11,2.13,-24.1858,-65.2995
Jujuy,2014,1,23.6,6.39,2.2,-24.1858,-65.2995
Jujuy,2014,2,21.83,5.26,2.16,-24.1858,-65.2995
Jujuy,2014,3,20.34,3.32,2.14,-24.1858,-65.2995
Jujuy,2014,4,19.07,1.3,2.1,-24.1858,-65.2995
Jujuy,2014,5,16.74,1.4,1.96,-24.1858,-65.2995
Jujuy,2014,6,13.76,0.36,2.16,-24.1858,-65.2995
Jujuy,2014,7,13.96,0.05,2.08,-24.1858,-65.2995
Jujuy,2014,8,18.24,0.84,2.3,-24.1858,-65.2995
Jujuy,2014,9,21.76,0.25,2.69,-24.1858,-65.2995
Jujuy,2014,10,25.02,1.54,2.59,-24.1858,-65.2995
Jujuy,2014,11,23.57,1.77,2.67,-24.1858,-65.2995
Jujuy,2014,12,24.05,4.11,2.64,-24.1858,-65.2995
Jujuy,2015,1,23.64,5.07,1.96,-24.1858,-65.2995
Jujuy,2015,2,22.19,6.89,1.94,-24.1858,-65.2995
Jujuy,2015,3,20.85,5.19,1.94,-24.1858,-65.2995
Jujuy,2015,4,19.44,2.66,1.93,-24.1858,-65.2995
Jujuy,2015,5,16.36,0.59,1.75,-24.1858,-65.2995
Jujuy,2015,6,15.78,0.1,1.81,-24.1858,-65.2995
Jujuy,2015,7,14.07,0.21,2.02,-24.1858,-65.2995
Jujuy,2015,8,18.62,0.57,2.49,-24.1858,-65.2995
Jujuy,2015,9,20.47,0.17,2.69,-24.1858,-65.2995
Jujuy,2015,10,21.77,0.23,2.92,-24.1858,-65.2995
Jujuy,2015,11,23.2,1.93,3.0,-24.1858,-65.2995
Jujuy,2015,12,25.83,2.23,2.67,-24.1858,-65.2995
Jujuy,2016,1,24.23,7.98,2.25,-24.1858,-65.2995
Jujuy,2016,2,23.83,7.91,1.93,-24.1858,-65.2995
Jujuy,2016,3,19.87,3.74,2.16,-24.1858,-65.2995
Jujuy,2016,4,19.55,1.83,2.05,-24.1858,-65.2995
Jujuy,2016,5,13.74,0.61,2.32,-24.1858,-65.2995
Jujuy,2016,6,11.08,0.49,2.33,-24.1858,-65.2995
Jujuy,2016,7,13.99,0.12,2.12,-24.1858,-65.2995
Jujuy,2016,8,17.51,0.21,2.17,-24.1858,-65.2995
Jujuy,2016,9,18.74,0.28,2.47,-24.1858,-65.2995
Jujuy,2016,10,22.37,1.15,2.91,-24.1858,-65.2995
Jujuy,2016,11,22.48,4.44,2.58,-24.1858,-65.2995
Jujuy,2016,12,24.4,2.65,2.26,-24.1858,-65.2995
Jujuy,2017,1,24.99,5.03,1.71,-24.1858,-65.2995
Jujuy,2017,2,24.54,3.19,2.28,-24.1858,-65.2995
Jujuy,2017,3,21.79,5.98,2.25,-24.1858,-65.2995
Jujuy,2017,4,17.73,1.95,2.01,-24.1858,-65.2995
Jujuy,2017,5,15.77,0.26,2.17,-24.1858,-65.2995
Jujuy,2017,6,14.73,0.18,2.1,-24.1858,-65.2995
Jujuy,2017,7,16.39,0.3,2.04,-24.1858,-65.2995
Jujuy,2017,8,18.07,0.04,2.49,-24.1858,-65.2995
Jujuy,2017,9,20.05,0.12,2.49,-24.1858,-65.2995
Jujuy,2017,10,22.54,0.44,2.91,-24.1858,-65.2995
Jujuy,2017,11,23.8,0.9,2.79,-24.1858,-65.2995
Jujuy,2017,12,24.64,3.82,2.42,-24.1858,-65.2995
Jujuy,2018,1,23.51,5.1,2.32,-24.1858,-65.2995
Jujuy,2018,2,21.65,5.62,1.87,-24.1858,-65.2995
Jujuy,2018,3,20.93,2.26,1.88,-24.1858,-65.2995
Jujuy,2018,4,20.66,4.72,1.82,-24.1858,-65.2995
Jujuy,2018,5,17.45,0.95,1.7,-24.1858,-65.2995
Jujuy,2018,6,12.43,0.03,2.12,-24.1858,-65.2995
Jujuy,2018,7,12.67,0.35,2.24,-24.1858,-65.2995
Jujuy,2018,8,15.27,0.0,2.24,-24.1858,-65.2995
Jujuy,2018,9,21.71,0.26,2.42,-24.1858,-65.2995
Jujuy,2018,10,22.07,4.05,2.73,-24.1858,-65.2995
Jujuy,2018,11,23.17,1.93,2.64,-24.1858,-65.2995
Jujuy,2018,12,22.95,4.84,2.25,-24.1858,-65.2995
Jujuy,2019,1,24.02,4.55,2.12,-24.1858,-65.2995
Jujuy,2019,2,23.08,3.55,1.89,-24.1858,-65.2995
Jujuy,2019,3,20.96,4.02,2.3,-24.1858,-65.2995
Jujuy,2019,4,19.36,3.16,1.85,-24.1858,-65.2995
Jujuy,2019,5,15.88,0.42,2.03,-24.1858,-65.2995
Jujuy,2019,6,15.59,0.29,1.94,-24.1858,-65.2995
Jujuy,2019,7,13.83,0.05,2.03,-24.1858,-65.2995
Jujuy,2019,8,15.95,0.0,2.24,-24.1858,-65.2995
Jujuy,2019,9,19.25,0.01,2.83,-24.1858,-65.2995
Jujuy,2019,10,22.56,0.62,2.84,-24.1858,-65.2995
Jujuy,2019,11,25.32,4.52,2.59,-24.1858,-65.2995
Jujuy,2019,12,23.32,8.24,2.42,-24.1858,-65.2995
Jujuy,2020,1,23.85,6.4,1.89,-24.1858,-65.2995
Jujuy,2020,2,21.87,8.46,1.98,-24.1858,-65.2995
Jujuy,2020,3,22.51,2.32,2.03,-24.1858,-65.2995
Jujuy,2020,4,18.88,1.95,1.91,-24.1858,-65.2995
Jujuy,2020,5,16.95,0.09,1.83,-24.1858,-65.2995
Jujuy,2020,6,15.69,0.1,2.19,-24.1858,-65.2995
Jujuy,2020,7,14.25,0.05,2.19,-24.1858,-65.2995
Jujuy,2020,8,17.72,0.08,2.46,-24.1858,-65.2995
Jujuy,2020,9,20.06,0.12,2.66,-24.1858,-65.2995
Jujuy,2020,10,24.19,1.34,2.73,-24.1858,-65.2995
Jujuy,2020,11,23.77,2.56,2.69,-24.1858,-65.2995
Jujuy,2020,12,24.71,2.52,2.55,-24.1858,-65.2995
Jujuy,2021,1,23.31,6.07,2.09,-24.1858,-65.2995
Jujuy,2021,2,21.89,4.64,2.12,-24.1858,-65.2995
Jujuy,2021,3,20.36,8.2,2.07,-24.1858,-65.2995
Jujuy,2021,4,18.3,1.49,2.04,-24.1858,-65.2995
Jujuy,2021,5,15.02,0.62,1.97,-24.1858,-65.2995
Jujuy,2021,6,13.16,0.21,2.24,-24.1858,-65.2995
Jujuy,2021,7,14.6,0.0,2.05,-24.1858,-65.2995
Jujuy,2021,8,16.93,0.0,2.31,-24.1858,-65.2995
Jujuy,2021,9,21.5,0.21,2.66,-24.1858,-65.2995
Jujuy,2021,10,22.61,0.26,3.12,-24.1858,-65.2995
Jujuy,2021,11,23.13,1.43,2.97,-24.1858,-65.2995
Jujuy,2021,12,24.55,3.78,2.28,-24.1858,-65.2995
Jujuy,2022,1,25.7,7.52,1.97,-24.1858,-65.2995
Jujuy,2022,2,22.07,3.85,2.0,-24.1858,-65.2995
Jujuy,2022,3,19.71,15.82,1.85,-24.1858,-65.2995
Jujuy,2022,4,18.17,14.09,1.92,-24.1858,-65.2995
Jujuy,2022,5,14.48,0.26,1.83,-24.1858,-65.2995
Jujuy,2022,6,12.64,0.0,2.03,-24.1858,-65.2995
Jujuy,2022,7,16.66,0.01,2.12,-24.1858,-65.2995
Jujuy,2022,8,16.5,0.03,2.38,-24.1858,-65.2995
Jujuy,2022,9,17.44,0.54,2.9,-24.1858,-65.2995
Jujuy,2022,10,21.48,0.14,2.93,-24.1858,-65.2995
Jujuy,2022,11,24.06,0.57,2.46,-24.1858,-65.2995
Jujuy,2022,12,25.08,2.33,2.46,-24.1858,-65.2995
Jujuy,2023,1,25.03,4.54,2.42,-24.1858,-65.2995
Jujuy,2023,2,23.51,2.7,2.05,-24.1858,-65.2995
Jujuy,2023,3,24.29,3.94,2.07,-24.1858,-65.2995
Jujuy,2023,4,19.0,3.29,2.11,-24.1858,-65.2995
Jujuy,2023,5,17.45,0.08,1.85,-24.1858,-65.2995
Jujuy,2023,6,15.99,0.0,1.82,-24.1858,-65.2995
Jujuy,2023,7,16.51,0.02,2.05,-24.1858,-65.2995
Jujuy,2023,8,19.92,0.0,2.38,-24.1858,-65.2995
Jujuy,2023,9,22.44,0.24,2.81,-24.1858,-65.2995
Jujuy,2023,10,24.43,0.55,3.12,-24.1858,-65.2995
Jujuy,2023,11,25.88,1.36,2.91,-24.1858,-65.2995
Jujuy,2023,12,24.95,6.21,2.51,-24.1858,-65.2995
La Pampa,1981,1,23.78,2.59,0.37,-36.6167,-64.2833
La Pampa,1981,2,23.5,1.82,0.43,-36.6167,-64.2833
La Pampa,1981,3,20.28,2.92,0.34,-36.6167,-64.2833
La Pampa,1981,4,16.34,3.5,0.33,-36.6167,-64.2833
La Pampa,1981,5,12.75,1.98,0.41,-36.6167,-64.2833
La Pampa,1981,6,7.19,0.62,0.45,-36.6167,-64.2833
La Pampa,1981,7,7.58,0.14,0.62,-36.6167,-64.2833
La Pampa,1981,8,10.48,0.09,0.63,-36.6167,-64.2833
La Pampa,1981,9,11.93,0.4,0.56,-36.6167,-64.2833
La Pampa,1981,10,16.38,1.48,0.41,-36.6167,-64.2833
La Pampa,1981,11,19.24,4.49,0.38,-36.6167,-64.2833
La Pampa,1981,12,22.77,2.12,0.35,-36.6167,-64.2833
La Pampa,1982,1,24.56,3.43,0.37,-36.6167,-64.2833
La Pampa,1982,2,21.87,2.18,0.39,-36.6167,-64.2833
La Pampa,1982,3,20.93,3.05,0.34,-36.6167,-64.2833
La Pampa,1982,4,16.71,4.89,0.36,-36.6167,-64.2833
La Pampa,1982,5,12.05,1.98,0.38,-36.6167,-64.2833
La Pampa,1982,6,6.21,0.9,0.47,-36.6167,-64.2833
La Pampa,1982,7,6.69,0.6,0.52,-36.6167,-64.2833
La Pampa,1982,8,9.37,0.03,0.64,-36.6167,-64.2833
La Pampa,1982,9,13.23,2.62,0.57,-36.6167,-64.2833
La Pampa,1982,10,15.67,1.44,0.46,-36.6167,-64.2833
La Pampa,1982,11,18.6,2.2,0.36,-36.6167,-64.2833
La Pampa,1982,12,24.24,2.49,0.34,-36.6167,-64.2833
La Pampa,1983,1,23.69,4.81,0.32,-36.6167,-64.2833
La Pampa,1983,2,21.89,2.0,0.37,-36.6167,-64.2833
La Pampa,1983,3,20.12,3.97,0.41,-36.6167,-64.2833
La Pampa,1983,4,15.16,1.97,0.35,-36.6167,-64.2833
La Pampa,1983,5,10.89,1.24,0.42,-36.6167,-64.2833
La Pampa,1983,6,5.13,0.22,0.45,-36.6167,-64.2833
La Pampa,1983,7,5.91,0.1,0.61,-36.6167,-64.2833
La Pampa,1983,8,8.75,2.25,0.72,-36.6167,-64.2833
La Pampa,1983,9,11.27,0.35,0.56,-36.6167,-64.2833
La Pampa,1983,10,17.42,2.25,0.42,-36.6167,-64.2833
La Pampa,1983,11,21.12,0.8,0.34,-36.6167,-64.2833
La Pampa,1983,12,24.33,5.72,0.34,-36.6167,-64.2833
La Pampa,1984,1,24.27,2.01,0.34,-36.6167,-64.2833
La Pampa,1984,2,21.73,5.76,0.34,-36.6167,-64.2833
La Pampa,1984,3,18.84,4.02,0.34,-36.6167,-64.2833
La Pampa,1984,4,13.8,1.48,0.38,-36.6167,-64.2833
La Pampa,1984,5,9.47,0.91,0.45,-36.6167,-64.2833
La Pampa,1984,6,5.04,0.52,0.45,-36.6167,-64.2833
La Pampa,1984,7,5.74,0.57,0.57,-36.6167,-64.2833
La Pampa,1984,8,8.11,0.86,0.63,-36.6167,-64.2833
La Pampa,1984,9,12.77,3.15,0.56,-36.6167,-64.2833
La Pampa,1984,10,16.81,1.84,0.46,-36.6167,-64.2833
La Pampa,1984,11,18.3,4.02,0.38,-36.6167,-64.2833
La Pampa,1984,12,20.14,2.19,0.33,-36.6167,-64.2833
La Pampa,1985,1,22.13,6.2,0.33,-36.6167,-64.2833
La Pampa,1985,2,21.92,2.64,0.37,-36.6167,-64.2833
La Pampa,1985,3,20.11,1.33,0.4,-36.6167,-64.2833
La Pampa,1985,4,14.76,1.82,0.38,-36.6167,-64.2833
La Pampa,1985,5,11.75,0.33,0.46,-36.6167,-64.2833
La Pampa,1985,6,9.67,0.26,0.44,-36.6167,-64.2833
La Pampa,1985,7,7.95,5.68,0.66,-36.6167,-64.2833
La Pampa,1985,8,8.71,0.09,0.56,-36.6167,-64.2833
La Pampa,1985,9,11.92,2.39,0.55,-36.6167,-64.2833
La Pampa,1985,10,14.54,5.03,0.42,-36.6167,-64.2833
La Pampa,1985,11,19.36,4.06,0.32,-36.6167,-64.2833
La Pampa,1985,12,22.1,4.42,0.3,-36.6167,-64.2833
La Pampa,1986,1,22.8,7.38,0.33,-36.6167,-64.2833
La Pampa,1986,2,21.76,3.31,0.36,-36.6167,-64.2833
La Pampa,1986,3,17.66,2.69,0.33,-36.6167,-64.2833
La Pampa,1986,4,14.91,5.16,0.37,-36.6167,-64.2833
La Pampa,1986,5,10.1,0.44,0.39,-36.6167,-64.2833
La Pampa,1986,6,8.31,0.47,0.48,-36.6167,-64.2833
La Pampa,1986,7,9.07,0.1,0.58,-36.6167,-64.2833
La Pampa,1986,8,9.25,0.67,0.64,-36.6167,-64.2833
La Pampa,1986,9,11.99,1.25,0.57,-36.6167,-64.2833
La Pampa,1986,10,16.62,1.72,0.38,-36.6167,-64.2833
La Pampa,1986,11,19.32,1.97,0.4,-36.6167,-64.2833
La Pampa,1986,12,24.07,2.89,0.39,-36.6167,-64.2833
La Pampa,1987,1,24.92,3.59,0.32,-36.6167,-64.2833
La Pampa,1987,2,24.17,3.52,0.39,-36.6167,-64.2833
La Pampa,1987,3,18.84,4.27,0.35,-36.6167,-64.2833
La Pampa,1987,4,15.9,1.97,0.34,-36.6167,-64.2833
La Pampa,1987,5,8.71,0.17,0.42,-36.6167,-64.2833
La Pampa,1987,6,8.5,0.08,0.49,-36.6167,-64.2833
La Pampa,1987,7,8.92,1.35,0.58,-36.6167,-64.2833
La Pampa,1987,8,8.07,2.34,0.68,-36.6167,-64.2833
La Pampa,1987,9,10.82,0.75,0.56,-36.6167,-64.2833
La Pampa,1987,10,16.54,1.97,0.4,-36.6167,-64.2833
La Pampa,1987,11,19.71,4.53,0.36,-36.6167,-64.2833
La Pampa,1987,12,21.68,1.29,0.36,-36.6167,-64.2833
La Pampa,1988,1,24.44,1.25,0.35,-36.6167,-64.2833
La Pampa,1988,2,24.28,2.59,0.32,-36.6167,-64.2833
La Pampa,1988,3,20.19,3.68,0.36,-36.6167,-64.2833
La Pampa,1988,4,14.4,1.46,0.34,-36.6167,-64.2833
La Pampa,1988,5,9.08,0.3,0.4,-36.6167,-64.2833
La Pampa,1988,6,7.55,0.45,0.49,-36.6167,-64.2833
La Pampa,1988,7,5.34,0.11,0.64,-36.6167,-64.2833
La Pampa,1988,8,9.56,0.72,0.67,-36.6167,-64.2833
La Pampa,1988,9,11.67,5.08,0.59,-36.6167,-64.2833
La Pampa,1988,10,14.49,0.38,0.48,-36.6167,-64.2833
La Pampa,1988,11,21.27,3.81,0.38,-36.6167,-64.2833
La Pampa,1988,12,24.11,2.2,0.34,-36.6167,-64.2833
La Pampa,1989,1,25.71,1.16,0.36,-36.6167,-64.2833
La Pampa,1989,2,25.29,2.79,0.35,-36.6167,-64.2833
La Pampa,1989,3,18.78,4.19,0.34,-36.6167,-64.2833
La Pampa,1989,4,16.11,0.32,0.37,-36.6167,-64.2833
La Pampa,1989,5,11.11,2.16,0.4,-36.6167,-64.2833
La Pampa,1989,6,9.26,0.54,0.45,-36.6167,-64.2833
La Pampa,1989,7,7.31,1.81,0.64,-36.6167,-64.2833
La Pampa,1989,8,10.0,1.97,0.62,-36.6167,-64.2833
La Pampa,1989,9,10.89,0.75,0.54,-36.6167,-64.2833
La Pampa,1989,10,15.25,1.47,0.45,-36.6167,-64.2833
La Pampa,1989,11,20.41,3.01,0.37,-36.6167,-64.2833
La Pampa,1989,12,23.93,6.1,0.3,-36.6167,-64.2833
La Pampa,1990,1,24.68,2.73,0.35,-36.6167,-64.2833
La Pampa,1990,2,22.66,3.22,0.31,-36.6167,-64.2833
La Pampa,1990,3,18.42,2.88,0.36,-36.6167,-64.2833
La Pampa,1990,4,14.62,0.98,0.36,-36.6167,-64.2833
La Pampa,1990,5,10.3,2.81,0.42,-36.6167,-64.2833
La Pampa,1990,6,7.02,0.02,0.51,-36.6167,-64.2833
La Pampa,1990,7,7.15,0.27,0.65,-36.6167,-64.2833
La Pampa,1990,8,11.73,0.1,0.65,-36.6167,-64.2833
La Pampa,1990,9,11.38,1.85,0.58,-36.6167,-64.2833
La Pampa,1990,10,17.0,3.56,0.45,-36.6167,-64.2833
La Pampa,1990,11,20.54,2.07,0.39,-36.6167,-64.2833
La Pampa,1990,12,23.58,2.09,0.39,-36.6167,-64.2833
La Pampa,1991,1,23.53,5.97,0.36,-36.6167,-64.2833
La Pampa,1991,2,22.28,2.57,0.32,-36.6167,-64.2833
La Pampa,1991,3,21.51,0.9,0.36,-36.6167,-64.2833
La Pampa,1991,4,16.56,0.93,0.31,-36.6167,-64.2833
La Pampa,1991,5,13.19,1.59,0.36,-36.6167,-64.2833
La Pampa,1991,6,7.37,1.71,0.47,-36.6167,-64.2833
La Pampa,1991,7,6.5,0.6,0.56,-36.6167,-64.2833
La Pampa,1991,8,8.8,1.73,0.63,-36.6167,-64.2833
La Pampa,1991,9,12.25,2.28,0.57,-36.6167,-64.2833
La Pampa,1991,10,14.78,1.52,0.43,-36.6167,-64.2833
La Pampa,1991,11,18.95,5.18,0.32,-36.6167,-64.2833
La Pampa,1991,12,20.29,7.67,0.31,-36.6167,-64.2833
La Pampa,1992,1,23.25,2.88,0.32,-36.6167,-64.2833
La Pampa,1992,2,22.11,3.48,0.33,-36.6167,-64.2833
La Pampa,1992,3,20.85,5.29,0.34,-36.6167,-64.2833
La Pampa,1992,4,14.31,1.01,0.38,-36.6167,-64.2833
La Pampa,1992,5,9.96,2.11,0.42,-36.6167,-64.2833
La Pampa,1992,6,8.05,0.79,0.47,-36.6167,-64.2833
La Pampa,1992,7,4.18,0.09,0.57,-36.6167,-64.2833
La Pampa,1992,8,9.45,3.31,0.62,-36.6167,-64.2833
La Pampa,1992,9,11.58,3.92,0.55,-36.6167,-64.2833
La Pampa,1992,10,15.4,0.52,0.45,-36.6167,-64.2833
La Pampa,1992,11,17.54,4.52,0.33,-36.6167,-64.2833
La Pampa,1992,12,19.82,8.73,0.32,-36.6167,-64.2833
La Pampa,1993,1,22.25,4.27,0.32,-36.6167,-64.2833
La Pampa,1993,2,22.86,3.38,0.36,-36.6167,-64.2833
La Pampa,1993,3,20.75,4.44,0.31,-36.6167,-64.2833
La Pampa,1993,4,14.39,2.43,0.37,-36.6167,-64.2833
La Pampa,1993,5,9.82,1.02,0.4,-36.6167,-64.2833
La Pampa,1993,6,7.47,0.85,0.45,-36.6167,-64.2833
La Pampa,1993,7,5.14,0.12,0.55,-36.6167,-64.2833
La Pampa,1993,8,9.48,0.14,0.63,-36.6167,-64.2833
La Pampa,1993,9,11.83,1.04,0.48,-36.6167,-64.2833
La Pampa,1993,10,16.5,1.36,0.43,-36.6167,-64.2833
La Pampa,1993,11,18.83,5.12,0.37,-36.6167,-64.2833
La Pampa,1993,12,23.04,2.45,0.37,-36.6167,-64.2833
La Pampa,1994,1,23.57,4.62,0.33,-36.6167,-64.2833
La Pampa,1994,2,22.23,2.7,0.35,-36.6167,-64.2833
La Pampa,1994,3,20.87,2.1,0.35,-36.6167,-64.2833
La Pampa,1994,4,15.04,1.66,0.34,-36.6167,-64.2833
La Pampa,1994,5,11.97,2.11,0.38,-36.6167,-64.2833
La Pampa,1994,6,8.97,0.6,0.52,-36.6167,-64.2833
La Pampa,1994,7,6.59,1.39,0.6,-36.6167,-64.2833
La Pampa,1994,8,8.32,1.58,0.66,-36.6167,-64.2833
La Pampa,1994,9,12.65,0.22,0.55,-36.6167,-64.2833
La Pampa,1994,10,15.96,1.61,0.42,-36.6167,-64.2833
La Pampa,1994,11,21.56,0.76,0.36,-36.6167,-64.2833
La Pampa,1994,12,26.16,2.56,0.34,-36.6167,-64.2833
La Pampa,1995,1,23.69,2.93,0.36,-36.6167,-64.2833
La Pampa,1995,2,22.5,1.27,0.34,-36.6167,-64.2833
La Pampa,1995,3,19.99,2.61,0.33,-36.6167,-64.2833
La Pampa,1995,4,15.15,2.14,0.35,-36.6167,-64.2833
La Pampa,1995,5,11.57,0.44,0.4,-36.6167,-64.2833
La Pampa,1995,6,7.7,0.16,0.5,-36.6167,-64.2833
La Pampa,1995,7,6.44,0.02,0.57,-36.6167,-64.2833
La Pampa,1995,8,8.48,0.25,0.62,-36.6167,-64.2833
La Pampa,1995,9,12.46,0.54,0.6,-36.6167,-64.2833
La Pampa,1995,10,15.99,3.16,0.48,-36.6167,-64.2833
La Pampa,1995,11,20.96,1.45,0.36,-36.6167,-64.2833
La Pampa,1995,12,25.71,1.63,0.34,-36.6167,-64.2833
La Pampa,1996,1,23.31,4.29,0.34,-36.6167,-64.2833
La Pampa,1996,2,21.44,4.83,0.36,-36.6167,-64.2833
La Pampa,1996,3,20.21,3.13,0.31,-36.6167,-64.2833
La Pampa,1996,4,14.1,1.86,0.35,-36.6167,-64.2833
La Pampa,1996,5,12.3,0.68,0.38,-36.6167,-64.2833
La Pampa,1996,6,6.0,0.31,0.43,-36.6167,-64.2833
La Pampa,1996,7,6.14,0.43,0.56,-36.6167,-64.2833
La Pampa,1996,8,10.73,1.09,0.66,-36.6167,-64.2833
La Pampa,1996,9,11.56,0.52,0.58,-36.6167,-64.2833
La Pampa,1996,10,16.84,2.2,0.44,-36.6167,-64.2833
La Pampa,1996,11,20.62,4.27,0.37,-36.6167,-64.2833
La Pampa,1996,12,19.74,11.56,0.35,-36.6167,-64.2833
La Pampa,1997,1,24.5,2.87,0.32,-36.6167,-64.2833
La Pampa,1997,2,22.46,0.8,0.4,-36.6167,-64.2833
La Pampa,1997,3,20.04,4.78,0.3,-36.6167,-64.2833
La Pampa,1997,4,16.48,1.54,0.34,-36.6167,-64.2833
La Pampa,1997,5,13.15,1.62,0.4,-36.6167,-64.2833
La Pampa,1997,6,7.95,2.78,0.53,-36.6167,-64.2833
La Pampa,1997,7,8.25,1.72,0.57,-36.6167,-64.2833
La Pampa,1997,8,9.25,0.35,0.59,-36.6167,-64.2833
La Pampa,1997,9,12.42,0.55,0.5,-36.6167,-64.2833
La Pampa,1997,10,14.82,3.9,0.4,-36.6167,-64.2833
La Pampa,1997,11,18.35,1.88,0.36,-36.6167,-64.2833
La Pampa,1997,12,21.49,4.07,0.33,-36.6167,-64.2833
La Pampa,1998,1,22.76,3.03,0.35,-36.6167,-64.2833
La Pampa,1998,2,19.45,6.17,0.36,-36.6167,-64.2833
La Pampa,1998,3,18.29,0.46,0.32,-36.6167,-64.2833
La Pampa,1998,4,15.17,3.27,0.4,-36.6167,-64.2833
La Pampa,1998,5,11.95,1.57,0.32,-36.6167,-64.2833
La Pampa,1998,6,8.21,0.61,0.47,-36.6167,-64.2833
La Pampa,1998,7,8.93,0.37,0.53,-36.6167,-64.2833
La Pampa,1998,8,9.47,0.49,0.58,-36.6167,-64.2833
La Pampa,1998,9,11.25,1.42,0.6,-36.6167,-64.2833
La Pampa,1998,10,18.06,1.69,0.41,-36.6167,-64.2833
La Pampa,1998,11,20.15,1.96,0.35,-36.6167,-64.2833
La Pampa,1998,12,23.93,1.91,0.34,-36.6167,-64.2833
La Pampa,1999,1,23.89,2.57,0.35,-36.6167,-64.2833
La Pampa,1999,2,23.77,3.66,0.33,-36.6167,-64.2833
La Pampa,1999,3,18.2,5.89,0.34,-36.6167,-64.2833
La Pampa,1999,4,12.39,5.24,0.35,-36.6167,-64.2833
La Pampa,1999,5,9.79,0.64,0.38,-36.6167,-64.2833
La Pampa,1999,6,5.63,0.92,0.42,-36.6167,-64.2833
La Pampa,1999,7,5.72,0.47,0.62,-36.6167,-64.2833
La Pampa,1999,8,8.63,0.24,0.62,-36.6167,-64.2833
La Pampa,1999,9,12.96,2.01,0.58,-36.6167,-64.2833
La Pampa,1999,10,15.53,3.98,0.43,-36.6167,-64.2833
La Pampa,1999,11,18.5,5.77,0.37,-36.6167,-64.2833
La Pampa,1999,12,20.78,3.2,0.3,-36.6167,-64.2833
La Pampa,2000,1,24.08,3.78,0.29,-36.6167,-64.2833
La Pampa,2000,2,21.78,4.39,0.34,-36.6167,-64.2833
La Pampa,2000,3,17.61,4.38,0.34,-36.6167,-64.2833
La Pampa,2000,4,15.11,1.89,0.32,-36.6167,-64.2833
La Pampa,2000,5,10.56,3.27,0.39,-36.6167,-64.2833
La Pampa,2000,6,7.21,0.37,0.46,-36.6167,-64.2833
La Pampa,2000,7,5.08,0.25,0.65,-36.6167,-64.2833
La Pampa,2000,8,7.57,0.8,0.63,-36.6167,-64.2833
La Pampa,2000,9,11.31,1.05,0.56,-36.6167,-64.2833
La Pampa,2000,10,14.5,6.54,0.43,-36.6167,-64.2833
La Pampa,2000,11,17.72,1.78,0.34,-36.6167,-64.2833
La Pampa,2000,12,23.23,0.74,0.39,-36.6167,-64.2833
La Pampa,2001,1,26.08,2.66,0.34,-36.6167,-64.2833
La Pampa,2001,2,25.22,6.61,0.36,-36.6167,-64.2833
La Pampa,2001,3,19.65,7.48,0.36,-36.6167,-64.2833
La Pampa,2001,4,13.33,5.3,0.33,-36.6167,-64.2833
La Pampa,2001,5,9.51,0.15,0.36,-36.6167,-64.2833
La Pampa,2001,6,7.19,0.54,0.49,-36.6167,-64.2833
La Pampa,2001,7,5.77,0.19,0.59,-36.6167,-64.2833
La Pampa,2001,8,9.77,1.27,0.66,-36.6167,-64.2833
La Pampa,2001,9,11.43,4.87,0.56,-36.6167,-64.2833
La Pampa,2001,10,15.63,6.43,0.44,-36.6167,-64.2833
La Pampa,2001,11,16.93,2.24,0.38,-36.6167,-64.2833
La Pampa,2001,12,23.24,1.55,0.33,-36.6167,-64.2833
La Pampa,2002,1,23.26,4.88,0.32,-36.6167,-64.2833
La Pampa,2002,2,22.78,0.58,0.35,-36.6167,-64.2833
La Pampa,2002,3,20.15,1.79,0.37,-36.6167,-64.2833
La Pampa,2002,4,14.52,2.03,0.35,-36.6167,-64.2833
La Pampa,2002,5,11.57,1.73,0.39,-36.6167,-64.2833
La Pampa,2002,6,5.39,0.52,0.5,-36.6167,-64.2833
La Pampa,2002,7,7.13,0.97,0.6,-36.6167,-64.2833
La Pampa,2002,8,9.26,2.83,0.7,-36.6167,-64.2833
La Pampa,2002,9,11.92,1.26,0.57,-36.6167,-64.2833
La Pampa,2002,10,16.26,2.73,0.46,-36.6167,-64.2833
La Pampa,2002,11,20.16,1.28,0.4,-36.6167,-64.2833
La Pampa,2002,12,22.57,4.07,0.32,-36.6167,-64.2833
La Pampa,2003,1,25.62,1.42,0.35,-36.6167,-64.2833
La Pampa,2003,2,23.86,0.78,0.37,-36.6167,-64.2833
La Pampa,2003,3,22.55,1.6,0.36,-36.6167,-64.2833
La Pampa,2003,4,15.49,1.68,0.33,-36.6167,-64.2833
La Pampa,2003,5,11.53,0.53,0.38,-36.6167,-64.2833
La Pampa,2003,6,9.17,0.02,0.48,-36.6167,-64.2833
La Pampa,2003,7,7.07,0.1,0.64,-36.6167,-64.2833
La Pampa,2003,8,8.42,0.49,0.74,-36.6167,-64.2833
La Pampa,2003,9,13.54,0.62,0.58,-36.6167,-64.2833
La Pampa,2003,10,18.25,2.36,0.47,-36.6167,-64.2833
La Pampa,2003,11,20.62,2.29,0.39,-36.6167,-64.2833
La Pampa,2003,12,22.01,2.51,0.41,-36.6167,-64.2833
La Pampa,2004,1,26.61,1.68,0.32,-36.6167,-64.2833
La Pampa,2004,2,22.8,2.25,0.35,-36.6167,-64.2833
La Pampa,2004,3,22.61,2.73,0.38,-36.6167,-64.2833
La Pampa,2004,4,15.78,2.94,0.35,-36.6167,-64.2833
La Pampa,2004,5,9.2,0.32,0.39,-36.6167,-64.2833
La Pampa,2004,6,8.63,0.13,0.48,-36.6167,-64.2833
La Pampa,2004,7,8.03,2.47,0.66,-36.6167,-64.2833
La Pampa,2004,8,8.83,1.42,0.64,-36.6167,-64.2833
La Pampa,2004,9,12.94,0.31,0.57,-36.6167,-64.2833
La Pampa,2004,10,15.69,2.91,0.49,-36.6167,-64.2833
La Pampa,2004,11,19.03,3.05,0.33,-36.6167,-64.2833
La Pampa,2004,12,21.69,4.95,0.35,-36.6167,-64.2833
La Pampa,2005,1,23.94,1.29,0.37,-36.6167,-64.2833
La Pampa,2005,2,24.53,1.58,0.33,-36.6167,-64.2833
La Pampa,2005,3,19.91,3.49,0.38,-36.6167,-64.2833
La Pampa,2005,4,14.25,0.02,0.37,-36.6167,-64.2833
La Pampa,2005,5,10.63,0.85,0.39,-36.6167,-64.2833
La Pampa,2005,6,7.82,0.77,0.47,-36.6167,-64.2833
La Pampa,2005,7,7.37,0.36,0.59,-36.6167,-64.2833
La Pampa,2005,8,9.05,0.56,0.66,-36.6167,-64.2833
La Pampa,2005,9,11.95,2.09,0.57,-36.6167,-64.2833
La Pampa,2005,10,15.38,2.11,0.43,-36.6167,-64.2833
La Pampa,2005,11,21.45,0.79,0.39,-36.6167,-64.2833
La Pampa,2005,12,22.62,2.91,0.39,-36.6167,-64.2833
La Pampa,2006,1,24.62,2.18,0.36,-36.6167,-64.2833
La Pampa,2006,2,23.11,4.05,0.36,-36.6167,-64.2833
La Pampa,2006,3,18.45,3.43,0.34,-36.6167,-64.2833
La Pampa,2006,4,15.9,0.8,0.34,-36.6167,-64.2833
La Pampa,2006,5,10.38,0.01,0.37,-36.6167,-64.2833
La Pampa,2006,6,9.0,0.18,0.53,-36.6167,-64.2833
La Pampa,2006,7,9.1,0.14,0.63,-36.6167,-64.2833
La Pampa,2006,8,9.56,0.0,0.65,-36.6167,-64.2833
La Pampa,2006,9,13.2,0.86,0.59,-36.6167,-64.2833
La Pampa,2006,10,17.4,5.04,0.43,-36.6167,-64.2833
La Pampa,2006,11,20.18,1.26,0.38,-36.6167,-64.2833
La Pampa,2006,12,23.82,3.01,0.34,-36.6167,-64.2833
La Pampa,2007,1,24.59,2.67,0.36,-36.6167,-64.2833
La Pampa,2007,2,22.25,3.31,0.35,-36.6167,-64.2833
La Pampa,2007,3,18.47,6.16,0.34,-36.6167,-64.2833
La Pampa,2007,4,14.82,0.6,0.35,-36.6167,-64.2833
La Pampa,2007,5,8.54,0.02,0.38,-36.6167,-64.2833
La Pampa,2007,6,6.02,0.16,0.48,-36.6167,-64.2833
La Pampa,2007,7,5.46,0.07,0.59,-36.6167,-64.2833
La Pampa,2007,8,6.49,0.58,0.63,-36.6167,-64.2833
La Pampa,2007,9,12.75,3.58,0.6,-36.6167,-64.2833
La Pampa,2007,10,15.98,2.26,0.43,-36.6167,-64.2833
La Pampa,2007,11,18.81,1.97,0.41,-36.6167,-64.2833
La Pampa,2007,12,23.29,1.66,0.37,-36.6167,-64.2833
La Pampa,2008,1,24.74,3.41,0.35,-36.6167,-64.2833
La Pampa,2008,2,23.99,4.28,0.29,-36.6167,-64.2833
La Pampa,2008,3,19.84,1.01,0.33,-36.6167,-64.2833
La Pampa,2008,4,15.65,0.02,0.36,-36.6167,-64.2833
La Pampa,2008,5,11.59,0.48,0.37,-36.6167,-64.2833
La Pampa,2008,6,7.44,0.9,0.51,-36.6167,-64.2833
La Pampa,2008,7,9.4,0.24,0.55,-36.6167,-64.2833
La Pampa,2008,8,9.33,0.48,0.64,-36.6167,-64.2833
La Pampa,2008,9,12.26,1.13,0.55,-36.6167,-64.2833
La Pampa,2008,10,16.86,2.76,0.46,-36.6167,-64.2833
La Pampa,2008,11,23.55,2.15,0.4,-36.6167,-64.2833
La Pampa,2008,12,23.56,2.62,0.3,-36.6167,-64.2833
La Pampa,2009,1,25.59,0.45,0.35,-36.6167,-64.2833
La Pampa,2009,2,24.65,1.53,0.36,-36.6167,-64.2833
La Pampa,2009,3,22.97,2.09,0.33,-36.6167,-64.2833
La Pampa,2009,4,18.18,0.04,0.38,-36.6167,-64.2833
La Pampa,2009,5,12.86,0.72,0.4,-36.6167,-64.2833
La Pampa,2009,6,7.66,0.0,0.51,-36.6167,-64.2833
La Pampa,2009,7,7.05,0.14,0.66,-36.6167,-64.2833
La Pampa,2009,8,12.63,0.0,0.6,-36.6167,-64.2833
La Pampa,2009,9,11.16,2.15,0.57,-36.6167,-64.2833
La Pampa,2009,10,16.48,0.39,0.46,-36.6167,-64.2833
La Pampa,2009,11,19.71,2.72,0.41,-36.6167,-64.2833
La Pampa,2009,12,21.33,4.14,0.34,-36.6167,-64.2833
La Pampa,2010,1,24.83,2.05,0.37,-36.6167,-64.2833
La Pampa,2010,2,22.49,4.15,0.34,-36.6167,-64.2833
La Pampa,2010,3,19.97,7.56,0.35,-36.6167,-64.2833
La Pampa,2010,4,13.3,0.18,0.37,-36.6167,-64.2833
La Pampa,2010,5,11.16,0.06,0.44,-36.6167,-64.2833
La Pampa,2010,6,8.5,0.31,0.51,-36.6167,-64.2833
La Pampa,2010,7,6.08,0.06,0.64,-36.6167,-64.2833
La Pampa,2010,8,8.5,0.0,0.68,-36.6167,-64.2833
La Pampa,2010,9,12.02,4.2,0.57,-36.6167,-64.2833
La Pampa,2010,10,15.99,2.0,0.47,-36.6167,-64.2833
La Pampa,2010,11,19.48,1.39,0.36,-36.6167,-64.2833
La Pampa,2010,12,24.24,0.67,0.36,-36.6167,-64.2833
La Pampa,2011,1,24.04,4.42,0.36,-36.6167,-64.2833
La Pampa,2011,2,22.78,1.6,0.38,-36.6167,-64.2833
La Pampa,2011,3,20.29,2.26,0.36,-36.6167,-64.2833
La Pampa,2011,4,15.89,4.27,0.41,-36.6167,-64.2833
La Pampa,2011,5,10.32,0.26,0.4,-36.6167,-64.2833
La Pampa,2011,6,6.94,0.3,0.47,-36.6167,-64.2833
La Pampa,2011,7,6.58,0.94,0.63,-36.6167,-64.2833
La Pampa,2011,8,7.75,0.55,0.65,-36.6167,-64.2833
La Pampa,2011,9,13.64,0.22,0.64,-36.6167,-64.2833
La Pampa,2011,10,15.67,2.62,0.42,-36.6167,-64.2833
La Pampa,2011,11,21.15,3.78,0.36,-36.6167,-64.2833
La Pampa,2011,12,23.88,1.22,0.34,-36.6167,-64.2833
La Pampa,2012,1,26.27,2.87,0.34,-36.6167,-64.2833
La Pampa,2012,2,22.38,6.15,0.32,-36.6167,-64.2833
La Pampa,2012,3,18.88,3.09,0.34,-36.6167,-64.2833
La Pampa,2012,4,14.3,2.48,0.31,-36.6167,-64.2833
La Pampa,2012,5,11.38,0.44,0.39,-36.6167,-64.2833
La Pampa,2012,6,7.13,0.08,0.48,-36.6167,-64.2833
La Pampa,2012,7,5.66,0.01,0.61,-36.6167,-64.2833
La Pampa,2012,8,8.95,4.09,0.67,-36.6167,-64.2833
La Pampa,2012,9,11.97,0.63,0.57,-36.6167,-64.2833
La Pampa,2012,10,15.22,7.22,0.44,-36.6167,-64.2833
La Pampa,2012,11,19.2,3.66,0.34,-36.6167,-64.2833
La Pampa,2012,12,21.1,3.47,0.34,-36.6167,-64.2833
La Pampa,2013,1,24.59,1.01,0.35,-36.6167,-64.2833
La Pampa,2013,2,23.77,0.93,0.38,-36.6167,-64.2833
La Pampa,2013,3,17.89,3.04,0.38,-36.6167,-64.2833
La Pampa,2013,4,16.77,1.76,0.36,-36.6167,-64.2833
La Pampa,2013,5,11.67,0.43,0.42,-36.6167,-64.2833
La Pampa,2013,6,9.19,0.02,0.52,-36.6167,-64.2833
La Pampa,2013,7,7.74,0.53,0.67,-36.6167,-64.2833
La Pampa,2013,8,9.48,0.21,0.7,-36.6167,-64.2833
La Pampa,2013,9,11.04,2.02,0.63,-36.6167,-64.2833
La Pampa,2013,10,16.63,2.53,0.44,-36.6167,-64.2833
La Pampa,2013,11,20.84,3.04,0.41,-36.6167,-64.2833
La Pampa,2013,12,26.09,2.46,0.33,-36.6167,-64.2833
La Pampa,2014,1,25.53,2.29,0.38,-36.6167,-64.2833
La Pampa,2014,2,20.94,6.08,0.34,-36.6167,-64.2833
La Pampa,2014,3,17.89,2.62,0.34,-36.6167,-64.2833
La Pampa,2014,4,13.43,5.33,0.38,-36.6167,-64.2833
La Pampa,2014,5,10.59,1.43,0.37,-36.6167,-64.2833
La Pampa,2014,6,6.9,0.07,0.47,-36.6167,-64.2833
La Pampa,2014,7,7.13,1.63,0.58,-36.6167,-64.2833
La Pampa,2014,8,10.25,1.02,0.68,-36.6167,-64.2833
La Pampa,2014,9,13.39,1.38,0.57,-36.6167,-64.2833
La Pampa,2014,10,16.46,6.24,0.46,-36.6167,-64.2833
La Pampa,2014,11,18.9,2.11,0.38,-36.6167,-64.2833
La Pampa,2014,12,23.1,2.24,0.32,-36.6167,-64.2833
La Pampa,2015,1,24.45,3.39,0.36,-36.6167,-64.2833
La Pampa,2015,2,22.73,2.65,0.34,-36.6167,-64.2833
La Pampa,2015,3,21.37,2.1,0.32,-36.6167,-64.2833
La Pampa,2015,4,17.05,3.11,0.36,-36.6167,-64.2833
La Pampa,2015,5,12.34,1.23,0.38,-36.6167,-64.2833
La Pampa,2015,6,7.99,0.07,0.48,-36.6167,-64.2833
La Pampa,2015,7,7.48,0.34,0.59,-36.6167,-64.2833
La Pampa,2015,8,10.74,0.33,0.65,-36.6167,-64.2833
La Pampa,2015,9,11.56,1.74,0.57,-36.6167,-64.2833
La Pampa,2015,10,12.83,2.81,0.41,-36.6167,-64.2833
La Pampa,2015,11,19.44,2.6,0.34,-36.6167,-64.2833
La Pampa,2015,12,22.64,4.16,0.34,-36.6167,-64.2833
La Pampa,2016,1,23.06,6.11,0.3,-36.6167,-64.2833
La Pampa,2016,2,22.11,6.93,0.35,-36.6167,-64.2833
La Pampa,2016,3,18.91,0.53,0.35,-36.6167,-64.2833
La Pampa,2016,4,12.89,3.76,0.35,-36.6167,-64.2833
La Pampa,2016,5,9.38,1.91,0.39,-36.6167,-64.2833
La Pampa,2016,6,6.18,1.01,0.47,-36.6167,-64.2833
La Pampa,2016,7,6.42,0.82,0.6,-36.6167,-64.2833
La Pampa,2016,8,10.18,0.0,0.59,-36.6167,-64.2833
La Pampa,2016,9,12.48,1.73,0.55,-36.6167,-64.2833
La Pampa,2016,10,14.35,7.73,0.44,-36.6167,-64.2833
La Pampa,2016,11,18.03,2.54,0.35,-36.6167,-64.2833
La Pampa,2016,12,24.42,0.69,0.37,-36.6167,-64.2833
La Pampa,2017,1,25.61,3.32,0.35,-36.6167,-64.2833
La Pampa,2017,2,24.44,3.28,0.32,-36.6167,-64.2833
La Pampa,2017,3,19.82,9.87,0.35,-36.6167,-64.2833
La Pampa,2017,4,13.8,5.57,0.37,-36.6167,-64.2833
La Pampa,2017,5,10.73,2.78,0.39,-36.6167,-64.2833
La Pampa,2017,6,7.77,1.72,0.55,-36.6167,-64.2833
La Pampa,2017,7,7.62,1.06,0.62,-36.6167,-64.2833
La Pampa,2017,8,9.32,0.7,0.68,-36.6167,-64.2833
La Pampa,2017,9,11.45,2.73,0.59,-36.6167,-64.2833
La Pampa,2017,10,15.42,0.98,0.46,-36.6167,-64.2833
La Pampa,2017,11,18.18,4.08,0.36,-36.6167,-64.2833
La Pampa,2017,12,23.33,1.54,0.35,-36.6167,-64.2833
La Pampa,2018,1,25.5,1.09,0.35,-36.6167,-64.2833
La Pampa,2018,2,25.95,0.69,0.34,-36.6167,-64.2833
La Pampa,2018,3,20.75,0.66,0.38,-36.6167,-64.2833
La Pampa,2018,4,18.8,0.78,0.37,-36.6167,-64.2833
La Pampa,2018,5,12.56,1.21,0.4,-36.6167,-64.2833
La Pampa,2018,6,6.77,0.31,0.49,-36.6167,-64.2833
La Pampa,2018,7,6.42,1.4,0.65,-36.6167,-64.2833
La Pampa,2018,8,9.15,0.47,0.69,-36.6167,-64.2833
La Pampa,2018,9,14.51,1.81,0.52,-36.6167,-64.2833
La Pampa,2018,10,15.8,1.7,0.45,-36.6167,-64.2833
La Pampa,2018,11,19.45,3.14,0.39,-36.6167,-64.2833
La Pampa,2018,12,22.81,4.52,0.34,-36.6167,-64.2833
La Pampa,2019,1,23.57,3.83,0.36,-36.6167,-64.2833
La Pampa,2019,2,22.78,1.41,0.37,-36.6167,-64.2833
La Pampa,2019,3,19.17,1.16,0.33,-36.6167,-64.2833
La Pampa,2019,4,17.42,0.4,0.34,-36.6167,-64.2833
La Pampa,2019,5,11.82,1.88,0.39,-36.6167,-64.2833
La Pampa,2019,6,8.74,0.89,0.55,-36.6167,-64.2833
La Pampa,2019,7,7.37,0.0,0.6,-36.6167,-64.2833
La Pampa,2019,8,9.43,0.1,0.67,-36.6167,-64.2833
La Pampa,2019,9,12.62,0.2,0.61,-36.6167,-64.2833
La Pampa,2019,10,16.25,0.6,0.46,-36.6167,-64.2833
La Pampa,2019,11,21.72,2.75,0.4,-36.6167,-64.2833
La Pampa,2019,12,23.77,1.49,0.36,-36.6167,-64.2833
La Pampa,2020,1,23.97,4.57,0.35,-36.6167,-64.2833
La Pampa,2020,2,21.97,2.17,0.36,-36.6167,-64.2833
La Pampa,2020,3,21.43,3.88,0.33,-36.6167,-64.2833
La Pampa,2020,4,14.74,3.65,0.36,-36.6167,-64.2833
La Pampa,2020,5,10.02,0.04,0.44,-36.6167,-64.2833
La Pampa,2020,6,6.83,0.47,0.5,-36.6167,-64.2833
La Pampa,2020,7,5.78,0.83,0.6,-36.6167,-64.2833
La Pampa,2020,8,8.56,0.06,0.69,-36.6167,-64.2833
La Pampa,2020,9,12.02,12.76,0.57,-36.6167,-64.2833
La Pampa,2020,10,14.74,0.95,0.45,-36.6167,-64.2833
La Pampa,2020,11,21.33,1.96,0.34,-36.6167,-64.2833
La Pampa,2020,12,23.91,1.78,0.36,-36.6167,-64.2833
La Pampa,2021,1,23.4,5.81,0.37,-36.6167,-64.2833
La Pampa,2021,2,22.73,1.98,0.31,-36.6167,-64.2833
La Pampa,2021,3,20.34,2.95,0.35,-36.6167,-64.2833
La Pampa,2021,4,16.66,6.76,0.35,-36.6167,-64.2833
La Pampa,2021,5,9.82,1.3,0.4,-36.6167,-64.2833
La Pampa,2021,6,6.44,0.13,0.47,-36.6167,-64.2833
La Pampa,2021,7,6.2,0.0,0.58,-36.6167,-64.2833
La Pampa,2021,8,9.36,0.24,0.61,-36.6167,-64.2833
La Pampa,2021,9,12.48,2.99,0.61,-36.6167,-64.2833
La Pampa,2021,10,16.65,1.71,0.44,-36.6167,-64.2833
La Pampa,2021,11,19.41,3.08,0.36,-36.6167,-64.2833
La Pampa,2021,12,22.34,5.38,0.32,-36.6167,-64.2833
La Pampa,2022,1,25.15,2.0,0.33,-36.6167,-64.2833
La Pampa,2022,2,21.66,2.95,0.33,-36.6167,-64.2833
La Pampa,2022,3,18.14,2.4,0.39,-36.6167,-64.2833
La Pampa,2022,4,13.81,2.45,0.38,-36.6167,-64.2833
La Pampa,2022,5,9.12,0.03,0.36,-36.6167,-64.2833
La Pampa,2022,6,6.61,0.0,0.46,-36.6167,-64.2833
La Pampa,2022,7,7.24,0.71,0.61,-36.6167,-64.2833
La Pampa,2022,8,9.68,0.45,0.64,-36.6167,-64.2833
La Pampa,2022,9,13.14,1.34,0.58,-36.6167,-64.2833
La Pampa,2022,10,16.36,1.87,0.48,-36.6167,-64.2833
La Pampa,2022,11,21.49,4.11,0.4,-36.6167,-64.2833
La Pampa,2022,12,24.91,0.48,0.36,-36.6167,-64.2833
La Pampa,2023,1,25.63,5.02,0.33,-36.6167,-64.2833
La Pampa,2023,2,24.31,0.38,0.36,-36.6167,-64.2833
La Pampa,2023,3,22.72,2.34,0.33,-36.6167,-64.2833
La Pampa,2023,4,16.82,1.76,0.33,-36.6167,-64.2833
La Pampa,2023,5,12.93,0.67,0.36,-36.6167,-64.2833
La Pampa,2023,6,8.82,0.58,0.49,-36.6167,-64.2833
La Pampa,2023,7,7.68,0.93,0.57,-36.6167,-64.2833
La Pampa,2023,8,9.5,0.61,0.64,-36.6167,-64.2833
La Pampa,2023,9,12.39,0.26,0.55,-36.6167,-64.2833
La Pampa,2023,10,16.52,2.37,0.43,-36.6167,-64.2833
La Pampa,2023,11,19.86,2.54,0.41,-36.6167,-64.2833
La Pampa,2023,12,21.7,4.55,0.35,-36.6167,-64.2833
La Rioja,1981,1,26.6,3.15,2.92,-29.4131,-66.8558
La Rioja,1981,2,25.49,1.92,2.69,-29.4131,-66.8558
La Rioja,1981,3,23.94,2.18,2.17,-29.4131,-66.8558
La Rioja,1981,4,20.06,1.24,2.04,-29.4131,-66.8558
La Rioja,1981,5,18.21,0.14,1.7,-29.4131,-66.8558
La Rioja,1981,6,12.0,0.0,1.63,-29.4131,-66.8558
La Rioja,1981,7,11.72,0.13,1.81,-29.4131,-66.8558
La Rioja,1981,8,16.07,0.5,2.0,-29.4131,-66.8558
La Rioja,1981,9,15.7,0.28,2.31,-29.4131,-66.8558
La Rioja,1981,10,20.73,0.58,2.82,-29.4131,-66.8558
La Rioja,1981,11,24.51,0.51,3.22,-29.4131,-66.8558
La Rioja,1981,12,28.02,1.35,3.14,-29.4131,-66.8558
La Rioja,1982,1,26.66,3.12,2.76,-29.4131,-66.8558
La Rioja,1982,2,24.82,2.66,2.46,-29.4131,-66.8558
La Rioja,1982,3,22.62,1.13,2.17,-29.4131,-66.8558
La Rioja,1982,4,20.28,0.79,1.92,-29.4131,-66.8558
La Rioja,1982,5,17.52,0.0,1.66,-29.4131,-66.8558
La Rioja,1982,6,12.24,0.07,1.67,-29.4131,-66.8558
La Rioja,1982,7,13.5,0.05,1.67,-29.4131,-66.8558
La Rioja,1982,8,15.68,0.0,1.93,-29.4131,-66.8558
La Rioja,1982,9,18.53,0.43,2.74,-29.4131,-66.8558
La Rioja,1982,10,21.79,0.04,2.79,-29.4131,-66.8558
La Rioja,1982,11,24.89,1.25,3.26,-29.4131,-66.8558
La Rioja,1982,12,26.65,2.17,2.77,-29.4131,-66.8558
La Rioja,1983,1,27.37,2.9,2.83,-29.4131,-66.8558
La Rioja,1983,2,25.18,1.85,2.52,-29.4131,-66.8558
La Rioja,1983,3,24.77,0.19,2.66,-29.4131,-66.8558
La Rioja,1983,4,21.13,0.48,2.12,-29.4131,-66.8558
La Rioja,1983,5,15.99,0.26,1.93,-29.4131,-66.8558
La Rioja,1983,6,10.14,0.17,1.57,-29.4131,-66.8558
La Rioja,1983,7,10.76,0.15,1.73,-29.4131,-66.8558
La Rioja,1983,8,13.0,0.2,2.19,-29.4131,-66.8558
La Rioja,1983,9,15.54,0.28,2.38,-29.4131,-66.8558
La Rioja,1983,10,22.79,0.5,2.91,-29.4131,-66.8558
La Rioja,1983,11,24.93,0.82,2.95,-29.4131,-66.8558
La Rioja,1983,12,28.12,1.67,2.86,-29.4131,-66.8558
La Rioja,1984,1,26.72,4.0,2.6,-29.4131,-66.8558
La Rioja,1984,2,26.31,1.74,2.48,-29.4131,-66.8558
La Rioja,1984,3,22.64,5.62,2.47,-29.4131,-66.8558
La Rioja,1984,4,17.93,0.64,1.98,-29.4131,-66.8558
La Rioja,1984,5,15.71,0.06,1.62,-29.4131,-66.8558
La Rioja,1984,6,9.97,0.11,1.71,-29.4131,-66.8558
La Rioja,1984,7,12.04,0.04,1.68,-29.4131,-66.8558
La Rioja,1984,8,12.35,0.02,1.97,-29.4131,-66.8558
La Rioja,1984,9,17.88,0.41,2.39,-29.4131,-66.8558
La Rioja,1984,10,23.53,0.35,2.97,-29.4131,-66.8558
La Rioja,1984,11,25.13,0.19,3.6,-29.4131,-66.8558
La Rioja,1984,12,25.34,1.48,3.5,-29.4131,-66.8558
La Rioja,1985,1,26.34,3.35,2.79,-29.4131,-66.8558
La Rioja,1985,2,25.11,3.51,2.54,-29.4131,-66.8558
La Rioja,1985,3,24.26,1.28,2.18,-29.4131,-66.8558
La Rioja,1985,4,20.25,0.54,2.1,-29.4131,-66.8558
La Rioja,1985,5,18.05,0.03,1.72,-29.4131,-66.8558
La Rioja,1985,6,14.45,0.0,1.54,-29.4131,-66.8558
La Rioja,1985,7,12.03,0.43,1.93,-29.4131,-66.8558
La Rioja,1985,8,14.23,0.71,1.96,-29.4131,-66.8558
La Rioja,1985,9,17.87,0.02,2.4,-29.4131,-66.8558
La Rioja,1985,10,22.64,0.13,3.03,-29.4131,-66.8558
La Rioja,1985,11,25.36,3.91,2.92,-29.4131,-66.8558
La Rioja,1985,12,27.27,1.56,2.86,-29.4131,-66.8558
La Rioja,1986,1,28.55,0.74,3.07,-29.4131,-66.8558
La Rioja,1986,2,25.76,4.78,2.55,-29.4131,-66.8558
La Rioja,1986,3,23.43,1.31,2.17,-29.4131,-66.8558
La Rioja,1986,4,21.69,0.06,2.01,-29.4131,-66.8558
La Rioja,1986,5,17.29,0.03,1.74,-29.4131,-66.8558
La Rioja,1986,6,14.33,0.01,1.62,-29.4131,-66.8558
La Rioja,1986,7,14.0,0.44,1.72,-29.4131,-66.8558
La Rioja,1986,8,15.34,0.07,1.99,-29.4131,-66.8558
La Rioja,1986,9,17.36,0.44,2.57,-29.4131,-66.8558
La Rioja,1986,10,21.95,0.66,2.69,-29.4131,-66.8558
La Rioja,1986,11,25.96,0.88,3.44,-29.4131,-66.8558
La Rioja,1986,12,28.03,1.58,3.12,-29.4131,-66.8558
La Rioja,1987,1,27.41,3.73,2.81,-29.4131,-66.8558
La Rioja,1987,2,26.69,0.75,2.51,-29.4131,-66.8558
La Rioja,1987,3,24.91,0.65,2.39,-29.4131,-66.8558
La Rioja,1987,4,21.1,0.55,2.15,-29.4131,-66.8558
La Rioja,1987,5,13.01,0.39,1.94,-29.4131,-66.8558
La Rioja,1987,6,13.56,0.0,1.52,-29.4131,-66.8558
La Rioja,1987,7,14.9,0.1,1.8,-29.4131,-66.8558
La Rioja,1987,8,13.85,0.07,2.01,-29.4131,-66.8558
La Rioja,1987,9,16.77,0.19,2.49,-29.4131,-66.8558
La Rioja,1987,10,22.13,0.44,2.72,-29.4131,-66.8558
La Rioja,1987,11,25.39,1.02,3.12,-29.4131,-66.8558
La Rioja,1987,12,26.05,2.39,3.21,-29.4131,-66.8558
La Rioja,1988,1,26.91,3.22,2.85,-29.4131,-66.8558
La Rioja,1988,2,24.66,4.54,2.37,-29.4131,-66.8558
La Rioja,1988,3,24.57,1.5,2.21,-29.4131,-66.8558
La Rioja,1988,4,19.59,0.09,2.12,-29.4131,-66.8558
La Rioja,1988,5,13.27,0.35,1.68,-29.4131,-66.8558
La Rioja,1988,6,11.69,0.0,1.55,-29.4131,-66.8558
La Rioja,1988,7,9.78,0.04,1.8,-29.4131,-66.8558
La Rioja,1988,8,15.09,0.0,2.0,-29.4131,-66.8558
La Rioja,1988,9,16.45,0.08,2.49,-29.4131,-66.8558
La Rioja,1988,10,21.84,0.01,2.89,-29.4131,-66.8558
La Rioja,1988,11,26.68,0.19,3.07,-29.4131,-66.8558
La Rioja,1988,12,28.71,0.46,2.96,-29.4131,-66.8558
La Rioja,1989,1,28.12,2.93,2.55,-29.4131,-66.8558
La Rioja,1989,2,28.07,2.68,2.32,-29.4131,-66.8558
La Rioja,1989,3,23.52,0.92,2.23,-29.4131,-66.8558
La Rioja,1989,4,20.66,0.24,2.02,-29.4131,-66.8558
La Rioja,1989,5,15.36,0.44,1.71,-29.4131,-66.8558
La Rioja,1989,6,15.11,0.06,1.6,-29.4131,-66.8558
La Rioja,1989,7,11.59,0.0,1.73,-29.4131,-66.8558
La Rioja,1989,8,15.28,0.0,2.21,-29.4131,-66.8558
La Rioja,1989,9,16.04,0.14,2.5,-29.4131,-66.8558
La Rioja,1989,10,21.91,0.14,3.05,-29.4131,-66.8558
La Rioja,1989,11,24.79,1.18,2.9,-29.4131,-66.8558
La Rioja,1989,12,28.51,1.18,3.07,-29.4131,-66.8558
La Rioja,1990,1,27.3,3.34,2.78,-29.4131,-66.8558
La Rioja,1990,2,24.53,2.62,2.25,-29.4131,-66.8558
La Rioja,1990,3,22.65,1.35,2.28,-29.4131,-66.8558
La Rioja,1990,4,19.93,0.61,2.09,-29.4131,-66.8558
La Rioja,1990,5,15.74,0.12,1.73,-29.4131,-66.8558
La Rioja,1990,6,12.67,0.0,1.55,-29.4131,-66.8558
La Rioja,1990,7,11.01,0.26,1.71,-29.4131,-66.8558
La Rioja,1990,8,16.33,0.02,1.92,-29.4131,-66.8558
La Rioja,1990,9,15.1,0.14,2.22,-29.4131,-66.8558
La Rioja,1990,10,21.93,1.08,2.91,-29.4131,-66.8558
La Rioja,1990,11,25.16,1.98,2.95,-29.4131,-66.8558
La Rioja,1990,12,26.86,1.31,3.38,-29.4131,-66.8558
La Rioja,1991,1,26.67,2.1,2.96,-29.4131,-66.8558
La Rioja,1991,2,25.99,3.11,2.48,-29.4131,-66.8558
La Rioja,1991,3,25.06,1.46,2.37,-29.4131,-66.8558
La Rioja,1991,4,20.86,0.79,1.96,-29.4131,-66.8558
La Rioja,1991,5,17.81,0.08,1.62,-29.4131,-66.8558
La Rioja,1991,6,12.76,0.3,1.62,-29.4131,-66.8558
La Rioja,1991,7,11.85,0.01,1.72,-29.4131,-66.8558
La Rioja,1991,8,13.58,0.03,2.06,-29.4131,-66.8558
La Rioja,1991,9,18.15,0.02,2.53,-29.4131,-66.8558
La Rioja,1991,10,20.18,0.33,2.92,-29.4131,-66.8558
La Rioja,1991,11,24.38,0.73,3.26,-29.4131,-66.8558
La Rioja,1991,12,26.21,3.16,3.07,-29.4131,-66.8558
La Rioja,1992,1,25.71,2.6,2.71,-29.4131,-66.8558
La Rioja,1992,2,23.75,4.87,2.56,-29.4131,-66.8558
La Rioja,1992,3,23.42,3.44,2.08,-29.4131,-66.8558
La Rioja,1992,4,18.04,1.9,2.06,-29.4131,-66.8558
La Rioja,1992,5,14.57,0.03,1.57,-29.4131,-66.8558
La Rioja,1992,6,13.34,0.02,1.53,-29.4131,-66.8558
La Rioja,1992,7,8.28,0.07,1.77,-29.4131,-66.8558
La Rioja,1992,8,13.28,0.44,1.91,-29.4131,-66.8558
La Rioja,1992,9,15.84,0.28,2.23,-29.4131,-66.8558
La Rioja,1992,10,21.49,0.04,2.83,-29.4131,-66.8558
La Rioja,1992,11,22.94,1.23,3.34,-29.4131,-66.8558
La Rioja,1992,12,26.25,2.81,3.26,-29.4131,-66.8558
La Rioja,1993,1,26.87,4.18,2.53,-29.4131,-66.8558
La Rioja,1993,2,24.6,1.67,2.36,-29.4131,-66.8558
La Rioja,1993,3,24.41,1.62,2.19,-29.4131,-66.8558
La Rioja,1993,4,19.7,0.04,2.02,-29.4131,-66.8558
La Rioja,1993,5,15.22,0.03,1.94,-29.4131,-66.8558
La Rioja,1993,6,12.67,0.0,1.49,-29.4131,-66.8558
La Rioja,1993,7,10.77,0.04,1.83,-29.4131,-66.8558
La Rioja,1993,8,14.17,0.01,1.95,-29.4131,-66.8558
La Rioja,1993,9,15.89,0.3,2.37,-29.4131,-66.8558
La Rioja,1993,10,20.74,0.1,2.9,-29.4131,-66.8558
La Rioja,1993,11,25.45,0.17,3.17,-29.4131,-66.8558
La Rioja,1993,12,27.36,1.06,3.35,-29.4131,-66.8558
La Rioja,1994,1,26.87,1.91,2.85,-29.4131,-66.8558
La Rioja,1994,2,24.36,2.83,2.56,-29.4131,-66.8558
La Rioja,1994,3,23.41,0.48,2.29,-29.4131,-66.8558
La Rioja,1994,4,19.54,0.28,2.06,-29.4131,-66.8558
La Rioja,1994,5,18.2,0.16,1.82,-29.4131,-66.8558
La Rioja,1994,6,14.74,0.0,1.62,-29.4131,-66.8558
La Rioja,1994,7,11.77,0.08,1.75,-29.4131,-66.8558
La Rioja,1994,8,14.7,0.01,2.18,-29.4131,-66.8558
La Rioja,1994,9,19.69,0.09,2.38,-29.4131,-66.8558
La Rioja,1994,10,21.55,0.88,3.1,-29.4131,-66.8558
La Rioja,1994,11,24.9,1.08,3.01,-29.4131,-66.8558
La Rioja,1994,12,29.01,1.29,3.08,-29.4131,-66.8558
La Rioja,1995,1,27.3,1.22,3.04,-29.4131,-66.8558
La Rioja,1995,2,25.28,1.08,2.75,-29.4131,-66.8558
La Rioja,1995,3,24.49,0.93,2.47,-29.4131,-66.8558
La Rioja,1995,4,21.09,0.01,2.03,-29.4131,-66.8558
La Rioja,1995,5,16.78,0.02,1.73,-29.4131,-66.8558
La Rioja,1995,6,13.75,0.0,1.64,-29.4131,-66.8558
La Rioja,1995,7,12.05,0.0,1.76,-29.4131,-66.8558
La Rioja,1995,8,13.94,0.0,1.91,-29.4131,-66.8558
La Rioja,1995,9,17.62,0.3,2.46,-29.4131,-66.8558
La Rioja,1995,10,21.31,0.04,2.88,-29.4131,-66.8558
La Rioja,1995,11,25.19,0.77,3.2,-29.4131,-66.8558
La Rioja,1995,12,28.19,0.29,3.0,-29.4131,-66.8558
La Rioja,1996,1,26.28,3.0,2.84,-29.4131,-66.8558
La Rioja,1996,2,25.84,0.69,2.68,-29.4131,-66.8558
La Rioja,1996,3,24.2,1.04,2.23,-29.4131,-66.8558
La Rioja,1996,4,18.72,0.67,2.13,-29.4131,-66.8558
La Rioja,1996,5,16.75,0.12,1.81,-29.4131,-66.8558
La Rioja,1996,6,10.23,0.29,1.58,-29.4131,-66.8558
La Rioja,1996,7,10.77,0.0,1.63,-29.4131,-66.8558
La Rioja,1996,8,15.71,0.0,1.99,-29.4131,-66.8558
La Rioja,1996,9,15.61,1.46,2.48,-29.4131,-66.8558
La Rioja,1996,10,21.23,0.12,2.84,-29.4131,-66.8558
La Rioja,1996,11,25.61,0.1,3.35,-29.4131,-66.8558
La Rioja,1996,12,26.88,1.5,3.2,-29.4131,-66.8558
La Rioja,1997,1,28.0,2.08,2.83,-29.4131,-66.8558
La Rioja,1997,2,24.6,0.69,2.89,-29.4131,-66.8558
La Rioja,1997,3,24.34,1.76,2.39,-29.4131,-66.8558
La Rioja,1997,4,21.82,1.01,1.78,-29.4131,-66.8558
La Rioja,1997,5,16.62,0.43,1.65,-29.4131,-66.8558
La Rioja,1997,6,13.17,0.01,1.5,-29.4131,-66.8558
La Rioja,1997,7,14.11,0.02,1.63,-29.4131,-66.8558
La Rioja,1997,8,15.69,0.08,2.13,-29.4131,-66.8558
La Rioja,1997,9,20.17,0.13,2.58,-29.4131,-66.8558
La Rioja,1997,10,21.51,0.13,3.04,-29.4131,-66.8558
La Rioja,1997,11,25.31,0.4,3.33,-29.4131,-66.8558
La Rioja,1997,12,27.63,3.16,3.32,-29.4131,-66.8558
La Rioja,1998,1,27.18,1.02,3.12,-29.4131,-66.8558
La Rioja,1998,2,24.02,2.18,2.96,-29.4131,-66.8558
La Rioja,1998,3,21.85,1.77,2.46,-29.4131,-66.8558
La Rioja,1998,4,18.33,1.49,2.11,-29.4131,-66.8558
La Rioja,1998,5,15.12,0.54,1.67,-29.4131,-66.8558
La Rioja,1998,6,11.76,0.18,1.66,-29.4131,-66.8558
La Rioja,1998,7,13.18,0.03,1.68,-29.4131,-66.8558
La Rioja,1998,8,13.65,1.11,2.04,-29.4131,-66.8558
La Rioja,1998,9,15.16,0.17,2.58,-29.4131,-66.8558
La Rioja,1998,10,22.28,1.37,2.84,-29.4131,-66.8558
La Rioja,1998,11,25.01,0.3,3.24,-29.4131,-66.8558
La Rioja,1998,12,27.52,1.39,2.95,-29.4131,-66.8558
La Rioja,1999,1,24.78,2.3,2.71,-29.4131,-66.8558
La Rioja,1999,2,26.56,1.96,2.6,-29.4131,-66.8558
La Rioja,1999,3,23.4,2.8,2.46,-29.4131,-66.8558
La Rioja,1999,4,16.96,0.32,2.09,-29.4131,-66.8558
La Rioja,1999,5,15.0,0.66,1.75,-29.4131,-66.8558
La Rioja,1999,6,11.7,0.08,1.65,-29.4131,-66.8558
La Rioja,1999,7,9.53,0.59,1.78,-29.4131,-66.8558
La Rioja,1999,8,13.78,0.01,1.99,-29.4131,-66.8558
La Rioja,1999,9,19.5,0.25,2.43,-29.4131,-66.8558
La Rioja,1999,10,19.86,3.32,2.9,-29.4131,-66.8558
La Rioja,1999,11,21.92,1.63,2.74,-29.4131,-66.8558
La Rioja,1999,12,24.93,2.83,2.94,-29.4131,-66.8558
La Rioja,2000,1,25.84,3.38,2.58,-29.4131,-66.8558
La Rioja,2000,2,23.94,2.73,2.62,-29.4131,-66.8558
La Rioja,2000,3,21.13,4.32,2.33,-29.4131,-66.8558
La Rioja,2000,4,19.53,2.13,1.93,-29.4131,-66.8558
La Rioja,2000,5,12.89,0.94,1.81,-29.4131,-66.8558
La Rioja,2000,6,11.37,0.54,1.57,-29.4131,-66.8558
La Rioja,2000,7,9.22,0.28,1.67,-29.4131,-66.8558
La Rioja,2000,8,13.37,0.0,2.08,-29.4131,-66.8558
La Rioja,2000,9,16.52,0.0,2.35,-29.4131,-66.8558
La Rioja,2000,10,21.76,2.57,2.76,-29.4131,-66.8558
La Rioja,2000,11,22.62,1.59,3.1,-29.4131,-66.8558
La Rioja,2000,12,26.26,0.99,2.91,-29.4131,-66.8558
La Rioja,2001,1,26.76,4.27,2.91,-29.4131,-66.8558
La Rioja,2001,2,26.63,0.95,2.45,-29.4131,-66.8558
La Rioja,2001,3,24.01,1.85,2.47,-29.4131,-66.8558
La Rioja,2001,4,18.72,2.02,2.14,-29.4131,-66.8558
La Rioja,2001,5,13.74,0.61,1.67,-29.4131,-66.8558
La Rioja,2001,6,12.32,0.34,1.59,-29.4131,-66.8558
La Rioja,2001,7,11.55,0.0,1.71,-29.4131,-66.8558
La Rioja,2001,8,15.44,0.0,2.01,-29.4131,-66.8558
La Rioja,2001,9,16.32,0.93,2.92,-29.4131,-66.8558
La Rioja,2001,10,21.5,0.7,2.92,-29.4131,-66.8558
La Rioja,2001,11,24.38,0.49,3.37,-29.4131,-66.8558
La Rioja,2001,12,26.11,2.52,2.72,-29.4131,-66.8558
La Rioja,2002,1,26.25,1.64,2.74,-29.4131,-66.8558
La Rioja,2002,2,24.56,3.31,2.67,-29.4131,-66.8558
La Rioja,2002,3,24.79,1.12,2.43,-29.4131,-66.8558
La Rioja,2002,4,18.77,0.89,2.17,-29.4131,-66.8558
La Rioja,2002,5,16.25,0.19,1.67,-29.4131,-66.8558
La Rioja,2002,6,10.24,0.03,1.6,-29.4131,-66.8558
La Rioja,2002,7,11.17,0.28,1.79,-29.4131,-66.8558
La Rioja,2002,8,14.46,0.6,1.96,-29.4131,-66.8558
La Rioja,2002,9,17.83,0.0,2.4,-29.4131,-66.8558
La Rioja,2002,10,23.49,1.67,2.9,-29.4131,-66.8558
La Rioja,2002,11,24.45,3.82,2.88,-29.4131,-66.8558
La Rioja,2002,12,24.15,6.01,2.94,-29.4131,-66.8558
La Rioja,2003,1,27.57,0.98,2.66,-29.4131,-66.8558
La Rioja,2003,2,26.21,2.8,2.37,-29.4131,-66.8558
La Rioja,2003,3,23.0,3.71,2.19,-29.4131,-66.8558
La Rioja,2003,4,18.49,2.04,1.92,-29.4131,-66.8558
La Rioja,2003,5,15.64,0.16,1.58,-29.4131,-66.8558
La Rioja,2003,6,14.23,0.77,1.46,-29.4131,-66.8558
La Rioja,2003,7,10.89,0.01,1.63,-29.4131,-66.8558
La Rioja,2003,8,12.36,0.0,1.95,-29.4131,-66.8558
La Rioja,2003,9,17.62,0.0,2.33,-29.4131,-66.8558
La Rioja,2003,10,23.65,0.06,2.98,-29.4131,-66.8558
La Rioja,2003,11,26.76,0.07,3.11,-29.4131,-66.8558
La Rioja,2003,12,27.11,0.49,3.45,-29.4131,-66.8558
La Rioja,2004,1,28.55,3.39,2.66,-29.4131,-66.8558
La Rioja,2004,2,25.13,1.26,2.77,-29.4131,-66.8558
La Rioja,2004,3,24.53,0.9,2.53,-29.4131,-66.8558
La Rioja,2004,4,20.4,1.17,2.03,-29.4131,-66.8558
La Rioja,2004,5,11.91,0.26,1.86,-29.4131,-66.8558
La Rioja,2004,6,12.76,0.0,1.66,-29.4131,-66.8558
La Rioja,2004,7,11.96,0.01,1.78,-29.4131,-66.8558
La Rioja,2004,8,13.89,0.0,2.09,-29.4131,-66.8558
La Rioja,2004,9,19.18,0.11,2.51,-29.4131,-66.8558
La Rioja,2004,10,22.78,0.07,3.3,-29.4131,-66.8558
La Rioja,2004,11,24.55,1.23,3.28,-29.4131,-66.8558
La Rioja,2004,12,27.23,1.17,3.42,-29.4131,-66.8558
La Rioja,2005,1,28.14,1.13,3.1,-29.4131,-66.8558
La Rioja,2005,2,25.78,2.8,2.49,-29.4131,-66.8558
La Rioja,2005,3,22.94,1.74,2.38,-29.4131,-66.8558
La Rioja,2005,4,17.26,1.84,1.99,-29.4131,-66.8558
La Rioja,2005,5,15.18,0.23,1.69,-29.4131,-66.8558
La Rioja,2005,6,12.84,0.02,1.55,-29.4131,-66.8558
La Rioja,2005,7,11.89,0.01,1.81,-29.4131,-66.8558
La Rioja,2005,8,14.27,0.26,2.08,-29.4131,-66.8558
La Rioja,2005,9,14.74,0.08,2.63,-29.4131,-66.8558
La Rioja,2005,10,20.35,2.43,2.98,-29.4131,-66.8558
La Rioja,2005,11,24.92,1.06,2.92,-29.4131,-66.8558
La Rioja,2005,12,26.2,1.92,3.15,-29.4131,-66.8558
La Rioja,2006,1,27.13,5.65,2.73,-29.4131,-66.8558
La Rioja,2006,2,25.68,1.15,2.33,-29.4131,-66.8558
La Rioja,2006,3,23.54,0.31,2.34,-29.4131,-66.8558
La Rioja,2006,4,20.09,1.1,1.96,-29.4131,-66.8558
La Rioja,2006,5,14.38,0.03,1.59,-29.4131,-66.8558
La Rioja,2006,6,13.61,0.01,1.52,-29.4131,-66.8558
La Rioja,2006,7,14.46,0.0,1.7,-29.4131,-66.8558
La Rioja,2006,8,14.13,0.0,1.93,-29.4131,-66.8558
La Rioja,2006,9,18.04,0.0,2.56,-29.4131,-66.8558
La Rioja,2006,10,23.94,0.14,3.04,-29.4131,-66.8558
La Rioja,2006,11,25.12,0.93,3.35,-29.4131,-66.8558
La Rioja,2006,12,27.94,1.07,3.27,-29.4131,-66.8558
La Rioja,2007,1,26.86,1.95,3.09,-29.4131,-66.8558
La Rioja,2007,2,26.58,1.47,2.86,-29.4131,-66.8558
La Rioja,2007,3,23.08,1.25,2.43,-29.4131,-66.8558
La Rioja,2007,4,20.26,0.74,2.0,-29.4131,-66.8558
La Rioja,2007,5,12.34,2.05,1.81,-29.4131,-66.8558
La Rioja,2007,6,11.27,0.02,1.52,-29.4131,-66.8558
La Rioja,2007,7,9.89,0.34,1.62,-29.4131,-66.8558
La Rioja,2007,8,9.46,0.09,2.17,-29.4131,-66.8558
La Rioja,2007,9,17.29,0.08,2.37,-29.4131,-66.8558
La Rioja,2007,10,22.61,0.21,3.16,-29.4131,-66.8558
La Rioja,2007,11,24.74,1.25,3.03,-29.4131,-66.8558
La Rioja,2007,12,26.51,5.39,2.86,-29.4131,-66.8558
La Rioja,2008,1,25.85,4.54,2.78,-29.4131,-66.8558
La Rioja,2008,2,24.08,3.99,2.07,-29.4131,-66.8558
La Rioja,2008,3,21.98,4.11,2.02,-29.4131,-66.8558
La Rioja,2008,4,18.35,1.38,1.62,-29.4131,-66.8558
La Rioja,2008,5,14.45,2.16,1.47,-29.4131,-66.8558
La Rioja,2008,6,9.78,0.0,1.34,-29.4131,-66.8558
La Rioja,2008,7,13.53,0.0,1.58,-29.4131,-66.8558
La Rioja,2008,8,14.27,0.05,1.89,-29.4131,-66.8558
La Rioja,2008,9,15.94,0.24,2.49,-29.4131,-66.8558
La Rioja,2008,10,21.47,0.43,2.99,-29.4131,-66.8558
La Rioja,2008,11,25.78,1.36,3.0,-29.4131,-66.8558
La Rioja,2008,12,26.28,2.47,2.71,-29.4131,-66.8558
La Rioja,2009,1,25.49,2.8,2.48,-29.4131,-66.8558
La Rioja,2009,2,26.29,0.38,2.57,-29.4131,-66.8558
La Rioja,2009,3,24.61,2.22,2.15,-29.4131,-66.8558
La Rioja,2009,4,22.28,0.0,1.91,-29.4131,-66.8558
La Rioja,2009,5,17.34,0.22,1.72,-29.4131,-66.8558
La Rioja,2009,6,12.13,0.0,1.52,-29.4131,-66.8558
La Rioja,2009,7,10.49,0.0,1.69,-29.4131,-66.8558
La Rioja,2009,8,15.71,0.0,1.96,-29.4131,-66.8558
La Rioja,2009,9,14.96,2.39,2.6,-29.4131,-66.8558
La Rioja,2009,10,21.53,0.04,2.51,-29.4131,-66.8558
La Rioja,2009,11,27.03,0.59,3.2,-29.4131,-66.8558
La Rioja,2009,12,25.72,3.92,3.25,-29.4131,-66.8558
La Rioja,2010,1,27.7,1.38,2.74,-29.4131,-66.8558
La Rioja,2010,2,26.04,4.25,2.72,-29.4131,-66.8558
La Rioja,2010,3,24.43,1.99,2.2,-29.4131,-66.8558
La Rioja,2010,4,17.76,1.36,2.01,-29.4131,-66.8558
La Rioja,2010,5,13.14,0.65,1.75,-29.4131,-66.8558
La Rioja,2010,6,11.67,0.01,1.64,-29.4131,-66.8558
La Rioja,2010,7,8.91,0.6,1.71,-29.4131,-66.8558
La Rioja,2010,8,11.53,0.0,2.15,-29.4131,-66.8558
La Rioja,2010,9,17.28,0.38,2.54,-29.4131,-66.8558
La Rioja,2010,10,20.37,0.37,2.98,-29.4131,-66.8558
La Rioja,2010,11,23.49,1.3,2.85,-29.4131,-66.8558
La Rioja,2010,12,25.75,2.27,2.84,-29.4131,-66.8558
La Rioja,2011,1,26.02,2.37,2.71,-29.4131,-66.8558
La Rioja,2011,2,23.43,5.83,2.5,-29.4131,-66.8558
La Rioja,2011,3,21.11,1.2,2.05,-29.4131,-66.8558
La Rioja,2011,4,19.28,0.65,1.94,-29.4131,-66.8558
La Rioja,2011,5,14.64,0.0,1.66,-29.4131,-66.8558
La Rioja,2011,6,11.66,0.02,1.65,-29.4131,-66.8558
La Rioja,2011,7,10.29,0.21,1.69,-29.4131,-66.8558
La Rioja,2011,8,12.76,0.01,2.15,-29.4131,-66.8558
La Rioja,2011,9,18.91,0.09,2.42,-29.4131,-66.8558
La Rioja,2011,10,21.02,0.35,2.77,-29.4131,-66.8558
La Rioja,2011,11,26.11,0.47,3.27,-29.4131,-66.8558
La Rioja,2011,12,26.34,0.73,2.82,-29.4131,-66.8558
La Rioja,2012,1,28.68,0.49,3.01,-29.4131,-66.8558
La Rioja,2012,2,26.52,4.98,2.5,-29.4131,-66.8558
La Rioja,2012,3,23.64,2.9,2.08,-29.4131,-66.8558
La Rioja,2012,4,19.1,1.01,2.05,-29.4131,-66.8558
La Rioja,2012,5,16.48,0.0,1.61,-29.4131,-66.8558
La Rioja,2012,6,12.23,0.0,1.52,-29.4131,-66.8558
La Rioja,2012,7,10.1,0.01,1.69,-29.4131,-66.8558
La Rioja,2012,8,13.64,0.09,2.3,-29.4131,-66.8558
La Rioja,2012,9,18.79,0.18,2.6,-29.4131,-66.8558
La Rioja,2012,10,21.75,0.13,3.03,-29.4131,-66.8558
La Rioja,2012,11,26.08,0.34,3.35,-29.4131,-66.8558
La Rioja,2012,12,28.68,0.22,3.43,-29.4131,-66.8558
La Rioja,2013,1,27.46,2.1,3.08,-29.4131,-66.8558
La Rioja,2013,2,26.69,0.76,2.93,-29.4131,-66.8558
La Rioja,2013,3,22.05,1.46,2.54,-29.4131,-66.8558
La Rioja,2013,4,20.19,0.09,1.99,-29.4131,-66.8558
La Rioja,2013,5,16.35,0.02,1.66,-29.4131,-66.8558
La Rioja,2013,6,13.39,0.38,1.6,-29.4131,-66.8558
La Rioja,2013,7,11.37,0.0,1.8,-29.4131,-66.8558
La Rioja,2013,8,12.78,0.4,1.95,-29.4131,-66.8558
La Rioja,2013,9,16.01,0.29,2.67,-29.4131,-66.8558
La Rioja,2013,10,22.21,0.6,3.17,-29.4131,-66.8558
La Rioja,2013,11,24.57,0.52,3.54,-29.4131,-66.8558
La Rioja,2013,12,29.25,2.29,2.92,-29.4131,-66.8558
La Rioja,2014,1,28.01,1.59,2.9,-29.4131,-66.8558
La Rioja,2014,2,24.02,5.96,2.85,-29.4131,-66.8558
La Rioja,2014,3,20.82,1.75,2.19,-29.4131,-66.8558
La Rioja,2014,4,18.56,1.74,1.98,-29.4131,-66.8558
La Rioja,2014,5,15.4,0.07,1.7,-29.4131,-66.8558
La Rioja,2014,6,11.26,0.11,1.54,-29.4131,-66.8558
La Rioja,2014,7,11.45,0.04,1.73,-29.4131,-66.8558
La Rioja,2014,8,15.94,0.0,1.98,-29.4131,-66.8558
La Rioja,2014,9,18.9,0.01,2.61,-29.4131,-66.8558
La Rioja,2014,10,24.63,0.29,3.13,-29.4131,-66.8558
La Rioja,2014,11,24.27,1.33,3.3,-29.4131,-66.8558
La Rioja,2014,12,25.67,2.53,3.18,-29.4131,-66.8558
La Rioja,2015,1,26.97,3.1,3.13,-29.4131,-66.8558
La Rioja,2015,2,24.91,2.92,2.85,-29.4131,-66.8558
La Rioja,2015,3,23.46,2.61,2.37,-29.4131,-66.8558
La Rioja,2015,4,21.35,0.38,1.94,-29.4131,-66.8558
La Rioja,2015,5,16.78,0.05,1.71,-29.4131,-66.8558
La Rioja,2015,6,13.86,0.0,1.49,-29.4131,-66.8558
La Rioja,2015,7,12.35,0.25,1.62,-29.4131,-66.8558
La Rioja,2015,8,15.86,0.43,1.97,-29.4131,-66.8558
La Rioja,2015,9,17.81,0.24,2.47,-29.4131,-66.8558
La Rioja,2015,10,19.54,0.83,3.2,-29.4131,-66.8558
La Rioja,2015,11,21.97,3.1,3.14,-29.4131,-66.8558
La Rioja,2015,12,26.15,4.23,2.95,-29.4131,-66.8558
La Rioja,2016,1,26.74,7.69,2.83,-29.4131,-66.8558
La Rioja,2016,2,27.09,1.18,2.74,-29.4131,-66.8558
La Rioja,2016,3,22.08,1.72,2.25,-29.4131,-66.8558
La Rioja,2016,4,17.9,2.37,2.14,-29.4131,-66.8558
La Rioja,2016,5,12.9,0.32,1.89,-29.4131,-66.8558
La Rioja,2016,6,9.28,1.13,1.58,-29.4131,-66.8558
La Rioja,2016,7,10.59,0.05,1.63,-29.4131,-66.8558
La Rioja,2016,8,15.65,0.14,1.86,-29.4131,-66.8558
La Rioja,2016,9,17.06,0.27,2.39,-29.4131,-66.8558
La Rioja,2016,10,20.95,0.78,3.05,-29.4131,-66.8558
La Rioja,2016,11,23.54,2.16,3.03,-29.4131,-66.8558
La Rioja,2016,12,26.82,1.03,3.04,-29.4131,-66.8558
La Rioja,2017,1,28.61,2.67,2.82,-29.4131,-66.8558
La Rioja,2017,2,26.6,3.54,2.27,-29.4131,-66.8558
La Rioja,2017,3,23.5,2.57,2.51,-29.4131,-66.8558
La Rioja,2017,4,18.44,2.06,2.02,-29.4131,-66.8558
La Rioja,2017,5,14.66,0.2,1.88,-29.4131,-66.8558
La Rioja,2017,6,12.32,0.04,1.63,-29.4131,-66.8558
La Rioja,2017,7,12.74,0.01,1.71,-29.4131,-66.8558
La Rioja,2017,8,15.22,0.13,2.1,-29.4131,-66.8558
La Rioja,2017,9,16.42,4.22,2.47,-29.4131,-66.8558
La Rioja,2017,10,20.57,0.28,2.54,-29.4131,-66.8558
La Rioja,2017,11,25.24,0.22,2.78,-29.4131,-66.8558
La Rioja,2017,12,26.89,3.0,2.74,-29.4131,-66.8558
La Rioja,2018,1,26.36,3.76,2.73,-29.4131,-66.8558
La Rioja,2018,2,25.96,1.41,2.34,-29.4131,-66.8558
La Rioja,2018,3,23.28,1.03,2.14,-29.4131,-66.8558
La Rioja,2018,4,22.42,0.47,1.88,-29.4131,-66.8558
La Rioja,2018,5,16.43,0.47,1.85,-29.4131,-66.8558
La Rioja,2018,6,10.29,0.01,1.63,-29.4131,-66.8558
La Rioja,2018,7,9.35,0.43,1.96,-29.4131,-66.8558
La Rioja,2018,8,13.3,0.01,2.05,-29.4131,-66.8558
La Rioja,2018,9,20.16,0.33,2.24,-29.4131,-66.8558
La Rioja,2018,10,21.51,1.18,2.79,-29.4131,-66.8558
La Rioja,2018,11,24.83,1.25,3.29,-29.4131,-66.8558
La Rioja,2018,12,25.94,2.59,3.07,-29.4131,-66.8558
La Rioja,2019,1,26.08,4.07,2.7,-29.4131,-66.8558
La Rioja,2019,2,25.2,1.39,2.44,-29.4131,-66.8558
La Rioja,2019,3,21.22,4.26,2.35,-29.4131,-66.8558
La Rioja,2019,4,19.35,1.8,1.88,-29.4131,-66.8558
La Rioja,2019,5,14.96,0.29,1.75,-29.4131,-66.8558
La Rioja,2019,6,11.92,0.01,1.58,-29.4131,-66.8558
La Rioja,2019,7,11.36,0.05,1.51,-29.4131,-66.8558
La Rioja,2019,8,13.4,0.0,1.94,-29.4131,-66.8558
La Rioja,2019,9,16.87,0.32,2.43,-29.4131,-66.8558
La Rioja,2019,10,20.94,1.3,2.77,-29.4131,-66.8558
La Rioja,2019,11,26.41,1.57,2.9,-29.4131,-66.8558
La Rioja,2019,12,26.11,2.96,2.69,-29.4131,-66.8558
La Rioja,2020,1,27.21,3.4,2.51,-29.4131,-66.8558
La Rioja,2020,2,25.01,2.86,2.52,-29.4131,-66.8558
La Rioja,2020,3,25.18,1.3,2.11,-29.4131,-66.8558
La Rioja,2020,4,20.04,0.46,2.01,-29.4131,-66.8558
La Rioja,2020,5,15.98,0.04,1.73,-29.4131,-66.8558
La Rioja,2020,6,12.37,0.03,1.57,-29.4131,-66.8558
La Rioja,2020,7,11.12,0.01,1.72,-29.4131,-66.8558
La Rioja,2020,8,14.61,0.0,2.13,-29.4131,-66.8558
La Rioja,2020,9,18.5,0.0,2.61,-29.4131,-66.8558
La Rioja,2020,10,22.12,0.42,3.24,-29.4131,-66.8558
La Rioja,2020,11,24.83,2.53,3.39,-29.4131,-66.8558
La Rioja,2020,12,26.38,1.92,3.32,-29.4131,-66.8558
La Rioja,2021,1,25.75,4.6,2.92,-29.4131,-66.8558
La Rioja,2021,2,23.88,2.81,2.55,-29.4131,-66.8558
La Rioja,2021,3,21.62,3.67,2.42,-29.4131,-66.8558
La Rioja,2021,4,20.32,0.79,2.01,-29.4131,-66.8558
La Rioja,2021,5,14.69,0.3,1.74,-29.4131,-66.8558
La Rioja,2021,6,11.09,2.41,1.71,-29.4131,-66.8558
La Rioja,2021,7,11.71,0.0,1.58,-29.4131,-66.8558
La Rioja,2021,8,14.13,0.0,1.89,-29.4131,-66.8558
La Rioja,2021,9,18.54,0.2,2.74,-29.4131,-66.8558
La Rioja,2021,10,22.42,0.34,3.27,-29.4131,-66.8558
La Rioja,2021,11,24.41,0.62,3.38,-29.4131,-66.8558
La Rioja,2021,12,27.34,2.91,3.11,-29.4131,-66.8558
La Rioja,2022,1,28.49,4.15,2.73,-29.4131,-66.8558
La Rioja,2022,2,24.33,3.15,2.48,-29.4131,-66.8558
La Rioja,2022,3,21.88,1.48,2.34,-29.4131,-66.8558
La Rioja,2022,4,19.01,0.71,1.83,-29.4131,-66.8558
La Rioja,2022,5,14.17,0.08,1.62,-29.4131,-66.8558
La Rioja,2022,6,10.31,0.0,1.63,-29.4131,-66.8558
La Rioja,2022,7,12.76,0.06,1.8,-29.4131,-66.8558
La Rioja,2022,8,13.99,0.02,2.01,-29.4131,-66.8558
La Rioja,2022,9,16.01,1.06,2.57,-29.4131,-66.8558
La Rioja,2022,10,20.34,0.07,3.18,-29.4131,-66.8558
La Rioja,2022,11,25.34,2.24,2.97,-29.4131,-66.8558
La Rioja,2022,12,26.85,4.29,2.76,-29.4131,-66.8558
La Rioja,2023,1,27.18,2.64,2.66,-29.4131,-66.8558
La Rioja,2023,2,26.09,3.48,2.17,-29.4131,-66.8558
La Rioja,2023,3,26.63,1.87,2.19,-29.4131,-66.8558
La Rioja,2023,4,19.86,1.19,1.92,-29.4131,-66.8558
La Rioja,2023,5,16.61,0.26,1.68,-29.4131,-66.8558
La Rioja,2023,6,13.76,0.0,1.49,-29.4131,-66.8558
La Rioja,2023,7,13.19,0.18,1.69,-29.4131,-66.8558
La Rioja,2023,8,17.15,0.0,2.08,-29.4131,-66.8558
La Rioja,2023,9,19.12,0.01,2.63,-29.4131,-66.8558
La Rioja,2023,10,22.53,0.28,3.24,-29.4131,-66.8558
La Rioja,2023,11,25.35,0.47,3.4,-29.4131,-66.8558
La Rioja,2023,12,27.29,2.5,3.63,-29.4131,-66.8558
Mendoza,1981,1,24.05,2.63,3.03,-32.8908,-68.8272
Mendoza,1981,2,24.02,2.4,2.93,-32.8908,-68.8272
Mendoza,1981,3,21.92,1.35,2.66,-32.8908,-68.8272
Mendoza,1981,4,17.74,1.8,2.63,-32.8908,-68.8272
Mendoza,1981,5,14.02,0.34,2.17,-32.8908,-68.8272
Mendoza,1981,6,8.88,0.02,2.17,-32.8908,-68.8272
Mendoza,1981,7,8.59,0.13,2.36,-32.8908,-68.8272
Mendoza,1981,8,11.7,0.72,2.74,-32.8908,-68.8272
Mendoza,1981,9,12.2,0.18,2.96,-32.8908,-68.8272
Mendoza,1981,10,16.72,0.4,3.16,-32.8908,-68.8272
Mendoza,1981,11,20.56,0.4,3.51,-32.8908,-68.8272
Mendoza,1981,12,24.64,0.55,3.36,-32.8908,-68.8272
Mendoza,1982,1,25.05,1.4,2.91,-32.8908,-68.8272
Mendoza,1982,2,22.75,2.63,2.9,-32.8908,-68.8272
Mendoza,1982,3,20.63,1.0,2.42,-32.8908,-68.8272
Mendoza,1982,4,17.41,0.46,2.37,-32.8908,-68.8272
Mendoza,1982,5,14.53,0.13,2.2,-32.8908,-68.8272
Mendoza,1982,6,7.81,1.26,2.83,-32.8908,-68.8272
Mendoza,1982,7,9.02,0.67,2.53,-32.8908,-68.8272
Mendoza,1982,8,11.07,0.09,2.7,-32.8908,-68.8272
Mendoza,1982,9,14.35,1.7,3.04,-32.8908,-68.8272
Mendoza,1982,10,17.21,0.28,2.97,-32.8908,-68.8272
Mendoza,1982,11,20.48,0.5,3.46,-32.8908,-68.8272
Mendoza,1982,12,25.18,0.53,3.2,-32.8908,-68.8272
Mendoza,1983,1,24.01,2.68,3.16,-32.8908,-68.8272
Mendoza,1983,2,23.19,0.66,3.15,-32.8908,-68.8272
Mendoza,1983,3,22.32,0.5,2.97,-32.8908,-68.8272
Mendoza,1983,4,17.46,0.16,2.47,-32.8908,-68.8272
Mendoza,1983,5,12.14,0.62,2.32,-32.8908,-68.8272
Mendoza,1983,6,6.67,0.53,2.12,-32.8908,-68.8272
Mendoza,1983,7,7.28,0.22,2.24,-32.8908,-68.8272
Mendoza,1983,8,9.51,0.92,2.82,-32.8908,-68.8272
Mendoza,1983,9,11.4,1.34,2.62,-32.8908,-68.8272
Mendoza,1983,10,18.68,0.4,3.04,-32.8908,-68.8272
Mendoza,1983,11,22.07,0.99,3.09,-32.8908,-68.8272
Mendoza,1983,12,26.09,1.47,3.4,-32.8908,-68.8272
Mendoza,1984,1,24.77,2.67,3.04,-32.8908,-68.8272
Mendoza,1984,2,23.8,1.78,3.12,-32.8908,-68.8272
Mendoza,1984,3,20.55,2.89,2.72,-32.8908,-68.8272
Mendoza,1984,4,15.23,0.59,2.75,-32.8908,-68.8272
Mendoza,1984,5,11.47,0.12,2.14,-32.8908,-68.8272
Mendoza,1984,6,6.31,0.5,2.61,-32.8908,-68.8272
Mendoza,1984,7,7.72,1.1,2.34,-32.8908,-68.8272
Mendoza,1984,8,9.05,0.2,2.46,-32.8908,-68.8272
Mendoza,1984,9,13.71,1.18,2.9,-32.8908,-68.8272
Mendoza,1984,10,19.78,0.23,3.11,-32.8908,-68.8272
Mendoza,1984,11,20.58,1.53,3.65,-32.8908,-68.8272
Mendoza,1984,12,22.08,1.78,3.39,-32.8908,-68.8272
Mendoza,1985,1,23.72,1.96,3.02,-32.8908,-68.8272
Mendoza,1985,2,23.26,1.69,2.93,-32.8908,-68.8272
Mendoza,1985,3,21.41,0.53,2.95,-32.8908,-68.8272
Mendoza,1985,4,16.74,0.08,2.66,-32.8908,-68.8272
Mendoza,1985,5,14.59,0.06,2.41,-32.8908,-68.8272
Mendoza,1985,6,11.26,0.01,2.21,-32.8908,-68.8272
Mendoza,1985,7,8.42,1.69,2.5,-32.8908,-68.8272
Mendoza,1985,8,10.73,0.19,2.59,-32.8908,-68.8272
Mendoza,1985,9,14.27,0.4,2.91,-32.8908,-68.8272
Mendoza,1985,10,18.34,0.29,3.51,-32.8908,-68.8272
Mendoza,1985,11,22.88,1.38,3.17,-32.8908,-68.8272
Mendoza,1985,12,25.14,1.66,3.37,-32.8908,-68.8272
Mendoza,1986,1,25.78,0.41,3.58,-32.8908,-68.8272
Mendoza,1986,2,24.77,0.71,3.23,-32.8908,-68.8272
Mendoza,1986,3,21.67,0.47,3.13,-32.8908,-68.8272
Mendoza,1986,4,17.76,0.16,2.77,-32.8908,-68.8272
Mendoza,1986,5,13.72,0.35,2.51,-32.8908,-68.8272
Mendoza,1986,6,10.26,0.43,2.31,-32.8908,-68.8272
Mendoza,1986,7,10.8,0.27,2.42,-32.8908,-68.8272
Mendoza,1986,8,11.66,0.14,2.78,-32.8908,-68.8272
Mendoza,1986,9,13.15,0.98,3.18,-32.8908,-68.8272
Mendoza,1986,10,18.15,0.87,2.88,-32.8908,-68.8272
Mendoza,1986,11,22.13,0.24,3.5,-32.8908,-68.8272
Mendoza,1986,12,26.39,0.79,3.6,-32.8908,-68.8272
Mendoza,1987,1,26.59,1.22,3.18,-32.8908,-68.8272
Mendoza,1987,2,25.48,0.78,3.21,-32.8908,-68.8272
Mendoza,1987,3,21.09,2.29,2.9,-32.8908,-68.8272
Mendoza,1987,4,17.7,0.4,2.55,-32.8908,-68.8272
Mendoza,1987,5,9.69,0.83,2.45,-32.8908,-68.8272
Mendoza,1987,6,9.98,0.08,2.05,-32.8908,-68.8272
Mendoza,1987,7,9.68,1.65,2.06,-32.8908,-68.8272
Mendoza,1987,8,9.23,0.85,2.66,-32.8908,-68.8272
Mendoza,1987,9,12.79,0.07,2.97,-32.8908,-68.8272
Mendoza,1987,10,18.48,0.63,3.21,-32.8908,-68.8272
Mendoza,1987,11,22.52,1.08,3.33,-32.8908,-68.8272
Mendoza,1987,12,23.75,0.69,3.43,-32.8908,-68.8272
Mendoza,1988,1,25.58,0.68,3.3,-32.8908,-68.8272
Mendoza,1988,2,24.03,2.07,2.65,-32.8908,-68.8272
Mendoza,1988,3,22.65,0.69,3.08,-32.8908,-68.8272
Mendoza,1988,4,16.88,0.06,2.82,-32.8908,-68.8272
Mendoza,1988,5,10.65,0.08,2.43,-32.8908,-68.8272
Mendoza,1988,6,9.0,0.02,2.07,-32.8908,-68.8272
Mendoza,1988,7,6.78,0.04,2.77,-32.8908,-68.8272
Mendoza,1988,8,10.9,0.09,2.54,-32.8908,-68.8272
Mendoza,1988,9,12.69,0.86,2.89,-32.8908,-68.8272
Mendoza,1988,10,17.86,0.12,2.99,-32.8908,-68.8272
Mendoza,1988,11,23.23,0.54,3.17,-32.8908,-68.8272
Mendoza,1988,12,25.45,0.62,2.85,-32.8908,-68.8272
Mendoza,1989,1,25.75,1.33,3.09,-32.8908,-68.8272
Mendoza,1989,2,26.32,1.01,2.94,-32.8908,-68.8272
Mendoza,1989,3,20.96,0.75,2.83,-32.8908,-68.8272
Mendoza,1989,4,18.21,0.19,2.58,-32.8908,-68.8272
Mendoza,1989,5,11.59,0.7,2.31,-32.8908,-68.8272
Mendoza,1989,6,11.5,0.06,2.01,-32.8908,-68.8272
Mendoza,1989,7,8.24,0.13,2.28,-32.8908,-68.8272
Mendoza,1989,8,10.95,0.54,2.8,-32.8908,-68.8272
Mendoza,1989,9,12.65,0.08,2.84,-32.8908,-68.8272
Mendoza,1989,10,18.22,0.48,3.22,-32.8908,-68.8272
Mendoza,1989,11,22.53,0.64,3.14,-32.8908,-68.8272
Mendoza,1989,12,25.79,1.06,3.13,-32.8908,-68.8272
Mendoza,1990,1,26.02,1.31,3.19,-32.8908,-68.8272
Mendoza,1990,2,22.82,2.88,2.62,-32.8908,-68.8272
Mendoza,1990,3,20.35,1.23,2.77,-32.8908,-68.8272
Mendoza,1990,4,15.76,1.26,2.72,-32.8908,-68.8272
Mendoza,1990,5,11.99,0.46,2.19,-32.8908,-68.8272
Mendoza,1990,6,9.29,0.08,2.22,-32.8908,-68.8272
Mendoza,1990,7,8.05,0.12,2.4,-32.8908,-68.8272
Mendoza,1990,8,12.75,0.26,2.52,-32.8908,-68.8272
Mendoza,1990,9,12.23,0.36,2.87,-32.8908,-68.8272
Mendoza,1990,10,17.87,1.15,3.16,-32.8908,-68.8272
Mendoza,1990,11,22.03,0.89,3.48,-32.8908,-68.8272
Mendoza,1990,12,24.73,0.64,3.72,-32.8908,-68.8272
Mendoza,1991,1,24.54,1.59,3.32,-32.8908,-68.8272
Mendoza,1991,2,24.6,1.05,3.04,-32.8908,-68.8272
Mendoza,1991,3,23.04,0.6,3.05,-32.8908,-68.8272
Mendoza,1991,4,17.88,0.14,2.71,-32.8908,-68.8272
Mendoza,1991,5,14.33,0.26,2.27,-32.8908,-68.8272
Mendoza,1991,6,9.06,0.17,2.04,-32.8908,-68.8272
Mendoza,1991,7,7.76,0.53,2.59,-32.8908,-68.8272
Mendoza,1991,8,9.87,0.34,2.78,-32.8908,-68.8272
Mendoza,1991,9,14.56,0.63,3.01,-32.8908,-68.8272
Mendoza,1991,10,16.52,0.61,3.19,-32.8908,-68.8272
Mendoza,1991,11,21.53,0.66,3.16,-32.8908,-68.8272
Mendoza,1991,12,23.37,2.01,3.52,-32.8908,-68.8272
Mendoza,1992,1,24.55,2.35,3.06,-32.8908,-68.8272
Mendoza,1992,2,22.64,0.88,3.06,-32.8908,-68.8272
Mendoza,1992,3,22.82,1.18,2.91,-32.8908,-68.8272
Mendoza,1992,4,16.18,0.54,2.67,-32.8908,-68.8272
Mendoza,1992,5,11.07,0.45,2.33,-32.8908,-68.8272
Mendoza,1992,6,8.75,0.29,2.25,-32.8908,-68.8272
Mendoza,1992,7,5.4,0.17,2.66,-32.8908,-68.8272
Mendoza,1992,8,10.85,0.76,2.62,-32.8908,-68.8272
Mendoza,1992,9,13.35,0.44,2.72,-32.8908,-68.8272
Mendoza,1992,10,18.29,0.1,3.25,-32.8908,-68.8272
Mendoza,1992,11,19.77,1.85,3.41,-32.8908,-68.8272
Mendoza,1992,12,23.43,1.95,3.47,-32.8908,-68.8272
Mendoza,1993,1,24.98,2.01,3.1,-32.8908,-68.8272
Mendoza,1993,2,23.72,2.44,2.88,-32.8908,-68.8272
Mendoza,1993,3,22.34,1.18,2.76,-32.8908,-68.8272
Mendoza,1993,4,16.13,0.74,2.81,-32.8908,-68.8272
Mendoza,1993,5,10.69,0.54,2.44,-32.8908,-68.8272
Mendoza,1993,6,8.94,0.2,2.36,-32.8908,-68.8272
Mendoza,1993,7,6.86,0.17,2.36,-32.8908,-68.8272
Mendoza,1993,8,10.25,0.29,2.48,-32.8908,-68.8272
Mendoza,1993,9,12.05,0.53,2.93,-32.8908,-68.8272
Mendoza,1993,10,17.06,0.29,3.37,-32.8908,-68.8272
Mendoza,1993,11,21.21,0.59,3.46,-32.8908,-68.8272
Mendoza,1993,12,25.27,0.22,3.34,-32.8908,-68.8272
Mendoza,1994,1,25.0,2.39,3.2,-32.8908,-68.8272
Mendoza,1994,2,22.82,1.21,2.9,-32.8908,-68.8272
Mendoza,1994,3,21.69,0.35,2.78,-32.8908,-68.8272
Mendoza,1994,4,16.41,0.47,2.71,-32.8908,-68.8272
Mendoza,1994,5,13.64,0.14,2.36,-32.8908,-68.8272
Mendoza,1994,6,10.83,0.07,2.23,-32.8908,-68.8272
Mendoza,1994,7,8.18,0.23,2.34,-32.8908,-68.8272
Mendoza,1994,8,10.89,0.15,2.97,-32.8908,-68.8272
Mendoza,1994,9,15.55,0.08,3.35,-32.8908,-68.8272
Mendoza,1994,10,17.14,2.01,3.34,-32.8908,-68.8272
Mendoza,1994,11,22.32,0.27,3.3,-32.8908,-68.8272
Mendoza,1994,12,26.29,1.93,3.34,-32.8908,-68.8272
Mendoza,1995,1,25.05,0.93,3.21,-32.8908,-68.8272
Mendoza,1995,2,23.0,0.53,3.06,-32.8908,-68.8272
Mendoza,1995,3,21.9,0.69,2.92,-32.8908,-68.8272
Mendoza,1995,4,17.35,0.1,2.56,-32.8908,-68.8272
Mendoza,1995,5,13.55,0.07,2.35,-32.8908,-68.8272
Mendoza,1995,6,10.21,0.05,2.49,-32.8908,-68.8272
Mendoza,1995,7,7.95,0.13,2.43,-32.8908,-68.8272
Mendoza,1995,8,9.81,0.09,2.62,-32.8908,-68.8272
Mendoza,1995,9,13.3,1.78,3.09,-32.8908,-68.8272
Mendoza,1995,10,17.07,0.13,3.09,-32.8908,-68.8272
Mendoza,1995,11,21.93,0.73,3.48,-32.8908,-68.8272
Mendoza,1995,12,26.65,0.3,2.84,-32.8908,-68.8272
Mendoza,1996,1,24.29,1.01,3.05,-32.8908,-68.8272
Mendoza,1996,2,24.11,0.52,3.23,-32.8908,-68.8272
Mendoza,1996,3,21.78,1.23,2.71,-32.8908,-68.8272
Mendoza,1996,4,15.31,0.54,2.7,-32.8908,-68.8272
Mendoza,1996,5,13.23,0.19,2.27,-32.8908,-68.8272
Mendoza,1996,6,7.18,0.12,2.36,-32.8908,-68.8272
Mendoza,1996,7,7.89,0.14,2.37,-32.8908,-68.8272
Mendoza,1996,8,11.34,0.34,2.75,-32.8908,-68.8272
Mendoza,1996,9,12.26,0.67,2.94,-32.8908,-68.8272
Mendoza,1996,10,17.9,0.25,3.28,-32.8908,-68.8272
Mendoza,1996,11,22.66,0.27,3.49,-32.8908,-68.8272
Mendoza,1996,12,23.27,0.81,3.59,-32.8908,-68.8272
Mendoza,1997,1,25.23,1.99,3.25,-32.8908,-68.8272
Mendoza,1997,2,23.46,1.11,3.21,-32.8908,-68.8272
Mendoza,1997,3,21.73,2.4,2.64,-32.8908,-68.8272
Mendoza,1997,4,18.16,0.04,2.31,-32.8908,-68.8272
Mendoza,1997,5,14.16,0.24,2.29,-32.8908,-68.8272
Mendoza,1997,6,8.69,1.12,2.03,-32.8908,-68.8272
Mendoza,1997,7,10.1,0.26,2.43,-32.8908,-68.8272
Mendoza,1997,8,11.31,0.43,2.78,-32.8908,-68.8272
Mendoza,1997,9,14.72,0.37,2.9,-32.8908,-68.8272
Mendoza,1997,10,16.67,0.49,3.01,-32.8908,-68.8272
Mendoza,1997,11,21.45,0.53,3.47,-32.8908,-68.8272
Mendoza,1997,12,23.95,1.08,3.44,-32.8908,-68.8272
Mendoza,1998,1,25.93,0.33,3.55,-32.8908,-68.8272
Mendoza,1998,2,21.08,4.23,3.19,-32.8908,-68.8272
Mendoza,1998,3,19.57,1.3,2.89,-32.8908,-68.8272
Mendoza,1998,4,14.8,1.63,2.69,-32.8908,-68.8272
Mendoza,1998,5,12.11,0.33,2.13,-32.8908,-68.8272
Mendoza,1998,6,8.66,0.24,2.37,-32.8908,-68.8272
Mendoza,1998,7,9.66,0.02,2.17,-32.8908,-68.8272
Mendoza,1998,8,10.42,0.03,2.66,-32.8908,-68.8272
Mendoza,1998,9,11.92,1.01,3.28,-32.8908,-68.8272
Mendoza,1998,10,19.47,0.33,3.1,-32.8908,-68.8272
Mendoza,1998,11,21.17,1.27,3.45,-32.8908,-68.8272
Mendoza,1998,12,24.98,0.22,3.28,-32.8908,-68.8272
Mendoza,1999,1,24.08,1.52,3.08,-32.8908,-68.8272
Mendoza,1999,2,25.53,0.33,3.16,-32.8908,-68.8272
Mendoza,1999,3,21.2,1.02,3.35,-32.8908,-68.8272
Mendoza,1999,4,14.14,2.02,2.6,-32.8908,-68.8272
Mendoza,1999,5,11.87,0.13,2.62,-32.8908,-68.8272
Mendoza,1999,6,8.18,0.35,2.44,-32.8908,-68.8272
Mendoza,1999,7,6.98,0.4,2.31,-32.8908,-68.8272
Mendoza,1999,8,9.71,0.64,2.75,-32.8908,-68.8272
Mendoza,1999,9,14.83,1.17,2.82,-32.8908,-68.8272
Mendoza,1999,10,16.91,2.32,3.25,-32.8908,-68.8272
Mendoza,1999,11,19.12,1.12,3.22,-32.8908,-68.8272
Mendoza,1999,12,22.24,1.9,3.25,-32.8908,-68.8272
Mendoza,2000,1,24.74,1.04,3.24,-32.8908,-68.8272
Mendoza,2000,2,23.5,0.59,3.32,-32.8908,-68.8272
Mendoza,2000,3,19.11,3.72,2.96,-32.8908,-68.8272
Mendoza,2000,4,16.43,1.26,2.47,-32.8908,-68.8272
Mendoza,2000,5,10.09,0.96,2.39,-32.8908,-68.8272
Mendoza,2000,6,8.22,1.21,2.26,-32.8908,-68.8272
Mendoza,2000,7,6.12,0.42,2.5,-32.8908,-68.8272
Mendoza,2000,8,9.02,0.02,2.87,-32.8908,-68.8272
Mendoza,2000,9,12.47,0.36,2.93,-32.8908,-68.8272
Mendoza,2000,10,17.87,0.58,3.22,-32.8908,-68.8272
Mendoza,2000,11,19.95,0.78,3.49,-32.8908,-68.8272
Mendoza,2000,12,24.35,0.72,3.26,-32.8908,-68.8272
Mendoza,2001,1,25.01,2.65,3.13,-32.8908,-68.8272
Mendoza,2001,2,26.16,1.78,3.08,-32.8908,-68.8272
Mendoza,2001,3,20.94,1.98,2.91,-32.8908,-68.8272
Mendoza,2001,4,14.67,1.42,2.58,-32.8908,-68.8272
Mendoza,2001,5,10.57,1.0,2.27,-32.8908,-68.8272
Mendoza,2001,6,8.48,0.25,2.09,-32.8908,-68.8272
Mendoza,2001,7,7.92,0.81,2.55,-32.8908,-68.8272
Mendoza,2001,8,11.04,0.18,2.72,-32.8908,-68.8272
Mendoza,2001,9,12.32,0.88,2.98,-32.8908,-68.8272
Mendoza,2001,10,17.64,1.9,3.24,-32.8908,-68.8272
Mendoza,2001,11,20.25,0.32,3.55,-32.8908,-68.8272
Mendoza,2001,12,24.56,0.75,3.02,-32.8908,-68.8272
Mendoza,2002,1,24.13,1.58,3.16,-32.8908,-68.8272
Mendoza,2002,2,23.58,1.17,3.05,-32.8908,-68.8272
Mendoza,2002,3,22.37,0.21,3.47,-32.8908,-68.8272
Mendoza,2002,4,15.79,0.98,2.65,-32.8908,-68.8272
Mendoza,2002,5,12.7,1.18,2.29,-32.8908,-68.8272
Mendoza,2002,6,6.77,0.54,2.52,-32.8908,-68.8272
Mendoza,2002,7,8.51,0.3,2.2,-32.8908,-68.8272
Mendoza,2002,8,10.59,0.65,2.61,-32.8908,-68.8272
Mendoza,2002,9,14.18,0.24,2.93,-32.8908,-68.8272
Mendoza,2002,10,19.3,0.3,3.53,-32.8908,-68.8272
Mendoza,2002,11,21.77,0.78,3.45,-32.8908,-68.8272
Mendoza,2002,12,23.34,0.85,3.42,-32.8908,-68.8272
Mendoza,2003,1,25.76,1.52,3.09,-32.8908,-68.8272
Mendoza,2003,2,23.7,0.77,3.02,-32.8908,-68.8272
Mendoza,2003,3,21.84,0.98,2.87,-32.8908,-68.8272
Mendoza,2003,4,16.41,0.8,2.7,-32.8908,-68.8272
Mendoza,2003,5,12.38,0.22,2.34,-32.8908,-68.8272
Mendoza,2003,6,11.04,0.12,2.28,-32.8908,-68.8272
Mendoza,2003,7,8.35,0.18,2.34,-32.8908,-68.8272
Mendoza,2003,8,9.89,0.02,3.04,-32.8908,-68.8272
Mendoza,2003,9,14.94,0.06,3.09,-32.8908,-68.8272
Mendoza,2003,10,20.19,0.01,3.31,-32.8908,-68.8272
Mendoza,2003,11,23.1,0.56,3.39,-32.8908,-68.8272
Mendoza,2003,12,23.52,0.3,3.43,-32.8908,-68.8272
Mendoza,2004,1,26.36,1.76,2.93,-32.8908,-68.8272
Mendoza,2004,2,23.84,0.83,3.13,-32.8908,-68.8272
Mendoza,2004,3,22.33,1.95,2.87,-32.8908,-68.8272
Mendoza,2004,4,16.92,0.73,2.67,-32.8908,-68.8272
Mendoza,2004,5,8.8,2.56,2.46,-32.8908,-68.8272
Mendoza,2004,6,9.35,0.19,2.09,-32.8908,-68.8272
Mendoza,2004,7,8.16,0.49,2.62,-32.8908,-68.8272
Mendoza,2004,8,10.02,0.39,2.55,-32.8908,-68.8272
Mendoza,2004,9,14.5,0.15,3.01,-32.8908,-68.8272
Mendoza,2004,10,17.67,0.82,3.45,-32.8908,-68.8272
Mendoza,2004,11,20.41,0.8,3.64,-32.8908,-68.8272
Mendoza,2004,12,24.36,0.44,3.61,-32.8908,-68.8272
Mendoza,2005,1,23.85,2.3,3.22,-32.8908,-68.8272
Mendoza,2005,2,23.72,2.56,2.84,-32.8908,-68.8272
Mendoza,2005,3,19.8,1.5,2.86,-32.8908,-68.8272
Mendoza,2005,4,13.95,0.4,2.51,-32.8908,-68.8272
Mendoza,2005,5,11.52,0.34,2.27,-32.8908,-68.8272
Mendoza,2005,6,9.44,0.45,2.59,-32.8908,-68.8272
Mendoza,2005,7,8.56,0.15,2.34,-32.8908,-68.8272
Mendoza,2005,8,10.3,1.03,3.0,-32.8908,-68.8272
Mendoza,2005,9,11.38,0.47,2.91,-32.8908,-68.8272
Mendoza,2005,10,16.68,0.4,3.28,-32.8908,-68.8272
Mendoza,2005,11,23.13,0.12,3.41,-32.8908,-68.8272
Mendoza,2005,12,24.5,1.08,3.75,-32.8908,-68.8272
Mendoza,2006,1,25.96,1.14,3.19,-32.8908,-68.8272
Mendoza,2006,2,24.03,1.54,2.89,-32.8908,-68.8272
Mendoza,2006,3,20.44,0.77,2.98,-32.8908,-68.8272
Mendoza,2006,4,17.25,0.2,2.5,-32.8908,-68.8272
Mendoza,2006,5,12.11,0.08,2.57,-32.8908,-68.8272
Mendoza,2006,6,10.08,1.06,2.38,-32.8908,-68.8272
Mendoza,2006,7,10.41,0.26,2.43,-32.8908,-68.8272
Mendoza,2006,8,11.06,0.06,2.74,-32.8908,-68.8272
Mendoza,2006,9,14.15,0.26,3.14,-32.8908,-68.8272
Mendoza,2006,10,19.53,0.26,3.53,-32.8908,-68.8272
Mendoza,2006,11,20.58,3.44,3.5,-32.8908,-68.8272
Mendoza,2006,12,24.41,0.94,3.48,-32.8908,-68.8272
Mendoza,2007,1,24.43,1.68,3.13,-32.8908,-68.8272
Mendoza,2007,2,23.48,0.97,3.01,-32.8908,-68.8272
Mendoza,2007,3,20.35,2.42,2.84,-32.8908,-68.8272
Mendoza,2007,4,16.04,0.19,2.57,-32.8908,-68.8272
Mendoza,2007,5,9.06,0.04,2.55,-32.8908,-68.8272
Mendoza,2007,6,7.23,0.42,1.97,-32.8908,-68.8272
Mendoza,2007,7,7.02,0.11,2.35,-32.8908,-68.8272
Mendoza,2007,8,6.2,0.29,2.93,-32.8908,-68.8272
Mendoza,2007,9,13.75,0.2,2.93,-32.8908,-68.8272
Mendoza,2007,10,18.39,0.28,3.45,-32.8908,-68.8272
Mendoza,2007,11,20.89,0.8,3.31,-32.8908,-68.8272
Mendoza,2007,12,24.08,0.83,3.23,-32.8908,-68.8272
Mendoza,2008,1,24.25,2.9,3.15,-32.8908,-68.8272
Mendoza,2008,2,23.34,1.96,2.74,-32.8908,-68.8272
Mendoza,2008,3,20.09,1.66,2.79,-32.8908,-68.8272
Mendoza,2008,4,16.3,0.11,2.41,-32.8908,-68.8272
Mendoza,2008,5,12.23,0.49,2.15,-32.8908,-68.8272
Mendoza,2008,6,7.63,0.1,2.02,-32.8908,-68.8272
Mendoza,2008,7,10.01,0.04,2.44,-32.8908,-68.8272
Mendoza,2008,8,10.75,0.45,2.59,-32.8908,-68.8272
Mendoza,2008,9,13.13,0.55,2.92,-32.8908,-68.8272
Mendoza,2008,10,17.84,0.15,3.29,-32.8908,-68.8272
Mendoza,2008,11,23.39,1.84,3.27,-32.8908,-68.8272
Mendoza,2008,12,24.16,1.15,3.0,-32.8908,-68.8272
Mendoza,2009,1,24.87,1.12,3.09,-32.8908,-68.8272
Mendoza,2009,2,24.72,0.39,3.01,-32.8908,-68.8272
Mendoza,2009,3,22.97,0.78,2.7,-32.8908,-68.8272
Mendoza,2009,4,19.97,0.05,2.43,-32.8908,-68.8272
Mendoza,2009,5,14.08,0.13,2.46,-32.8908,-68.8272
Mendoza,2009,6,9.23,0.11,2.28,-32.8908,-68.8272
Mendoza,2009,7,7.01,0.12,2.11,-32.8908,-68.8272
Mendoza,2009,8,12.79,0.11,2.82,-32.8908,-68.8272
Mendoza,2009,9,11.47,0.31,3.27,-32.8908,-68.8272
Mendoza,2009,10,18.7,0.01,3.32,-32.8908,-68.8272
Mendoza,2009,11,22.13,0.02,3.65,-32.8908,-68.8272
Mendoza,2009,12,23.4,1.73,3.59,-32.8908,-68.8272
Mendoza,2010,1,26.81,0.92,3.21,-32.8908,-68.8272
Mendoza,2010,2,25.05,0.41,3.38,-32.8908,-68.8272
Mendoza,2010,3,23.16,0.74,2.9,-32.8908,-68.8272
Mendoza,2010,4,15.49,0.26,2.77,-32.8908,-68.8272
Mendoza,2010,5,11.49,0.62,2.23,-32.8908,-68.8272
Mendoza,2010,6,8.72,0.1,2.26,-32.8908,-68.8272
Mendoza,2010,7,6.0,0.11,2.33,-32.8908,-68.8272
Mendoza,2010,8,9.12,0.1,3.28,-32.8908,-68.8272
Mendoza,2010,9,13.7,0.34,3.05,-32.8908,-68.8272
Mendoza,2010,10,17.22,0.41,3.32,-32.8908,-68.8272
Mendoza,2010,11,20.79,0.48,3.37,-32.8908,-68.8272
Mendoza,2010,12,23.39,1.93,3.12,-32.8908,-68.8272
Mendoza,2011,1,24.63,0.93,3.07,-32.8908,-68.8272
Mendoza,2011,2,22.31,3.23,2.96,-32.8908,-68.8272
Mendoza,2011,3,20.08,0.61,2.8,-32.8908,-68.8272
Mendoza,2011,4,16.58,0.19,2.51,-32.8908,-68.8272
Mendoza,2011,5,11.78,0.01,2.28,-32.8908,-68.8272
Mendoza,2011,6,8.1,0.05,2.24,-32.8908,-68.8272
Mendoza,2011,7,6.87,0.17,2.3,-32.8908,-68.8272
Mendoza,2011,8,9.27,0.23,2.62,-32.8908,-68.8272
Mendoza,2011,9,15.18,0.0,3.09,-32.8908,-68.8272
Mendoza,2011,10,17.21,0.38,3.33,-32.8908,-68.8272
Mendoza,2011,11,21.71,2.28,3.5,-32.8908,-68.8272
Mendoza,2011,12,24.65,0.35,3.12,-32.8908,-68.8272
Mendoza,2012,1,26.57,1.02,3.35,-32.8908,-68.8272
Mendoza,2012,2,24.43,1.05,3.13,-32.8908,-68.8272
Mendoza,2012,3,22.53,0.06,3.13,-32.8908,-68.8272
Mendoza,2012,4,16.15,0.7,2.72,-32.8908,-68.8272
Mendoza,2012,5,13.43,0.06,2.39,-32.8908,-68.8272
Mendoza,2012,6,9.18,0.08,2.25,-32.8908,-68.8272
Mendoza,2012,7,7.09,0.03,2.42,-32.8908,-68.8272
Mendoza,2012,8,9.98,0.15,2.83,-32.8908,-68.8272
Mendoza,2012,9,14.39,0.67,3.24,-32.8908,-68.8272
Mendoza,2012,10,17.12,0.85,3.46,-32.8908,-68.8272
Mendoza,2012,11,21.87,0.85,3.32,-32.8908,-68.8272
Mendoza,2012,12,24.76,0.36,3.69,-32.8908,-68.8272
Mendoza,2013,1,25.33,1.76,3.1,-32.8908,-68.8272
Mendoza,2013,2,24.35,0.73,3.16,-32.8908,-68.8272
Mendoza,2013,3,19.72,1.66,3.21,-32.8908,-68.8272
Mendoza,2013,4,16.92,0.17,2.31,-32.8908,-68.8272
Mendoza,2013,5,12.36,0.22,2.19,-32.8908,-68.8272
Mendoza,2013,6,10.43,0.04,2.04,-32.8908,-68.8272
Mendoza,2013,7,8.06,0.04,2.46,-32.8908,-68.8272
Mendoza,2013,8,10.32,0.15,2.62,-32.8908,-68.8272
Mendoza,2013,9,11.87,0.1,3.6,-32.8908,-68.8272
Mendoza,2013,10,18.69,0.16,3.18,-32.8908,-68.8272
Mendoza,2013,11,21.73,1.23,3.4,-32.8908,-68.8272
Mendoza,2013,12,25.82,1.71,3.06,-32.8908,-68.8272
Mendoza,2014,1,26.75,0.31,3.41,-32.8908,-68.8272
Mendoza,2014,2,21.25,6.92,3.28,-32.8908,-68.8272
Mendoza,2014,3,18.49,0.44,2.74,-32.8908,-68.8272
Mendoza,2014,4,15.29,0.48,2.68,-32.8908,-68.8272
Mendoza,2014,5,12.13,0.39,2.36,-32.8908,-68.8272
Mendoza,2014,6,7.92,0.1,2.09,-32.8908,-68.8272
Mendoza,2014,7,8.43,0.04,2.31,-32.8908,-68.8272
Mendoza,2014,8,12.18,1.36,2.53,-32.8908,-68.8272
Mendoza,2014,9,14.56,0.27,2.9,-32.8908,-68.8272
Mendoza,2014,10,20.08,0.72,3.52,-32.8908,-68.8272
Mendoza,2014,11,21.26,0.11,3.64,-32.8908,-68.8272
Mendoza,2014,12,23.52,0.7,3.27,-32.8908,-68.8272
Mendoza,2015,1,26.26,0.66,3.49,-32.8908,-68.8272
Mendoza,2015,2,23.05,2.43,3.21,-32.8908,-68.8272
Mendoza,2015,3,21.84,1.7,2.75,-32.8908,-68.8272
Mendoza,2015,4,18.5,0.09,2.63,-32.8908,-68.8272
Mendoza,2015,5,13.45,0.22,2.44,-32.8908,-68.8272
Mendoza,2015,6,10.32,0.0,2.24,-32.8908,-68.8272
Mendoza,2015,7,9.28,0.1,2.38,-32.8908,-68.8272
Mendoza,2015,8,11.55,0.58,2.76,-32.8908,-68.8272
Mendoza,2015,9,13.17,0.24,3.18,-32.8908,-68.8272
Mendoza,2015,10,13.73,0.99,3.72,-32.8908,-68.8272
Mendoza,2015,11,18.91,1.52,3.13,-32.8908,-68.8272
Mendoza,2015,12,23.89,1.26,3.34,-32.8908,-68.8272
Mendoza,2016,1,24.24,3.81,3.11,-32.8908,-68.8272
Mendoza,2016,2,24.99,2.05,3.13,-32.8908,-68.8272
Mendoza,2016,3,20.55,1.78,2.7,-32.8908,-68.8272
Mendoza,2016,4,13.58,2.02,2.83,-32.8908,-68.8272
Mendoza,2016,5,10.15,1.72,2.45,-32.8908,-68.8272
Mendoza,2016,6,6.46,0.78,2.18,-32.8908,-68.8272
Mendoza,2016,7,7.5,0.32,2.51,-32.8908,-68.8272
Mendoza,2016,8,11.75,0.0,2.45,-32.8908,-68.8272
Mendoza,2016,9,13.75,0.0,2.96,-32.8908,-68.8272
Mendoza,2016,10,16.72,0.69,3.26,-32.8908,-68.8272
Mendoza,2016,11,20.76,1.1,3.34,-32.8908,-68.8272
Mendoza,2016,12,24.3,1.13,3.27,-32.8908,-68.8272
Mendoza,2017,1,27.21,0.39,3.25,-32.8908,-68.8272
Mendoza,2017,2,24.98,1.93,2.73,-32.8908,-68.8272
Mendoza,2017,3,21.15,2.25,2.79,-32.8908,-68.8272
Mendoza,2017,4,15.36,3.43,2.45,-32.8908,-68.8272
Mendoza,2017,5,11.15,0.31,2.15,-32.8908,-68.8272
Mendoza,2017,6,8.52,0.13,2.22,-32.8908,-68.8272
Mendoza,2017,7,8.36,0.27,2.56,-32.8908,-68.8272
Mendoza,2017,8,11.0,0.13,2.64,-32.8908,-68.8272
Mendoza,2017,9,13.27,0.17,3.21,-32.8908,-68.8272
Mendoza,2017,10,17.14,0.64,3.2,-32.8908,-68.8272
Mendoza,2017,11,21.41,0.43,3.27,-32.8908,-68.8272
Mendoza,2017,12,24.44,1.58,3.32,-32.8908,-68.8272
Mendoza,2018,1,25.02,1.43,3.01,-32.8908,-68.8272
Mendoza,2018,2,24.71,1.22,2.88,-32.8908,-68.8272
Mendoza,2018,3,20.89,0.08,2.81,-32.8908,-68.8272
Mendoza,2018,4,18.29,0.37,2.65,-32.8908,-68.8272
Mendoza,2018,5,12.3,1.34,2.57,-32.8908,-68.8272
Mendoza,2018,6,7.18,0.08,2.18,-32.8908,-68.8272
Mendoza,2018,7,5.99,2.11,2.52,-32.8908,-68.8272
Mendoza,2018,8,9.71,0.01,2.51,-32.8908,-68.8272
Mendoza,2018,9,15.42,0.1,2.97,-32.8908,-68.8272
Mendoza,2018,10,17.63,0.51,3.24,-32.8908,-68.8272
Mendoza,2018,11,21.51,0.91,3.45,-32.8908,-68.8272
Mendoza,2018,12,24.0,0.91,3.51,-32.8908,-68.8272
Mendoza,2019,1,25.11,1.64,3.34,-32.8908,-68.8272
Mendoza,2019,2,24.65,0.94,3.25,-32.8908,-68.8272
Mendoza,2019,3,19.69,1.41,3.03,-32.8908,-68.8272
Mendoza,2019,4,17.76,0.45,2.4,-32.8908,-68.8272
Mendoza,2019,5,12.1,1.27,2.34,-32.8908,-68.8272
Mendoza,2019,6,8.39,0.08,2.25,-32.8908,-68.8272
Mendoza,2019,7,8.19,0.01,2.34,-32.8908,-68.8272
Mendoza,2019,8,10.75,0.0,2.93,-32.8908,-68.8272
Mendoza,2019,9,13.73,0.19,2.98,-32.8908,-68.8272
Mendoza,2019,10,17.34,0.17,3.35,-32.8908,-68.8272
Mendoza,2019,11,23.75,0.84,3.49,-32.8908,-68.8272
Mendoza,2019,12,24.92,0.47,3.5,-32.8908,-68.8272
Mendoza,2020,1,26.82,1.02,3.08,-32.8908,-68.8272
Mendoza,2020,2,23.97,1.53,3.16,-32.8908,-68.8272
Mendoza,2020,3,24.12,0.67,2.9,-32.8908,-68.8272
Mendoza,2020,4,17.12,5.62,2.68,-32.8908,-68.8272
Mendoza,2020,5,12.1,0.11,2.43,-32.8908,-68.8272
Mendoza,2020,6,7.56,0.26,2.41,-32.8908,-68.8272
Mendoza,2020,7,7.43,0.58,2.45,-32.8908,-68.8272
Mendoza,2020,8,9.69,0.0,2.6,-32.8908,-68.8272
Mendoza,2020,9,14.51,0.04,3.16,-32.8908,-68.8272
Mendoza,2020,10,18.73,0.04,3.69,-32.8908,-68.8272
Mendoza,2020,11,22.08,2.55,3.65,-32.8908,-68.8272
Mendoza,2020,12,24.59,0.66,3.6,-32.8908,-68.8272
Mendoza,2021,1,24.5,1.54,3.63,-32.8908,-68.8272
Mendoza,2021,2,22.26,3.52,2.97,-32.8908,-68.8272
Mendoza,2021,3,20.18,1.35,2.86,-32.8908,-68.8272
Mendoza,2021,4,17.99,0.39,2.48,-32.8908,-68.8272
Mendoza,2021,5,12.29,0.55,2.3,-32.8908,-68.8272
Mendoza,2021,6,8.11,0.3,2.36,-32.8908,-68.8272
Mendoza,2021,7,8.36,0.0,2.17,-32.8908,-68.8272
Mendoza,2021,8,11.56,0.03,2.75,-32.8908,-68.8272
Mendoza,2021,9,14.55,0.54,3.2,-32.8908,-68.8272
Mendoza,2021,10,18.37,0.37,3.37,-32.8908,-68.8272
Mendoza,2021,11,21.41,1.19,3.51,-32.8908,-68.8272
Mendoza,2021,12,24.23,1.89,3.28,-32.8908,-68.8272
Mendoza,2022,1,26.09,1.37,3.4,-32.8908,-68.8272
Mendoza,2022,2,22.24,1.75,3.06,-32.8908,-68.8272
Mendoza,2022,3,20.33,0.1,2.99,-32.8908,-68.8272
Mendoza,2022,4,16.57,0.01,2.57,-32.8908,-68.8272
Mendoza,2022,5,11.34,0.0,2.54,-32.8908,-68.8272
Mendoza,2022,6,7.9,0.05,2.31,-32.8908,-68.8272
Mendoza,2022,7,8.45,0.35,2.39,-32.8908,-68.8272
Mendoza,2022,8,10.78,0.02,2.73,-32.8908,-68.8272
Mendoza,2022,9,13.32,0.16,2.94,-32.8908,-68.8272
Mendoza,2022,10,17.36,0.73,3.28,-32.8908,-68.8272
Mendoza,2022,11,23.4,0.54,3.3,-32.8908,-68.8272
Mendoza,2022,12,25.47,0.87,3.31,-32.8908,-68.8272
Mendoza,2023,1,25.85,2.58,3.21,-32.8908,-68.8272
Mendoza,2023,2,24.76,0.24,2.93,-32.8908,-68.8272
Mendoza,2023,3,23.95,1.46,3.03,-32.8908,-68.8272
Mendoza,2023,4,18.51,0.06,2.61,-32.8908,-68.8272
Mendoza,2023,5,14.46,0.03,2.44,-32.8908,-68.8272
Mendoza,2023,6,10.97,0.01,2.61,-32.8908,-68.8272
Mendoza,2023,7,10.24,0.05,2.97,-32.8908,-68.8272
Mendoza,2023,8,13.26,0.12,3.17,-32.8908,-68.8272
Mendoza,2023,9,14.73,0.06,3.54,-32.8908,-68.8272
Mendoza,2023,10,18.55,0.29,3.5,-32.8908,-68.8272
Mendoza,2023,11,21.89,0.15,3.55,-32.8908,-68.8272
Mendoza,2023,12,25.03,0.65,3.79,-32.8908,-68.8272
Misiones,1981,1,25.43,7.19,0.11,-27.3671,-55.8961
Misiones,1981,2,25.42,4.87,0.1,-27.3671,-55.8961
Misiones,1981,3,24.09,2.77,0.17,-27.3671,-55.8961
Misiones,1981,4,22.48,4.89,0.13,-27.3671,-55.8961
Misiones,1981,5,20.6,2.58,0.12,-27.3671,-55.8961
Misiones,1981,6,13.83,4.74,0.17,-27.3671,-55.8961
Misiones,1981,7,13.74,0.87,0.12,-27.3671,-55.8961
Misiones,1981,8,18.55,1.35,0.16,-27.3671,-55.8961
Misiones,1981,9,18.26,5.77,0.15,-27.3671,-55.8961
Misiones,1981,10,21.48,1.64,0.1,-27.3671,-55.8961
Misiones,1981,11,24.61,5.66,0.14,-27.3671,-55.8961
Misiones,1981,12,24.91,5.51,0.13,-27.3671,-55.8961
Misiones,1982,1,27.42,1.08,0.11,-27.3671,-55.8961
Misiones,1982,2,25.22,9.22,0.1,-27.3671,-55.8961
Misiones,1982,3,24.32,3.24,0.13,-27.3671,-55.8961
Misiones,1982,4,22.5,1.98,0.16,-27.3671,-55.8961
Misiones,1982,5,18.56,3.36,0.13,-27.3671,-55.8961
Misiones,1982,6,16.42,8.23,0.12,-27.3671,-55.8961
Misiones,1982,7,16.84,2.63,0.11,-27.3671,-55.8961
Misiones,1982,8,17.99,9.02,0.11,-27.3671,-55.8961
Misiones,1982,9,19.51,5.65,0.1,-27.3671,-55.8961
Misiones,1982,10,19.18,6.36,0.14,-27.3671,-55.8961
Misiones,1982,11,21.8,17.99,0.11,-27.3671,-55.8961
Misiones,1982,12,23.59,3.81,0.15,-27.3671,-55.8961
Misiones,1983,1,26.56,5.38,0.13,-27.3671,-55.8961
Misiones,1983,2,24.92,13.89,0.11,-27.3671,-55.8961
Misiones,1983,3,21.85,7.58,0.13,-27.3671,-55.8961
Misiones,1983,4,20.34,11.9,0.13,-27.3671,-55.8961
Misiones,1983,5,18.53,15.48,0.11,-27.3671,-55.8961
Misiones,1983,6,12.44,2.65,0.14,-27.3671,-55.8961
Misiones,1983,7,14.47,9.05,0.11,-27.3671,-55.8961
Misiones,1983,8,15.66,2.69,0.1,-27.3671,-55.8961
Misiones,1983,9,15.65,2.72,0.14,-27.3671,-55.8961
Misiones,1983,10,20.1,8.73,0.15,-27.3671,-55.8961
Misiones,1983,11,21.29,3.76,0.16,-27.3671,-55.8961
Misiones,1983,12,24.47,4.12,0.14,-27.3671,-55.8961
Misiones,1984,1,26.3,9.34,0.1,-27.3671,-55.8961
Misiones,1984,2,26.01,5.53,0.09,-27.3671,-55.8961
Misiones,1984,3,24.21,5.24,0.11,-27.3671,-55.8961
Misiones,1984,4,19.78,3.26,0.15,-27.3671,-55.8961
Misiones,1984,5,19.27,9.49,0.14,-27.3671,-55.8961
Misiones,1984,6,15.04,6.02,0.1,-27.3671,-55.8961
Misiones,1984,7,15.73,3.35,0.13,-27.3671,-55.8961
Misiones,1984,8,13.96,5.01,0.17,-27.3671,-55.8961
Misiones,1984,9,17.59,6.64,0.14,-27.3671,-55.8961
Misiones,1984,10,22.05,6.94,0.09,-27.3671,-55.8961
Misiones,1984,11,22.7,8.94,0.11,-27.3671,-55.8961
Misiones,1984,12,22.93,3.39,0.15,-27.3671,-55.8961
Misiones,1985,1,26.38,3.38,0.11,-27.3671,-55.8961
Misiones,1985,2,26.22,11.25,0.1,-27.3671,-55.8961
Misiones,1985,3,24.09,7.8,0.13,-27.3671,-55.8961
Misiones,1985,4,20.68,8.99,0.15,-27.3671,-55.8961
Misiones,1985,5,17.55,11.57,0.17,-27.3671,-55.8961
Misiones,1985,6,15.11,2.75,0.12,-27.3671,-55.8961
Misiones,1985,7,14.54,7.09,0.12,-27.3671,-55.8961
Misiones,1985,8,15.57,7.63,0.12,-27.3671,-55.8961
Misiones,1985,9,17.76,4.3,0.12,-27.3671,-55.8961
Misiones,1985,10,20.59,2.85,0.12,-27.3671,-55.8961
Misiones,1985,11,25.31,0.46,0.1,-27.3671,-55.8961
Misiones,1985,12,29.06,1.6,0.12,-27.3671,-55.8961
Misiones,1986,1,29.34,4.14,0.1,-27.3671,-55.8961
Misiones,1986,2,26.99,5.9,0.08,-27.3671,-55.8961
Misiones,1986,3,23.14,10.7,0.15,-27.3671,-55.8961
Misiones,1986,4,22.16,11.37,0.1,-27.3671,-55.8961
Misiones,1986,5,17.86,4.61,0.16,-27.3671,-55.8961
Misiones,1986,6,17.38,7.61,0.11,-27.3671,-55.8961
Misiones,1986,7,15.38,1.77,0.16,-27.3671,-55.8961
Misiones,1986,8,16.87,4.6,0.13,-27.3671,-55.8961
Misiones,1986,9,17.86,4.23,0.12,-27.3671,-55.8961
Misiones,1986,10,19.51,11.42,0.14,-27.3671,-55.8961
Misiones,1986,11,23.15,9.39,0.09,-27.3671,-55.8961
Misiones,1986,12,24.83,2.67,0.14,-27.3671,-55.8961
Misiones,1987,1,26.62,6.77,0.14,-27.3671,-55.8961
Misiones,1987,2,23.55,10.23,0.08,-27.3671,-55.8961
Misiones,1987,3,23.43,4.89,0.17,-27.3671,-55.8961
Misiones,1987,4,21.3,10.54,0.13,-27.3671,-55.8961
Misiones,1987,5,14.35,5.99,0.17,-27.3671,-55.8961
Misiones,1987,6,13.73,6.87,0.18,-27.3671,-55.8961
Misiones,1987,7,18.08,13.06,0.11,-27.3671,-55.8961
Misiones,1987,8,14.81,3.05,0.11,-27.3671,-55.8961
Misiones,1987,9,16.13,4.26,0.14,-27.3671,-55.8961
Misiones,1987,10,19.32,4.76,0.15,-27.3671,-55.8961
Misiones,1987,11,22.5,4.99,0.13,-27.3671,-55.8961
Misiones,1987,12,23.84,3.82,0.14,-27.3671,-55.8961
Misiones,1988,1,26.84,8.98,0.12,-27.3671,-55.8961
Misiones,1988,2,24.93,3.37,0.14,-27.3671,-55.8961
Misiones,1988,3,28.29,2.29,0.12,-27.3671,-55.8961
Misiones,1988,4,21.05,7.67,0.13,-27.3671,-55.8961
Misiones,1988,5,14.56,1.6,0.18,-27.3671,-55.8961
Misiones,1988,6,12.96,3.63,0.12,-27.3671,-55.8961
Misiones,1988,7,12.72,0.7,0.14,-27.3671,-55.8961
Misiones,1988,8,17.97,1.14,0.13,-27.3671,-55.8961
Misiones,1988,9,18.39,7.9,0.09,-27.3671,-55.8961
Misiones,1988,10,18.77,6.71,0.12,-27.3671,-55.8961
Misiones,1988,11,22.85,4.28,0.14,-27.3671,-55.8961
Misiones,1988,12,27.44,3.09,0.13,-27.3671,-55.8961
Misiones,1989,1,26.4,8.01,0.1,-27.3671,-55.8961
Misiones,1989,2,26.57,2.39,0.11,-27.3671,-55.8961
Misiones,1989,3,25.32,4.95,0.13,-27.3671,-55.8961
Misiones,1989,4,20.77,8.03,0.14,-27.3671,-55.8961
Misiones,1989,5,17.07,1.29,0.14,-27.3671,-55.8961
Misiones,1989,6,15.58,9.2,0.14,-27.3671,-55.8961
Misiones,1989,7,12.98,3.46,0.13,-27.3671,-55.8961
Misiones,1989,8,15.95,7.24,0.12,-27.3671,-55.8961
Misiones,1989,9,15.72,7.3,0.13,-27.3671,-55.8961
Misiones,1989,10,19.02,9.24,0.14,-27.3671,-55.8961
Misiones,1989,11,22.17,3.07,0.14,-27.3671,-55.8961
Misiones,1989,12,25.73,5.91,0.11,-27.3671,-55.8961
Misiones,1990,1,26.47,6.19,0.1,-27.3671,-55.8961
Misiones,1990,2,25.49,4.3,0.09,-27.3671,-55.8961
Misiones,1990,3,25.94,5.43,0.09,-27.3671,-55.8961
Misiones,1990,4,22.8,16.26,0.1,-27.3671,-55.8961
Misiones,1990,5,16.03,5.22,0.13,-27.3671,-55.8961
Misiones,1990,6,13.34,8.16,0.17,-27.3671,-55.8961
Misiones,1990,7,12.18,2.95,0.15,-27.3671,-55.8961
Misiones,1990,8,16.47,3.15,0.11,-27.3671,-55.8961
Misiones,1990,9,16.1,7.98,0.12,-27.3671,-55.8961
Misiones,1990,10,21.99,8.14,0.13,-27.3671,-55.8961
Misiones,1990,11,24.11,9.07,0.1,-27.3671,-55.8961
Misiones,1990,12,23.9,6.73,0.11,-27.3671,-55.8961
Misiones,1991,1,25.54,3.81,0.13,-27.3671,-55.8961
Misiones,1991,2,26.06,0.7,0.16,-27.3671,-55.8961
Misiones,1991,3,26.26,3.71,0.13,-27.3671,-55.8961
Misiones,1991,4,21.71,6.74,0.12,-27.3671,-55.8961
Misiones,1991,5,18.81,4.44,0.13,-27.3671,-55.8961
Misiones,1991,6,16.25,6.41,0.11,-27.3671,-55.8961
Misiones,1991,7,14.45,3.43,0.12,-27.3671,-55.8961
Misiones,1991,8,17.26,0.41,0.14,-27.3671,-55.8961
Misiones,1991,9,21.23,2.81,0.11,-27.3671,-55.8961
Misiones,1991,10,21.31,4.99,0.12,-27.3671,-55.8961
Misiones,1991,11,23.83,3.94,0.1,-27.3671,-55.8961
Misiones,1991,12,26.21,10.92,0.13,-27.3671,-55.8961
Misiones,1992,1,25.87,1.68,0.12,-27.3671,-55.8961
Misiones,1992,2,26.55,10.01,0.09,-27.3671,-55.8961
Misiones,1992,3,23.14,6.63,0.13,-27.3671,-55.8961
Misiones,1992,4,19.76,7.72,0.15,-27.3671,-55.8961
Misiones,1992,5,17.72,6.63,0.09,-27.3671,-55.8961
Misiones,1992,6,17.36,5.35,0.09,-27.3671,-55.8961
Misiones,1992,7,11.88,2.6,0.12,-27.3671,-55.8961
Misiones,1992,8,14.82,3.62,0.11,-27.3671,-55.8961
Misiones,1992,9,16.72,5.76,0.13,-27.3671,-55.8961
Misiones,1992,10,19.67,9.65,0.13,-27.3671,-55.8961
Misiones,1992,11,21.14,5.58,0.14,-27.3671,-55.8961
Misiones,1992,12,24.98,3.07,0.15,-27.3671,-55.8961
Misiones,1993,1,25.59,8.97,0.11,-27.3671,-55.8961
Misiones,1993,2,24.37,1.54,0.14,-27.3671,-55.8961
Misiones,1993,3,24.42,7.66,0.12,-27.3671,-55.8961
Misiones,1993,4,22.16,3.16,0.1,-27.3671,-55.8961
Misiones,1993,5,18.18,2.77,0.11,-27.3671,-55.8961
Misiones,1993,6,15.48,3.24,0.12,-27.3671,-55.8961
Misiones,1993,7,14.14,4.16,0.12,-27.3671,-55.8961
Misiones,1993,8,15.46,1.05,0.16,-27.3671,-55.8961
Misiones,1993,9,16.93,5.56,0.13,-27.3671,-55.8961
Misiones,1993,10,21.51,6.74,0.13,-27.3671,-55.8961
Misiones,1993,11,21.9,8.1,0.17,-27.3671,-55.8961
Misiones,1993,12,24.2,8.6,0.11,-27.3671,-55.8961
Misiones,1994,1,26.36,7.26,0.11,-27.3671,-55.8961
Misiones,1994,2,24.49,12.03,0.11,-27.3671,-55.8961
Misiones,1994,3,23.08,3.7,0.11,-27.3671,-55.8961
Misiones,1994,4,20.91,8.38,0.12,-27.3671,-55.8961
Misiones,1994,5,19.88,6.4,0.11,-27.3671,-55.8961
Misiones,1994,6,15.62,4.78,0.14,-27.3671,-55.8961
Misiones,1994,7,15.39,5.48,0.1,-27.3671,-55.8961
Misiones,1994,8,16.48,2.18,0.11,-27.3671,-55.8961
Misiones,1994,9,19.37,6.1,0.1,-27.3671,-55.8961
Misiones,1994,10,21.28,7.03,0.12,-27.3671,-55.8961
Misiones,1994,11,22.03,6.49,0.16,-27.3671,-55.8961
Misiones,1994,12,26.29,3.87,0.12,-27.3671,-55.8961
Misiones,1995,1,26.48,5.24,0.09,-27.3671,-55.8961
Misiones,1995,2,25.97,5.67,0.11,-27.3671,-55.8961
Misiones,1995,3,23.96,5.24,0.12,-27.3671,-55.8961
Misiones,1995,4,20.47,2.9,0.15,-27.3671,-55.8961
Misiones,1995,5,17.27,2.45,0.17,-27.3671,-55.8961
Misiones,1995,6,17.13,2.36,0.12,-27.3671,-55.8961
Misiones,1995,7,17.65,2.58,0.1,-27.3671,-55.8961
Misiones,1995,8,17.59,2.0,0.12,-27.3671,-55.8961
Misiones,1995,9,20.09,3.49,0.12,-27.3671,-55.8961
Misiones,1995,10,19.85,5.08,0.12,-27.3671,-55.8961
Misiones,1995,11,26.34,1.2,0.12,-27.3671,-55.8961
Misiones,1995,12,28.0,3.95,0.13,-27.3671,-55.8961
Misiones,1996,1,27.5,6.82,0.12,-27.3671,-55.8961
Misiones,1996,2,24.96,10.21,0.09,-27.3671,-55.8961
Misiones,1996,3,24.18,3.06,0.12,-27.3671,-55.8961
Misiones,1996,4,21.91,4.54,0.1,-27.3671,-55.8961
Misiones,1996,5,19.16,2.45,0.13,-27.3671,-55.8961
Misiones,1996,6,13.03,2.1,0.14,-27.3671,-55.8961
Misiones,1996,7,12.73,2.08,0.16,-27.3671,-55.8961
Misiones,1996,8,17.96,4.05,0.11,-27.3671,-55.8961
Misiones,1996,9,17.58,3.01,0.13,-27.3671,-55.8961
Misiones,1996,10,20.52,10.9,0.14,-27.3671,-55.8961
Misiones,1996,11,23.19,4.83,0.14,-27.3671,-55.8961
Misiones,1996,12,24.97,9.58,0.17,-27.3671,-55.8961
Misiones,1997,1,27.35,4.2,0.11,-27.3671,-55.8961
Misiones,1997,2,25.72,6.99,0.11,-27.3671,-55.8961
Misiones,1997,3,23.92,2.66,0.14,-27.3671,-55.8961
Misiones,1997,4,20.7,3.5,0.17,-27.3671,-55.8961
Misiones,1997,5,18.65,4.06,0.13,-27.3671,-55.8961
Misiones,1997,6,15.35,5.2,0.12,-27.3671,-55.8961
Misiones,1997,7,17.15,3.46,0.11,-27.3671,-55.8961
Misiones,1997,8,16.97,3.47,0.11,-27.3671,-55.8961
Misiones,1997,9,20.04,3.58,0.11,-27.3671,-55.8961
Misiones,1997,10,20.97,15.91,0.1,-27.3671,-55.8961
Misiones,1997,11,23.49,8.31,0.09,-27.3671,-55.8961
Misiones,1997,12,25.24,11.05,0.12,-27.3671,-55.8961
Misiones,1998,1,26.31,6.29,0.1,-27.3671,-55.8961
Misiones,1998,2,25.16,9.78,0.1,-27.3671,-55.8961
Misiones,1998,3,22.21,7.31,0.11,-27.3671,-55.8961
Misiones,1998,4,20.22,14.19,0.11,-27.3671,-55.8961
Misiones,1998,5,17.12,4.83,0.1,-27.3671,-55.8961
Misiones,1998,6,14.73,3.26,0.11,-27.3671,-55.8961
Misiones,1998,7,16.52,5.21,0.11,-27.3671,-55.8961
Misiones,1998,8,16.44,5.99,0.13,-27.3671,-55.8961
Misiones,1998,9,16.9,5.81,0.11,-27.3671,-55.8961
Misiones,1998,10,20.8,8.15,0.12,-27.3671,-55.8961
Misiones,1998,11,22.19,1.75,0.17,-27.3671,-55.8961
Misiones,1998,12,23.91,6.73,0.17,-27.3671,-55.8961
Misiones,1999,1,27.33,2.92,0.11,-27.3671,-55.8961
Misiones,1999,2,26.38,5.28,0.11,-27.3671,-55.8961
Misiones,1999,3,27.13,4.49,0.11,-27.3671,-55.8961
Misiones,1999,4,20.27,7.47,0.14,-27.3671,-55.8961
Misiones,1999,5,16.1,4.25,0.13,-27.3671,-55.8961
Misiones,1999,6,14.58,3.82,0.14,-27.3671,-55.8961
Misiones,1999,7,14.0,4.73,0.11,-27.3671,-55.8961
Misiones,1999,8,16.08,0.77,0.15,-27.3671,-55.8961
Misiones,1999,9,19.03,6.71,0.13,-27.3671,-55.8961
Misiones,1999,10,19.96,5.36,0.11,-27.3671,-55.8961
Misiones,1999,11,21.72,3.67,0.15,-27.3671,-55.8961
Misiones,1999,12,26.64,5.22,0.13,-27.3671,-55.8961
Misiones,2000,1,27.76,5.38,0.1,-27.3671,-55.8961
Misiones,2000,2,27.26,4.46,0.14,-27.3671,-55.8961
Misiones,2000,3,25.01,5.61,0.11,-27.3671,-55.8961
Misiones,2000,4,21.87,4.01,0.12,-27.3671,-55.8961
Misiones,2000,5,16.1,4.88,0.13,-27.3671,-55.8961
Misiones,2000,6,16.52,7.86,0.09,-27.3671,-55.8961
Misiones,2000,7,10.89,1.71,0.22,-27.3671,-55.8961
Misiones,2000,8,15.71,2.9,0.11,-27.3671,-55.8961
Misiones,2000,9,17.94,3.01,0.12,-27.3671,-55.8961
Misiones,2000,10,21.91,12.41,0.12,-27.3671,-55.8961
Misiones,2000,11,21.35,5.0,0.14,-27.3671,-55.8961
Misiones,2000,12,24.24,5.81,0.13,-27.3671,-55.8961
Misiones,2001,1,25.33,9.36,0.1,-27.3671,-55.8961
Misiones,2001,2,25.34,6.08,0.09,-27.3671,-55.8961
Misiones,2001,3,24.46,6.13,0.1,-27.3671,-55.8961
Misiones,2001,4,21.81,6.32,0.11,-27.3671,-55.8961
Misiones,2001,5,15.66,2.28,0.11,-27.3671,-55.8961
Misiones,2001,6,15.32,3.8,0.13,-27.3671,-55.8961
Misiones,2001,7,15.56,2.13,0.09,-27.3671,-55.8961
Misiones,2001,8,18.37,3.14,0.09,-27.3671,-55.8961
Misiones,2001,9,18.74,4.98,0.09,-27.3671,-55.8961
Misiones,2001,10,20.95,3.6,0.13,-27.3671,-55.8961
Misiones,2001,11,23.48,5.03,0.1,-27.3671,-55.8961
Misiones,2001,12,25.97,1.74,0.12,-27.3671,-55.8961
Misiones,2002,1,27.75,4.79,0.1,-27.3671,-55.8961
Misiones,2002,2,25.36,2.81,0.11,-27.3671,-55.8961
Misiones,2002,3,26.45,7.68,0.08,-27.3671,-55.8961
Misiones,2002,4,22.11,6.42,0.08,-27.3671,-55.8961
Misiones,2002,5,19.08,6.46,0.09,-27.3671,-55.8961
Misiones,2002,6,14.91,2.96,0.11,-27.3671,-55.8961
Misiones,2002,7,14.36,4.27,0.13,-27.3671,-55.8961
Misiones,2002,8,17.09,7.52,0.11,-27.3671,-55.8961
Misiones,2002,9,16.85,7.87,0.12,-27.3671,-55.8961
Misiones,2002,10,22.77,13.33,0.09,-27.3671,-55.8961
Misiones,2002,11,22.72,5.15,0.11,-27.3671,-55.8961
Misiones,2002,12,24.22,9.29,0.1,-27.3671,-55.8961
Misiones,2003,1,25.12,6.4,0.11,-27.3671,-55.8961
Misiones,2003,2,24.36,8.4,0.12,-27.3671,-55.8961
Misiones,2003,3,23.29,5.62,0.08,-27.3671,-55.8961
Misiones,2003,4,19.7,4.69,0.12,-27.3671,-55.8961
Misiones,2003,5,16.59,0.33,0.14,-27.3671,-55.8961
Misiones,2003,6,18.1,2.6,0.1,-27.3671,-55.8961
Misiones,2003,7,14.84,1.14,0.1,-27.3671,-55.8961
Misiones,2003,8,14.21,2.51,0.13,-27.3671,-55.8961
Misiones,2003,9,19.29,2.1,0.12,-27.3671,-55.8961
Misiones,2003,10,22.4,7.57,0.09,-27.3671,-55.8961
Misiones,2003,11,23.28,7.8,0.11,-27.3671,-55.8961
Misiones,2003,12,23.55,11.19,0.11,-27.3671,-55.8961
Misiones,2004,1,26.02,2.45,0.11,-27.3671,-55.8961
Misiones,2004,2,25.81,1.72,0.1,-27.3671,-55.8961
Misiones,2004,3,25.9,1.64,0.11,-27.3671,-55.8961
Misiones,2004,4,23.46,6.86,0.1,-27.3671,-55.8961
Misiones,2004,5,15.94,1.75,0.14,-27.3671,-55.8961
Misiones,2004,6,16.79,2.75,0.14,-27.3671,-55.8961
Misiones,2004,7,14.98,1.86,0.13,-27.3671,-55.8961
Misiones,2004,8,16.45,2.12,0.14,-27.3671,-55.8961
Misiones,2004,9,20.43,4.13,0.11,-27.3671,-55.8961
Misiones,2004,10,20.63,6.96,0.11,-27.3671,-55.8961
Misiones,2004,11,21.75,7.73,0.1,-27.3671,-55.8961
Misiones,2004,12,25.42,3.02,0.12,-27.3671,-55.8961
Misiones,2005,1,28.09,3.46,0.11,-27.3671,-55.8961
Misiones,2005,2,28.57,0.64,0.12,-27.3671,-55.8961
Misiones,2005,3,26.99,2.95,0.13,-27.3671,-55.8961
Misiones,2005,4,20.73,10.58,0.12,-27.3671,-55.8961
Misiones,2005,5,18.67,7.33,0.13,-27.3671,-55.8961
Misiones,2005,6,18.24,7.98,0.11,-27.3671,-55.8961
Misiones,2005,7,14.04,1.14,0.13,-27.3671,-55.8961
Misiones,2005,8,16.53,2.39,0.1,-27.3671,-55.8961
Misiones,2005,9,14.69,3.29,0.11,-27.3671,-55.8961
Misiones,2005,10,19.81,4.59,0.09,-27.3671,-55.8961
Misiones,2005,11,22.77,4.1,0.11,-27.3671,-55.8961
Misiones,2005,12,25.97,2.84,0.1,-27.3671,-55.8961
Misiones,2006,1,28.56,3.06,0.1,-27.3671,-55.8961
Misiones,2006,2,27.86,1.69,0.11,-27.3671,-55.8961
Misiones,2006,3,25.26,5.26,0.14,-27.3671,-55.8961
Misiones,2006,4,20.81,3.61,0.16,-27.3671,-55.8961
Misiones,2006,5,15.87,1.87,0.15,-27.3671,-55.8961
Misiones,2006,6,17.51,2.56,0.1,-27.3671,-55.8961
Misiones,2006,7,18.34,1.95,0.13,-27.3671,-55.8961
Misiones,2006,8,16.83,3.57,0.14,-27.3671,-55.8961
Misiones,2006,9,17.7,4.56,0.11,-27.3671,-55.8961
Misiones,2006,10,22.74,6.86,0.13,-27.3671,-55.8961
Misiones,2006,11,22.78,8.8,0.14,-27.3671,-55.8961
Misiones,2006,12,26.19,7.69,0.1,-27.3671,-55.8961
Misiones,2007,1,25.51,6.48,0.11,-27.3671,-55.8961
Misiones,2007,2,25.83,5.89,0.1,-27.3671,-55.8961
Misiones,2007,3,25.44,4.26,0.1,-27.3671,-55.8961
Misiones,2007,4,22.6,7.33,0.1,-27.3671,-55.8961
Misiones,2007,5,14.92,6.88,0.13,-27.3671,-55.8961
Misiones,2007,6,15.16,0.89,0.13,-27.3671,-55.8961
Misiones,2007,7,11.78,2.98,0.17,-27.3671,-55.8961
Misiones,2007,8,14.59,1.34,0.11,-27.3671,-55.8961
Misiones,2007,9,20.53,5.51,0.09,-27.3671,-55.8961
Misiones,2007,10,22.66,8.68,0.1,-27.3671,-55.8961
Misiones,2007,11,20.78,9.52,0.12,-27.3671,-55.8961
Misiones,2007,12,25.23,6.62,0.14,-27.3671,-55.8961
Misiones,2008,1,25.97,2.92,0.11,-27.3671,-55.8961
Misiones,2008,2,26.1,3.27,0.1,-27.3671,-55.8961
Misiones,2008,3,25.97,0.93,0.12,-27.3671,-55.8961
Misiones,2008,4,20.54,8.16,0.19,-27.3671,-55.8961
Misiones,2008,5,15.89,1.53,0.17,-27.3671,-55.8961
Misiones,2008,6,12.94,4.49,0.15,-27.3671,-55.8961
Misiones,2008,7,17.54,1.73,0.11,-27.3671,-55.8961
Misiones,2008,8,16.51,2.82,0.12,-27.3671,-55.8961
Misiones,2008,9,16.62,3.32,0.11,-27.3671,-55.8961
Misiones,2008,10,21.32,9.8,0.09,-27.3671,-55.8961
Misiones,2008,11,23.22,3.13,0.13,-27.3671,-55.8961
Misiones,2008,12,27.12,0.72,0.09,-27.3671,-55.8961
Misiones,2009,1,26.4,4.58,0.11,-27.3671,-55.8961
Misiones,2009,2,26.95,5.39,0.11,-27.3671,-55.8961
Misiones,2009,3,26.82,0.84,0.13,-27.3671,-55.8961
Misiones,2009,4,23.56,1.42,0.14,-27.3671,-55.8961
Misiones,2009,5,19.24,4.51,0.16,-27.3671,-55.8961
Misiones,2009,6,12.92,3.71,0.16,-27.3671,-55.8961
Misiones,2009,7,11.57,5.31,0.17,-27.3671,-55.8961
Misiones,2009,8,16.36,5.28,0.12,-27.3671,-55.8961
Misiones,2009,9,17.41,6.99,0.12,-27.3671,-55.8961
Misiones,2009,10,20.34,4.44,0.14,-27.3671,-55.8961
Misiones,2009,11,25.84,14.56,0.1,-27.3671,-55.8961
Misiones,2009,12,24.59,5.64,0.12,-27.3671,-55.8961
Misiones,2010,1,25.16,5.74,0.09,-27.3671,-55.8961
Misiones,2010,2,25.99,5.17,0.1,-27.3671,-55.8961
Misiones,2010,3,24.13,4.22,0.09,-27.3671,-55.8961
Misiones,2010,4,20.41,5.58,0.12,-27.3671,-55.8961
Misiones,2010,5,15.63,5.96,0.13,-27.3671,-55.8961
Misiones,2010,6,15.64,3.31,0.15,-27.3671,-55.8961
Misiones,2010,7,13.94,5.12,0.11,-27.3671,-55.8961
Misiones,2010,8,15.2,0.34,0.13,-27.3671,-55.8961
Misiones,2010,9,18.05,6.55,0.11,-27.3671,-55.8961
Misiones,2010,10,18.88,4.16,0.13,-27.3671,-55.8961
Misiones,2010,11,22.33,1.49,0.14,-27.3671,-55.8961
Misiones,2010,12,24.8,7.96,0.12,-27.3671,-55.8961
Misiones,2011,1,28.47,2.23,0.1,-27.3671,-55.8961
Misiones,2011,2,25.69,7.09,0.08,-27.3671,-55.8961
Misiones,2011,3,25.57,2.81,0.1,-27.3671,-55.8961
Misiones,2011,4,21.55,4.97,0.14,-27.3671,-55.8961
Misiones,2011,5,17.42,1.32,0.14,-27.3671,-55.8961
Misiones,2011,6,14.41,5.61,0.14,-27.3671,-55.8961
Misiones,2011,7,14.37,3.59,0.13,-27.3671,-55.8961
Misiones,2011,8,15.71,2.27,0.12,-27.3671,-55.8961
Misiones,2011,9,18.45,1.86,0.11,-27.3671,-55.8961
Misiones,2011,10,21.45,9.43,0.1,-27.3671,-55.8961
Misiones,2011,11,23.93,2.65,0.1,-27.3671,-55.8961
Misiones,2011,12,26.24,1.9,0.14,-27.3671,-55.8961
Misiones,2012,1,28.63,1.74,0.09,-27.3671,-55.8961
Misiones,2012,2,29.06,3.91,0.1,-27.3671,-55.8961
Misiones,2012,3,25.07,1.46,0.14,-27.3671,-55.8961
Misiones,2012,4,21.01,4.77,0.13,-27.3671,-55.8961
Misiones,2012,5,18.99,1.15,0.15,-27.3671,-55.8961
Misiones,2012,6,15.81,3.09,0.15,-27.3671,-55.8961
Misiones,2012,7,13.93,2.5,0.14,-27.3671,-55.8961
Misiones,2012,8,20.07,2.0,0.13,-27.3671,-55.8961
Misiones,2012,9,21.15,1.91,0.12,-27.3671,-55.8961
Misiones,2012,10,23.0,8.05,0.1,-27.3671,-55.8961
Misiones,2012,11,25.17,1.63,0.1,-27.3671,-55.8961
Misiones,2012,12,25.84,11.25,0.11,-27.3671,-55.8961
Misiones,2013,1,25.76,2.78,0.12,-27.3671,-55.8961
Misiones,2013,2,26.99,2.26,0.09,-27.3671,-55.8961
Misiones,2013,3,22.38,7.38,0.13,-27.3671,-55.8961
Misiones,2013,4,20.02,6.11,0.19,-27.3671,-55.8961
Misiones,2013,5,17.17,3.02,0.11,-27.3671,-55.8961
Misiones,2013,6,15.65,3.04,0.12,-27.3671,-55.8961
Misiones,2013,7,14.75,3.03,0.12,-27.3671,-55.8961
Misiones,2013,8,13.8,3.5,0.13,-27.3671,-55.8961
Misiones,2013,9,17.63,2.47,0.11,-27.3671,-55.8961
Misiones,2013,10,21.03,4.73,0.13,-27.3671,-55.8961
Misiones,2013,11,24.23,4.85,0.11,-27.3671,-55.8961
Misiones,2013,12,28.36,2.56,0.1,-27.3671,-55.8961
Misiones,2014,1,27.94,6.26,0.09,-27.3671,-55.8961
Misiones,2014,2,29.21,2.05,0.1,-27.3671,-55.8961
Misiones,2014,3,23.89,9.96,0.1,-27.3671,-55.8961
Misiones,2014,4,20.61,8.77,0.1,-27.3671,-55.8961
Misiones,2014,5,17.15,5.93,0.14,-27.3671,-55.8961
Misiones,2014,6,15.04,9.08,0.12,-27.3671,-55.8961
Misiones,2014,7,15.3,5.61,0.11,-27.3671,-55.8961
Misiones,2014,8,17.02,1.49,0.11,-27.3671,-55.8961
Misiones,2014,9,19.94,12.13,0.11,-27.3671,-55.8961
Misiones,2014,10,22.75,5.88,0.11,-27.3671,-55.8961
Misiones,2014,11,22.2,5.19,0.11,-27.3671,-55.8961
Misiones,2014,12,24.15,11.1,0.09,-27.3671,-55.8961
Misiones,2015,1,25.03,9.55,0.1,-27.3671,-55.8961
Misiones,2015,2,24.82,2.24,0.11,-27.3671,-55.8961
Misiones,2015,3,23.5,4.16,0.11,-27.3671,-55.8961
Misiones,2015,4,20.57,5.09,0.1,-27.3671,-55.8961
Misiones,2015,5,17.97,7.04,0.11,-27.3671,-55.8961
Misiones,2015,6,16.43,6.04,0.11,-27.3671,-55.8961
Misiones,2015,7,15.24,5.16,0.12,-27.3671,-55.8961
Misiones,2015,8,19.47,1.37,0.11,-27.3671,-55.8961
Misiones,2015,9,18.85,3.54,0.13,-27.3671,-55.8961
Misiones,2015,10,21.29,4.24,0.1,-27.3671,-55.8961
Misiones,2015,11,22.53,11.17,0.1,-27.3671,-55.8961
Misiones,2015,12,24.92,12.28,0.11,-27.3671,-55.8961
Misiones,2016,1,26.0,3.82,0.1,-27.3671,-55.8961
Misiones,2016,2,25.91,7.82,0.1,-27.3671,-55.8961
Misiones,2016,3,22.06,7.78,0.13,-27.3671,-55.8961
Misiones,2016,4,22.81,5.83,0.09,-27.3671,-55.8961
Misiones,2016,5,15.33,3.07,0.09,-27.3671,-55.8961
Misiones,2016,6,12.33,0.38,0.15,-27.3671,-55.8961
Misiones,2016,7,15.0,2.22,0.11,-27.3671,-55.8961
Misiones,2016,8,16.77,3.72,0.11,-27.3671,-55.8961
Misiones,2016,9,16.9,1.36,0.13,-27.3671,-55.8961
Misiones,2016,10,21.12,7.58,0.11,-27.3671,-55.8961
Misiones,2016,11,22.52,5.73,0.12,-27.3671,-55.8961
Misiones,2016,12,25.9,6.93,0.1,-27.3671,-55.8961
Misiones,2017,1,26.51,3.82,0.09,-27.3671,-55.8961
Misiones,2017,2,26.23,5.75,0.1,-27.3671,-55.8961
Misiones,2017,3,23.72,8.39,0.09,-27.3671,-55.8961
Misiones,2017,4,19.92,15.5,0.13,-27.3671,-55.8961
Misiones,2017,5,18.62,13.06,0.11,-27.3671,-55.8961
Misiones,2017,6,16.01,3.91,0.11,-27.3671,-55.8961
Misiones,2017,7,15.83,0.29,0.12,-27.3671,-55.8961
Misiones,2017,8,17.22,6.77,0.11,-27.3671,-55.8961
Misiones,2017,9,20.39,2.0,0.11,-27.3671,-55.8961
Misiones,2017,10,20.53,13.35,0.11,-27.3671,-55.8961
Misiones,2017,11,20.97,7.3,0.16,-27.3671,-55.8961
Misiones,2017,12,26.18,3.5,0.12,-27.3671,-55.8961
Misiones,2018,1,25.52,9.4,0.1,-27.3671,-55.8961
Misiones,2018,2,24.99,3.19,0.11,-27.3671,-55.8961
Misiones,2018,3,24.21,5.24,0.12,-27.3671,-55.8961
Misiones,2018,4,25.35,0.26,0.13,-27.3671,-55.8961
Misiones,2018,5,20.08,3.63,0.11,-27.3671,-55.8961
Misiones,2018,6,14.06,1.72,0.15,-27.3671,-55.8961
Misiones,2018,7,15.61,0.89,0.12,-27.3671,-55.8961
Misiones,2018,8,15.2,1.63,0.11,-27.3671,-55.8961
Misiones,2018,9,20.71,4.63,0.11,-27.3671,-55.8961
Misiones,2018,10,21.41,10.15,0.1,-27.3671,-55.8961
Misiones,2018,11,23.41,9.14,0.12,-27.3671,-55.8961
Misiones,2018,12,25.62,4.92,0.13,-27.3671,-55.8961
Misiones,2019,1,27.49,4.62,0.09,-27.3671,-55.8961
Misiones,2019,2,25.62,6.38,0.1,-27.3671,-55.8961
Misiones,2019,3,22.85,7.16,0.14,-27.3671,-55.8961
Misiones,2019,4,22.15,8.71,0.12,-27.3671,-55.8961
Misiones,2019,5,18.72,11.91,0.09,-27.3671,-55.8961
Misiones,2019,6,17.89,0.6,0.11,-27.3671,-55.8961
Misiones,2019,7,13.47,3.95,0.11,-27.3671,-55.8961
Misiones,2019,8,15.09,2.22,0.12,-27.3671,-55.8961
Misiones,2019,9,18.17,0.59,0.1,-27.3671,-55.8961
Misiones,2019,10,22.88,4.18,0.1,-27.3671,-55.8961
Misiones,2019,11,24.95,7.66,0.09,-27.3671,-55.8961
Misiones,2019,12,25.66,3.36,0.14,-27.3671,-55.8961
Misiones,2020,1,26.85,7.0,0.12,-27.3671,-55.8961
Misiones,2020,2,25.42,6.36,0.13,-27.3671,-55.8961
Misiones,2020,3,26.17,2.28,0.18,-27.3671,-55.8961
Misiones,2020,4,20.33,3.31,0.2,-27.3671,-55.8961
Misiones,2020,5,16.11,5.57,0.16,-27.3671,-55.8961
Misiones,2020,6,16.69,6.14,0.08,-27.3671,-55.8961
Misiones,2020,7,13.85,4.55,0.1,-27.3671,-55.8961
Misiones,2020,8,16.55,1.88,0.11,-27.3671,-55.8961
Misiones,2020,9,19.66,1.22,0.12,-27.3671,-55.8961
Misiones,2020,10,24.03,1.24,0.11,-27.3671,-55.8961
Misiones,2020,11,24.91,4.47,0.11,-27.3671,-55.8961
Misiones,2020,12,26.76,6.54,0.12,-27.3671,-55.8961
Misiones,2021,1,26.69,7.78,0.1,-27.3671,-55.8961
Misiones,2021,2,25.7,1.03,0.14,-27.3671,-55.8961
Misiones,2021,3,24.91,6.45,0.11,-27.3671,-55.8961
Misiones,2021,4,20.73,1.81,0.11,-27.3671,-55.8961
Misiones,2021,5,16.26,2.83,0.15,-27.3671,-55.8961
Misiones,2021,6,14.64,4.75,0.14,-27.3671,-55.8961
Misiones,2021,7,14.14,0.98,0.17,-27.3671,-55.8961
Misiones,2021,8,18.17,1.5,0.11,-27.3671,-55.8961
Misiones,2021,9,20.84,3.6,0.11,-27.3671,-55.8961
Misiones,2021,10,20.88,7.61,0.13,-27.3671,-55.8961
Misiones,2021,11,24.79,3.58,0.13,-27.3671,-55.8961
Misiones,2021,12,28.67,0.54,0.09,-27.3671,-55.8961
Misiones,2022,1,31.3,1.28,0.11,-27.3671,-55.8961
Misiones,2022,2,28.92,2.4,0.1,-27.3671,-55.8961
Misiones,2022,3,24.22,9.09,0.11,-27.3671,-55.8961
Misiones,2022,4,20.23,11.82,0.11,-27.3671,-55.8961
Misiones,2022,5,14.98,6.27,0.14,-27.3671,-55.8961
Misiones,2022,6,13.82,2.89,0.12,-27.3671,-55.8961
Misiones,2022,7,18.2,2.22,0.11,-27.3671,-55.8961
Misiones,2022,8,15.54,2.06,0.09,-27.3671,-55.8961
Misiones,2022,9,16.38,2.76,0.14,-27.3671,-55.8961
Misiones,2022,10,19.26,7.36,0.14,-27.3671,-55.8961
Misiones,2022,11,21.7,2.61,0.14,-27.3671,-55.8961
Misiones,2022,12,27.7,2.28,0.1,-27.3671,-55.8961
Misiones,2023,1,29.09,2.74,0.13,-27.3671,-55.8961
Misiones,2023,2,28.16,1.6,0.12,-27.3671,-55.8961
Misiones,2023,3,27.11,4.14,0.12,-27.3671,-55.8961
Misiones,2023,4,21.11,3.28,0.17,-27.3671,-55.8961
Misiones,2023,5,18.14,5.62,0.14,-27.3671,-55.8961
Misiones,2023,6,16.83,1.49,0.1,-27.3671,-55.8961
Misiones,2023,7,16.84,2.43,0.09,-27.3671,-55.8961
Misiones,2023,8,18.81,3.56,0.12,-27.3671,-55.8961
Misiones,2023,9,21.15,10.88,0.1,-27.3671,-55.8961
Misiones,2023,10,21.06,16.72,0.09,-27.3671,-55.8961
Misiones,2023,11,23.43,13.91,0.1,-27.3671,-55.8961
Misiones,2023,12,25.13,8.35,0.09,-27.3671,-55.8961
Neuquén,1981,1,23.11,0.65,4.67,-38.9516,-68.0591
Neuquén,1981,2,23.39,0.12,4.44,-38.9516,-68.0591
Neuquén,1981,3,20.32,2.2,3.77,-38.9516,-68.0591
Neuquén,1981,4,14.18,1.31,3.29,-38.9516,-68.0591
Neuquén,1981,5,9.99,0.93,3.11,-38.9516,-68.0591
Neuquén,1981,6,5.59,0.87,3.53,-38.9516,-68.0591
Neuquén,1981,7,5.86,0.1,2.39,-38.9516,-68.0591
Neuquén,1981,8,7.41,0.34,3.77,-38.9516,-68.0591
Neuquén,1981,9,9.55,0.02,3.86,-38.9516,-68.0591
Neuquén,1981,10,14.83,0.06,3.89,-38.9516,-68.0591
Neuquén,1981,11,18.08,0.32,4.89,-38.9516,-68.0591
Neuquén,1981,12,21.61,0.03,5.07,-38.9516,-68.0591
Neuquén,1982,1,24.65,0.28,4.5,-38.9516,-68.0591
Neuquén,1982,2,21.22,0.48,4.54,-38.9516,-68.0591
Neuquén,1982,3,19.63,0.13,3.61,-38.9516,-68.0591
Neuquén,1982,4,15.33,0.83,3.07,-38.9516,-68.0591
Neuquén,1982,5,11.28,0.32,3.3,-38.9516,-68.0591
Neuquén,1982,6,4.03,1.75,3.44,-38.9516,-68.0591
Neuquén,1982,7,4.21,2.09,2.93,-38.9516,-68.0591
Neuquén,1982,8,7.6,0.28,3.47,-38.9516,-68.0591
Neuquén,1982,9,10.52,2.47,4.02,-38.9516,-68.0591
Neuquén,1982,10,13.16,0.25,4.65,-38.9516,-68.0591
Neuquén,1982,11,16.86,0.07,4.41,-38.9516,-68.0591
Neuquén,1982,12,23.49,0.14,4.88,-38.9516,-68.0591
Neuquén,1983,1,23.48,1.41,4.27,-38.9516,-68.0591
Neuquén,1983,2,22.46,0.1,4.5,-38.9516,-68.0591
Neuquén,1983,3,19.37,0.67,3.92,-38.9516,-68.0591
Neuquén,1983,4,14.09,0.38,3.87,-38.9516,-68.0591
Neuquén,1983,5,9.01,0.29,3.32,-38.9516,-68.0591
Neuquén,1983,6,3.5,1.4,3.4,-38.9516,-68.0591
Neuquén,1983,7,4.18,0.81,3.36,-38.9516,-68.0591
Neuquén,1983,8,7.38,0.04,3.0,-38.9516,-68.0591
Neuquén,1983,9,9.84,0.03,3.84,-38.9516,-68.0591
Neuquén,1983,10,16.14,0.09,4.14,-38.9516,-68.0591
Neuquén,1983,11,21.17,0.0,4.7,-38.9516,-68.0591
Neuquén,1983,12,25.17,0.46,4.27,-38.9516,-68.0591
Neuquén,1984,1,24.41,0.08,5.55,-38.9516,-68.0591
Neuquén,1984,2,21.75,0.14,4.94,-38.9516,-68.0591
Neuquén,1984,3,18.89,4.14,3.82,-38.9516,-68.0591
Neuquén,1984,4,11.87,0.83,3.24,-38.9516,-68.0591
Neuquén,1984,5,7.22,0.75,4.0,-38.9516,-68.0591
Neuquén,1984,6,2.16,1.75,2.44,-38.9516,-68.0591
Neuquén,1984,7,3.47,0.99,2.58,-38.9516,-68.0591
Neuquén,1984,8,6.64,0.2,3.54,-38.9516,-68.0591
Neuquén,1984,9,10.63,1.53,3.1,-38.9516,-68.0591
Neuquén,1984,10,14.23,0.29,4.31,-38.9516,-68.0591
Neuquén,1984,11,16.89,1.28,4.24,-38.9516,-68.0591
Neuquén,1984,12,19.51,0.99,4.64,-38.9516,-68.0591
Neuquén,1985,1,23.13,0.48,3.95,-38.9516,-68.0591
Neuquén,1985,2,22.03,0.54,4.09,-38.9516,-68.0591
Neuquén,1985,3,18.56,0.37,5.0,-38.9516,-68.0591
Neuquén,1985,4,12.94,0.14,4.13,-38.9516,-68.0591
Neuquén,1985,5,9.74,0.44,3.76,-38.9516,-68.0591
Neuquén,1985,6,7.7,0.43,2.3,-38.9516,-68.0591
Neuquén,1985,7,6.41,0.84,2.86,-38.9516,-68.0591
Neuquén,1985,8,7.57,0.03,3.21,-38.9516,-68.0591
Neuquén,1985,9,11.59,0.76,3.03,-38.9516,-68.0591
Neuquén,1985,10,14.58,1.35,3.41,-38.9516,-68.0591
Neuquén,1985,11,20.81,0.56,3.51,-38.9516,-68.0591
Neuquén,1985,12,23.38,0.63,4.2,-38.9516,-68.0591
Neuquén,1986,1,22.57,1.65,4.85,-38.9516,-68.0591
Neuquén,1986,2,22.33,0.34,4.55,-38.9516,-68.0591
Neuquén,1986,3,18.43,0.06,4.09,-38.9516,-68.0591
Neuquén,1986,4,13.68,0.4,3.46,-38.9516,-68.0591
Neuquén,1986,5,8.91,0.82,3.34,-38.9516,-68.0591
Neuquén,1986,6,5.68,1.03,2.6,-38.9516,-68.0591
Neuquén,1986,7,6.58,0.56,2.78,-38.9516,-68.0591
Neuquén,1986,8,7.09,0.59,3.2,-38.9516,-68.0591
Neuquén,1986,9,9.83,0.4,3.31,-38.9516,-68.0591
Neuquén,1986,10,16.1,0.72,3.46,-38.9516,-68.0591
Neuquén,1986,11,17.67,0.14,5.02,-38.9516,-68.0591
Neuquén,1986,12,22.62,0.77,4.74,-38.9516,-68.0591
Neuquén,1987,1,25.65,0.22,4.23,-38.9516,-68.0591
Neuquén,1987,2,24.9,0.39,3.85,-38.9516,-68.0591
Neuquén,1987,3,18.59,2.46,4.01,-38.9516,-68.0591
Neuquén,1987,4,14.35,0.02,3.39,-38.9516,-68.0591
Neuquén,1987,5,8.06,0.11,3.26,-38.9516,-68.0591
Neuquén,1987,6,7.57,0.17,3.34,-38.9516,-68.0591
Neuquén,1987,7,7.5,0.58,3.16,-38.9516,-68.0591
Neuquén,1987,8,6.37,0.82,3.06,-38.9516,-68.0591
Neuquén,1987,9,9.8,0.9,3.74,-38.9516,-68.0591
Neuquén,1987,10,15.02,0.88,3.68,-38.9516,-68.0591
Neuquén,1987,11,20.18,0.2,4.37,-38.9516,-68.0591
Neuquén,1987,12,20.68,0.75,4.91,-38.9516,-68.0591
Neuquén,1988,1,22.33,0.02,5.01,-38.9516,-68.0591
Neuquén,1988,2,24.37,0.8,3.34,-38.9516,-68.0591
Neuquén,1988,3,18.92,1.45,3.65,-38.9516,-68.0591
Neuquén,1988,4,13.58,0.26,3.52,-38.9516,-68.0591
Neuquén,1988,5,8.16,0.28,2.77,-38.9516,-68.0591
Neuquén,1988,6,6.22,0.73,3.21,-38.9516,-68.0591
Neuquén,1988,7,3.41,0.02,2.68,-38.9516,-68.0591
Neuquén,1988,8,7.07,0.43,3.77,-38.9516,-68.0591
Neuquén,1988,9,10.43,1.75,3.94,-38.9516,-68.0591
Neuquén,1988,10,13.48,0.06,4.89,-38.9516,-68.0591
Neuquén,1988,11,20.22,0.0,4.9,-38.9516,-68.0591
Neuquén,1988,12,22.63,0.05,5.41,-38.9516,-68.0591
Neuquén,1989,1,24.26,0.08,5.29,-38.9516,-68.0591
Neuquén,1989,2,25.05,0.02,4.17,-38.9516,-68.0591
Neuquén,1989,3,19.64,0.13,3.68,-38.9516,-68.0591
Neuquén,1989,4,14.52,0.22,3.74,-38.9516,-68.0591
Neuquén,1989,5,9.37,0.09,2.62,-38.9516,-68.0591
Neuquén,1989,6,7.57,0.58,3.28,-38.9516,-68.0591
Neuquén,1989,7,5.46,0.06,3.14,-38.9516,-68.0591
Neuquén,1989,8,7.97,0.99,3.53,-38.9516,-68.0591
Neuquén,1989,9,10.13,0.08,3.23,-38.9516,-68.0591
Neuquén,1989,10,15.61,0.12,4.35,-38.9516,-68.0591
Neuquén,1989,11,20.59,0.11,4.69,-38.9516,-68.0591
Neuquén,1989,12,22.97,0.02,5.22,-38.9516,-68.0591
Neuquén,1990,1,24.09,0.23,4.92,-38.9516,-68.0591
Neuquén,1990,2,22.61,2.82,3.83,-38.9516,-68.0591
Neuquén,1990,3,17.69,0.7,3.59,-38.9516,-68.0591
Neuquén,1990,4,12.25,0.33,3.58,-38.9516,-68.0591
Neuquén,1990,5,8.61,0.11,3.37,-38.9516,-68.0591
Neuquén,1990,6,5.74,0.09,3.63,-38.9516,-68.0591
Neuquén,1990,7,5.47,0.17,2.88,-38.9516,-68.0591
Neuquén,1990,8,9.35,0.28,3.65,-38.9516,-68.0591
Neuquén,1990,9,10.69,0.71,3.84,-38.9516,-68.0591
Neuquén,1990,10,16.17,0.46,4.37,-38.9516,-68.0591
Neuquén,1990,11,19.45,0.0,5.01,-38.9516,-68.0591
Neuquén,1990,12,22.6,0.0,5.48,-38.9516,-68.0591
Neuquén,1991,1,23.64,0.39,4.53,-38.9516,-68.0591
Neuquén,1991,2,22.83,0.03,4.59,-38.9516,-68.0591
Neuquén,1991,3,20.18,0.03,4.11,-38.9516,-68.0591
Neuquén,1991,4,14.22,0.4,3.57,-38.9516,-68.0591
Neuquén,1991,5,10.33,2.11,2.9,-38.9516,-68.0591
Neuquén,1991,6,5.63,0.54,2.54,-38.9516,-68.0591
Neuquén,1991,7,4.97,0.45,3.01,-38.9516,-68.0591
Neuquén,1991,8,6.68,0.11,3.22,-38.9516,-68.0591
Neuquén,1991,9,10.78,0.28,3.99,-38.9516,-68.0591
Neuquén,1991,10,13.91,0.08,3.65,-38.9516,-68.0591
Neuquén,1991,11,19.89,0.17,4.2,-38.9516,-68.0591
Neuquén,1991,12,19.16,0.79,5.37,-38.9516,-68.0591
Neuquén,1992,1,24.2,1.45,3.29,-38.9516,-68.0591
Neuquén,1992,2,21.46,0.17,4.04,-38.9516,-68.0591
Neuquén,1992,3,21.47,0.93,3.42,-38.9516,-68.0591
Neuquén,1992,4,12.97,0.29,3.96,-38.9516,-68.0591
Neuquén,1992,5,7.42,0.67,3.5,-38.9516,-68.0591
Neuquén,1992,6,4.4,1.59,2.57,-38.9516,-68.0591
Neuquén,1992,7,2.33,0.61,2.86,-38.9516,-68.0591
Neuquén,1992,8,6.88,0.28,2.98,-38.9516,-68.0591
Neuquén,1992,9,10.54,0.3,3.77,-38.9516,-68.0591
Neuquén,1992,10,13.88,0.02,5.2,-38.9516,-68.0591
Neuquén,1992,11,17.49,3.12,4.09,-38.9516,-68.0591
Neuquén,1992,12,19.83,1.41,4.34,-38.9516,-68.0591
Neuquén,1993,1,22.33,0.19,4.85,-38.9516,-68.0591
Neuquén,1993,2,24.2,0.22,3.49,-38.9516,-68.0591
Neuquén,1993,3,20.38,0.45,3.6,-38.9516,-68.0591
Neuquén,1993,4,13.36,0.49,3.66,-38.9516,-68.0591
Neuquén,1993,5,7.99,0.33,3.53,-38.9516,-68.0591
Neuquén,1993,6,6.03,1.7,3.03,-38.9516,-68.0591
Neuquén,1993,7,4.27,0.26,2.84,-38.9516,-68.0591
Neuquén,1993,8,7.57,1.12,3.3,-38.9516,-68.0591
Neuquén,1993,9,10.27,0.6,3.12,-38.9516,-68.0591
Neuquén,1993,10,14.51,1.98,3.46,-38.9516,-68.0591
Neuquén,1993,11,16.72,1.92,4.27,-38.9516,-68.0591
Neuquén,1993,12,21.33,0.07,4.96,-38.9516,-68.0591
Neuquén,1994,1,23.79,0.84,4.53,-38.9516,-68.0591
Neuquén,1994,2,21.74,0.18,4.4,-38.9516,-68.0591
Neuquén,1994,3,19.9,3.52,3.13,-38.9516,-68.0591
Neuquén,1994,4,12.83,0.41,3.31,-38.9516,-68.0591
Neuquén,1994,5,9.64,0.6,2.92,-38.9516,-68.0591
Neuquén,1994,6,6.99,0.76,3.58,-38.9516,-68.0591
Neuquén,1994,7,5.02,0.98,2.88,-38.9516,-68.0591
Neuquén,1994,8,6.79,0.02,3.32,-38.9516,-68.0591
Neuquén,1994,9,10.4,0.6,3.68,-38.9516,-68.0591
Neuquén,1994,10,13.44,1.25,4.0,-38.9516,-68.0591
Neuquén,1994,11,18.65,0.16,4.73,-38.9516,-68.0591
Neuquén,1994,12,22.95,0.11,4.83,-38.9516,-68.0591
Neuquén,1995,1,22.21,0.46,4.41,-38.9516,-68.0591
Neuquén,1995,2,21.6,0.76,3.59,-38.9516,-68.0591
Neuquén,1995,3,18.54,0.03,4.03,-38.9516,-68.0591
Neuquén,1995,4,14.2,0.26,3.01,-38.9516,-68.0591
Neuquén,1995,5,10.23,0.09,3.17,-38.9516,-68.0591
Neuquén,1995,6,5.74,0.52,3.6,-38.9516,-68.0591
Neuquén,1995,7,4.05,0.08,3.69,-38.9516,-68.0591
Neuquén,1995,8,6.15,0.3,3.44,-38.9516,-68.0591
Neuquén,1995,9,10.75,0.01,3.85,-38.9516,-68.0591
Neuquén,1995,10,13.94,1.31,4.52,-38.9516,-68.0591
Neuquén,1995,11,19.33,0.37,4.1,-38.9516,-68.0591
Neuquén,1995,12,25.6,0.33,4.21,-38.9516,-68.0591
Neuquén,1996,1,22.29,0.04,5.03,-38.9516,-68.0591
Neuquén,1996,2,20.66,0.48,4.26,-38.9516,-68.0591
Neuquén,1996,3,19.28,0.52,3.94,-38.9516,-68.0591
Neuquén,1996,4,11.9,0.6,3.13,-38.9516,-68.0591
Neuquén,1996,5,9.22,0.12,2.91,-38.9516,-68.0591
Neuquén,1996,6,3.75,0.55,2.15,-38.9516,-68.0591
Neuquén,1996,7,4.99,0.04,2.56,-38.9516,-68.0591
Neuquén,1996,8,7.81,1.06,3.46,-38.9516,-68.0591
Neuquén,1996,9,10.24,0.03,4.07,-38.9516,-68.0591
Neuquén,1996,10,15.15,0.26,4.17,-38.9516,-68.0591
Neuquén,1996,11,19.64,0.04,4.62,-38.9516,-68.0591
Neuquén,1996,12,19.75,1.07,4.76,-38.9516,-68.0591
Neuquén,1997,1,23.15,1.1,4.76,-38.9516,-68.0591
Neuquén,1997,2,20.68,0.14,4.44,-38.9516,-68.0591
Neuquén,1997,3,19.95,1.09,3.39,-38.9516,-68.0591
Neuquén,1997,4,15.06,0.67,3.93,-38.9516,-68.0591
Neuquén,1997,5,10.42,0.36,2.71,-38.9516,-68.0591
Neuquén,1997,6,6.35,1.18,3.61,-38.9516,-68.0591
Neuquén,1997,7,6.28,0.4,3.16,-38.9516,-68.0591
Neuquén,1997,8,7.75,0.3,3.23,-38.9516,-68.0591
Neuquén,1997,9,10.52,0.79,3.68,-38.9516,-68.0591
Neuquén,1997,10,13.03,1.36,3.36,-38.9516,-68.0591
Neuquén,1997,11,16.93,0.56,4.71,-38.9516,-68.0591
Neuquén,1997,12,20.87,0.35,4.86,-38.9516,-68.0591
Neuquén,1998,1,23.06,0.03,4.51,-38.9516,-68.0591
Neuquén,1998,2,20.92,0.27,4.07,-38.9516,-68.0591
Neuquén,1998,3,18.22,0.03,3.81,-38.9516,-68.0591
Neuquén,1998,4,13.36,1.15,2.89,-38.9516,-68.0591
Neuquén,1998,5,11.32,0.56,2.31,-38.9516,-68.0591
Neuquén,1998,6,6.68,0.42,2.79,-38.9516,-68.0591
Neuquén,1998,7,7.22,0.34,3.11,-38.9516,-68.0591
Neuquén,1998,8,8.21,0.13,3.47,-38.9516,-68.0591
Neuquén,1998,9,9.95,0.05,3.72,-38.9516,-68.0591
Neuquén,1998,10,16.86,0.14,4.34,-38.9516,-68.0591
Neuquén,1998,11,20.0,0.45,4.2,-38.9516,-68.0591
Neuquén,1998,12,23.39,0.11,4.98,-38.9516,-68.0591
Neuquén,1999,1,24.68,0.3,4.44,-38.9516,-68.0591
Neuquén,1999,2,23.43,0.55,4.07,-38.9516,-68.0591
Neuquén,1999,3,17.53,1.69,3.77,-38.9516,-68.0591
Neuquén,1999,4,11.85,2.93,3.12,-38.9516,-68.0591
Neuquén,1999,5,7.7,1.47,3.01,-38.9516,-68.0591
Neuquén,1999,6,3.97,2.0,2.67,-38.9516,-68.0591
Neuquén,1999,7,4.09,0.65,2.75,-38.9516,-68.0591
Neuquén,1999,8,7.43,0.06,3.15,-38.9516,-68.0591
Neuquén,1999,9,10.72,0.69,3.91,-38.9516,-68.0591
Neuquén,1999,10,15.05,2.35,3.94,-38.9516,-68.0591
Neuquén,1999,11,17.83,1.61,3.84,-38.9516,-68.0591
Neuquén,1999,12,21.38,0.0,4.09,-38.9516,-68.0591
Neuquén,2000,1,23.06,0.43,4.37,-38.9516,-68.0591
Neuquén,2000,2,20.92,0.56,4.44,-38.9516,-68.0591
Neuquén,2000,3,18.1,0.1,3.94,-38.9516,-68.0591
Neuquén,2000,4,14.03,0.57,2.93,-38.9516,-68.0591
Neuquén,2000,5,8.58,2.51,3.09,-38.9516,-68.0591
Neuquén,2000,6,5.81,2.83,2.62,-38.9516,-68.0591
Neuquén,2000,7,3.36,0.84,3.22,-38.9516,-68.0591
Neuquén,2000,8,5.24,1.64,3.72,-38.9516,-68.0591
Neuquén,2000,9,7.91,0.84,3.47,-38.9516,-68.0591
Neuquén,2000,10,13.37,2.08,3.99,-38.9516,-68.0591
Neuquén,2000,11,16.81,0.12,4.36,-38.9516,-68.0591
Neuquén,2000,12,20.42,0.0,5.49,-38.9516,-68.0591
Neuquén,2001,1,23.08,0.1,5.28,-38.9516,-68.0591
Neuquén,2001,2,23.33,0.0,4.49,-38.9516,-68.0591
Neuquén,2001,3,19.21,0.12,3.97,-38.9516,-68.0591
Neuquén,2001,4,13.44,0.74,3.82,-38.9516,-68.0591
Neuquén,2001,5,8.47,1.49,3.06,-38.9516,-68.0591
Neuquén,2001,6,6.11,0.23,3.08,-38.9516,-68.0591
Neuquén,2001,7,4.6,1.19,2.92,-38.9516,-68.0591
Neuquén,2001,8,8.22,0.31,3.29,-38.9516,-68.0591
Neuquén,2001,9,10.18,1.7,3.46,-38.9516,-68.0591
Neuquén,2001,10,15.73,0.13,3.36,-38.9516,-68.0591
Neuquén,2001,11,17.13,1.03,4.43,-38.9516,-68.0591
Neuquén,2001,12,23.65,0.69,4.01,-38.9516,-68.0591
Neuquén,2002,1,23.47,0.0,4.33,-38.9516,-68.0591
Neuquén,2002,2,22.59,0.93,3.96,-38.9516,-68.0591
Neuquén,2002,3,16.87,1.97,4.13,-38.9516,-68.0591
Neuquén,2002,4,12.32,0.14,3.7,-38.9516,-68.0591
Neuquén,2002,5,8.64,0.91,3.09,-38.9516,-68.0591
Neuquén,2002,6,3.39,0.14,3.3,-38.9516,-68.0591
Neuquén,2002,7,5.34,0.14,2.83,-38.9516,-68.0591
Neuquén,2002,8,7.61,0.29,3.2,-38.9516,-68.0591
Neuquén,2002,9,10.46,0.46,3.71,-38.9516,-68.0591
Neuquén,2002,10,14.27,1.15,4.27,-38.9516,-68.0591
Neuquén,2002,11,18.04,0.1,4.98,-38.9516,-68.0591
Neuquén,2002,12,21.65,0.53,4.42,-38.9516,-68.0591
Neuquén,2003,1,23.13,0.73,5.22,-38.9516,-68.0591
Neuquén,2003,2,21.97,0.0,4.58,-38.9516,-68.0591
Neuquén,2003,3,20.94,1.01,3.51,-38.9516,-68.0591
Neuquén,2003,4,13.03,0.1,3.01,-38.9516,-68.0591
Neuquén,2003,5,9.97,0.26,3.22,-38.9516,-68.0591
Neuquén,2003,6,7.82,0.28,3.06,-38.9516,-68.0591
Neuquén,2003,7,5.55,0.39,3.51,-38.9516,-68.0591
Neuquén,2003,8,7.6,0.04,3.86,-38.9516,-68.0591
Neuquén,2003,9,11.47,0.24,3.87,-38.9516,-68.0591
Neuquén,2003,10,16.09,0.01,4.76,-38.9516,-68.0591
Neuquén,2003,11,19.5,0.44,5.01,-38.9516,-68.0591
Neuquén,2003,12,19.82,0.03,5.6,-38.9516,-68.0591
Neuquén,2004,1,26.09,0.47,3.97,-38.9516,-68.0591
Neuquén,2004,2,22.17,2.2,3.35,-38.9516,-68.0591
Neuquén,2004,3,20.18,0.96,3.48,-38.9516,-68.0591
Neuquén,2004,4,12.99,2.07,3.68,-38.9516,-68.0591
Neuquén,2004,5,7.55,0.29,2.69,-38.9516,-68.0591
Neuquén,2004,6,6.58,0.57,3.26,-38.9516,-68.0591
Neuquén,2004,7,5.6,0.97,3.79,-38.9516,-68.0591
Neuquén,2004,8,7.51,0.01,2.57,-38.9516,-68.0591
Neuquén,2004,9,11.0,0.01,4.24,-38.9516,-68.0591
Neuquén,2004,10,14.46,0.77,4.71,-38.9516,-68.0591
Neuquén,2004,11,18.53,0.33,3.68,-38.9516,-68.0591
Neuquén,2004,12,21.93,0.07,4.67,-38.9516,-68.0591
Neuquén,2005,1,22.47,0.63,5.1,-38.9516,-68.0591
Neuquén,2005,2,24.66,0.17,3.55,-38.9516,-68.0591
Neuquén,2005,3,18.91,0.01,4.16,-38.9516,-68.0591
Neuquén,2005,4,12.89,0.0,3.59,-38.9516,-68.0591
Neuquén,2005,5,8.66,0.34,3.51,-38.9516,-68.0591
Neuquén,2005,6,4.83,1.69,3.02,-38.9516,-68.0591
Neuquén,2005,7,5.3,0.04,2.67,-38.9516,-68.0591
Neuquén,2005,8,6.67,0.94,3.65,-38.9516,-68.0591
Neuquén,2005,9,10.29,0.14,3.3,-38.9516,-68.0591
Neuquén,2005,10,13.84,1.17,3.77,-38.9516,-68.0591
Neuquén,2005,11,18.76,0.52,4.91,-38.9516,-68.0591
Neuquén,2005,12,20.83,1.6,4.27,-38.9516,-68.0591
Neuquén,2006,1,23.29,0.01,4.68,-38.9516,-68.0591
Neuquén,2006,2,23.37,1.83,3.87,-38.9516,-68.0591
Neuquén,2006,3,17.75,0.01,3.93,-38.9516,-68.0591
Neuquén,2006,4,14.73,0.24,3.53,-38.9516,-68.0591
Neuquén,2006,5,9.0,0.51,2.75,-38.9516,-68.0591
Neuquén,2006,6,6.43,0.93,3.04,-38.9516,-68.0591
Neuquén,2006,7,6.09,1.34,3.18,-38.9516,-68.0591
Neuquén,2006,8,7.68,0.02,3.33,-38.9516,-68.0591
Neuquén,2006,9,10.72,0.35,3.51,-38.9516,-68.0591
Neuquén,2006,10,14.45,0.92,4.04,-38.9516,-68.0591
Neuquén,2006,11,18.86,0.13,4.45,-38.9516,-68.0591
Neuquén,2006,12,21.78,0.0,5.31,-38.9516,-68.0591
Neuquén,2007,1,24.29,0.45,4.04,-38.9516,-68.0591
Neuquén,2007,2,21.49,0.4,4.47,-38.9516,-68.0591
Neuquén,2007,3,18.9,0.24,3.32,-38.9516,-68.0591
Neuquén,2007,4,14.42,0.07,3.36,-38.9516,-68.0591
Neuquén,2007,5,7.2,0.0,3.14,-38.9516,-68.0591
Neuquén,2007,6,4.83,0.29,3.46,-38.9516,-68.0591
Neuquén,2007,7,3.9,0.42,3.74,-38.9516,-68.0591
Neuquén,2007,8,4.92,0.1,3.06,-38.9516,-68.0591
Neuquén,2007,9,10.72,0.72,3.7,-38.9516,-68.0591
Neuquén,2007,10,15.18,0.01,4.64,-38.9516,-68.0591
Neuquén,2007,11,18.33,0.08,5.0,-38.9516,-68.0591
Neuquén,2007,12,22.37,0.0,5.03,-38.9516,-68.0591
Neuquén,2008,1,23.76,0.6,4.06,-38.9516,-68.0591
Neuquén,2008,2,25.1,0.02,3.24,-38.9516,-68.0591
Neuquén,2008,3,20.5,0.02,3.83,-38.9516,-68.0591
Neuquén,2008,4,13.9,0.48,3.55,-38.9516,-68.0591
Neuquén,2008,5,9.12,1.93,2.71,-38.9516,-68.0591
Neuquén,2008,6,4.6,0.45,3.3,-38.9516,-68.0591
Neuquén,2008,7,6.17,0.07,2.64,-38.9516,-68.0591
Neuquén,2008,8,7.25,0.3,3.56,-38.9516,-68.0591
Neuquén,2008,9,11.19,0.21,3.15,-38.9516,-68.0591
Neuquén,2008,10,15.9,0.0,3.88,-38.9516,-68.0591
Neuquén,2008,11,21.79,0.0,4.21,-38.9516,-68.0591
Neuquén,2008,12,24.31,0.12,4.03,-38.9516,-68.0591
Neuquén,2009,1,25.26,0.01,4.06,-38.9516,-68.0591
Neuquén,2009,2,23.73,0.04,4.31,-38.9516,-68.0591
Neuquén,2009,3,21.3,0.01,3.73,-38.9516,-68.0591
Neuquén,2009,4,16.27,0.0,3.38,-38.9516,-68.0591
Neuquén,2009,5,9.97,1.74,3.17,-38.9516,-68.0591
Neuquén,2009,6,6.02,0.09,2.92,-38.9516,-68.0591
Neuquén,2009,7,4.84,0.48,3.48,-38.9516,-68.0591
Neuquén,2009,8,8.17,0.69,3.4,-38.9516,-68.0591
Neuquén,2009,9,9.62,0.54,2.78,-38.9516,-68.0591
Neuquén,2009,10,13.66,0.01,4.68,-38.9516,-68.0591
Neuquén,2009,11,15.58,0.88,5.22,-38.9516,-68.0591
Neuquén,2009,12,20.69,0.0,4.42,-38.9516,-68.0591
Neuquén,2010,1,23.75,0.0,5.03,-38.9516,-68.0591
Neuquén,2010,2,20.65,4.14,4.38,-38.9516,-68.0591
Neuquén,2010,3,19.75,0.36,3.61,-38.9516,-68.0591
Neuquén,2010,4,13.02,0.01,3.88,-38.9516,-68.0591
Neuquén,2010,5,9.32,1.04,2.96,-38.9516,-68.0591
Neuquén,2010,6,6.21,0.53,3.44,-38.9516,-68.0591
Neuquén,2010,7,3.72,0.01,3.07,-38.9516,-68.0591
Neuquén,2010,8,5.85,0.07,3.34,-38.9516,-68.0591
Neuquén,2010,9,10.57,1.98,3.34,-38.9516,-68.0591
Neuquén,2010,10,14.63,0.88,3.98,-38.9516,-68.0591
Neuquén,2010,11,18.19,0.07,4.09,-38.9516,-68.0591
Neuquén,2010,12,21.23,0.49,5.2,-38.9516,-68.0591
Neuquén,2011,1,23.13,0.34,4.41,-38.9516,-68.0591
Neuquén,2011,2,22.79,0.6,3.81,-38.9516,-68.0591
Neuquén,2011,3,18.77,0.28,3.7,-38.9516,-68.0591
Neuquén,2011,4,14.33,2.67,3.75,-38.9516,-68.0591
Neuquén,2011,5,8.73,0.01,2.82,-38.9516,-68.0591
Neuquén,2011,6,6.05,0.01,3.12,-38.9516,-68.0591
Neuquén,2011,7,4.93,0.25,2.79,-38.9516,-68.0591
Neuquén,2011,8,6.16,0.26,3.63,-38.9516,-68.0591
Neuquén,2011,9,11.59,0.01,3.9,-38.9516,-68.0591
Neuquén,2011,10,14.09,2.3,3.78,-38.9516,-68.0591
Neuquén,2011,11,19.98,0.0,4.3,-38.9516,-68.0591
Neuquén,2011,12,24.4,0.01,4.2,-38.9516,-68.0591
Neuquén,2012,1,25.48,1.05,4.07,-38.9516,-68.0591
Neuquén,2012,2,22.6,0.34,4.06,-38.9516,-68.0591
Neuquén,2012,3,19.8,0.42,3.34,-38.9516,-68.0591
Neuquén,2012,4,13.2,0.14,3.39,-38.9516,-68.0591
Neuquén,2012,5,10.58,0.04,3.06,-38.9516,-68.0591
Neuquén,2012,6,6.35,0.23,3.4,-38.9516,-68.0591
Neuquén,2012,7,4.45,0.02,3.9,-38.9516,-68.0591
Neuquén,2012,8,8.05,0.35,3.12,-38.9516,-68.0591
Neuquén,2012,9,11.85,0.16,3.63,-38.9516,-68.0591
Neuquén,2012,10,14.5,2.66,3.48,-38.9516,-68.0591
Neuquén,2012,11,18.64,1.89,3.83,-38.9516,-68.0591
Neuquén,2012,12,19.64,0.01,5.23,-38.9516,-68.0591
Neuquén,2013,1,25.14,0.91,4.16,-38.9516,-68.0591
Neuquén,2013,2,23.04,0.15,3.97,-38.9516,-68.0591
Neuquén,2013,3,17.15,0.75,3.84,-38.9516,-68.0591
Neuquén,2013,4,15.72,0.34,3.05,-38.9516,-68.0591
Neuquén,2013,5,10.11,0.22,3.35,-38.9516,-68.0591
Neuquén,2013,6,7.62,0.02,3.71,-38.9516,-68.0591
Neuquén,2013,7,5.79,0.13,3.15,-38.9516,-68.0591
Neuquén,2013,8,7.38,0.03,3.76,-38.9516,-68.0591
Neuquén,2013,9,9.2,0.43,3.9,-38.9516,-68.0591
Neuquén,2013,10,16.21,0.34,3.71,-38.9516,-68.0591
Neuquén,2013,11,19.76,0.07,4.51,-38.9516,-68.0591
Neuquén,2013,12,25.23,0.0,4.6,-38.9516,-68.0591
Neuquén,2014,1,24.29,0.01,4.93,-38.9516,-68.0591
Neuquén,2014,2,21.05,0.54,4.33,-38.9516,-68.0591
Neuquén,2014,3,18.53,0.0,4.09,-38.9516,-68.0591
Neuquén,2014,4,11.7,8.82,3.99,-38.9516,-68.0591
Neuquén,2014,5,8.4,1.99,2.53,-38.9516,-68.0591
Neuquén,2014,6,5.27,0.05,2.62,-38.9516,-68.0591
Neuquén,2014,7,4.99,0.38,2.99,-38.9516,-68.0591
Neuquén,2014,8,7.85,0.27,3.33,-38.9516,-68.0591
Neuquén,2014,9,10.5,1.22,3.49,-38.9516,-68.0591
Neuquén,2014,10,13.93,4.68,3.87,-38.9516,-68.0591
Neuquén,2014,11,16.13,0.47,4.24,-38.9516,-68.0591
Neuquén,2014,12,20.39,0.41,4.45,-38.9516,-68.0591
Neuquén,2015,1,23.37,3.52,3.98,-38.9516,-68.0591
Neuquén,2015,2,21.65,0.42,3.8,-38.9516,-68.0591
Neuquén,2015,3,20.49,0.0,3.28,-38.9516,-68.0591
Neuquén,2015,4,14.83,0.73,3.23,-38.9516,-68.0591
Neuquén,2015,5,10.18,0.0,3.08,-38.9516,-68.0591
Neuquén,2015,6,6.56,0.21,3.85,-38.9516,-68.0591
Neuquén,2015,7,5.82,0.22,2.93,-38.9516,-68.0591
Neuquén,2015,8,8.44,0.55,3.4,-38.9516,-68.0591
Neuquén,2015,9,9.17,0.24,3.76,-38.9516,-68.0591
Neuquén,2015,10,12.16,0.26,3.65,-38.9516,-68.0591
Neuquén,2015,11,19.68,0.1,3.92,-38.9516,-68.0591
Neuquén,2015,12,20.87,3.58,4.32,-38.9516,-68.0591
Neuquén,2016,1,23.38,2.45,4.05,-38.9516,-68.0591
Neuquén,2016,2,22.0,0.93,4.52,-38.9516,-68.0591
Neuquén,2016,3,19.88,0.13,3.47,-38.9516,-68.0591
Neuquén,2016,4,12.08,0.48,3.14,-38.9516,-68.0591
Neuquén,2016,5,7.92,2.69,2.92,-38.9516,-68.0591
Neuquén,2016,6,4.49,0.23,2.26,-38.9516,-68.0591
Neuquén,2016,7,4.41,1.02,2.82,-38.9516,-68.0591
Neuquén,2016,8,8.68,1.05,3.52,-38.9516,-68.0591
Neuquén,2016,9,10.14,0.18,3.11,-38.9516,-68.0591
Neuquén,2016,10,13.75,6.04,3.36,-38.9516,-68.0591
Neuquén,2016,11,18.29,0.01,4.09,-38.9516,-68.0591
Neuquén,2016,12,21.97,0.03,4.88,-38.9516,-68.0591
Neuquén,2017,1,23.76,0.0,4.7,-38.9516,-68.0591
Neuquén,2017,2,24.67,0.1,3.79,-38.9516,-68.0591
Neuquén,2017,3,19.64,0.57,3.58,-38.9516,-68.0591
Neuquén,2017,4,12.82,2.73,3.95,-38.9516,-68.0591
Neuquén,2017,5,9.07,0.03,2.81,-38.9516,-68.0591
Neuquén,2017,6,6.42,0.22,3.52,-38.9516,-68.0591
Neuquén,2017,7,5.97,0.1,2.87,-38.9516,-68.0591
Neuquén,2017,8,8.33,0.1,3.63,-38.9516,-68.0591
Neuquén,2017,9,11.39,0.33,3.51,-38.9516,-68.0591
Neuquén,2017,10,14.59,0.37,4.77,-38.9516,-68.0591
Neuquén,2017,11,18.28,0.69,4.43,-38.9516,-68.0591
Neuquén,2017,12,22.0,0.73,5.0,-38.9516,-68.0591
Neuquén,2018,1,24.57,0.3,4.89,-38.9516,-68.0591
Neuquén,2018,2,24.25,0.76,3.76,-38.9516,-68.0591
Neuquén,2018,3,18.61,0.11,3.95,-38.9516,-68.0591
Neuquén,2018,4,15.01,0.0,3.44,-38.9516,-68.0591
Neuquén,2018,5,9.88,0.86,2.71,-38.9516,-68.0591
Neuquén,2018,6,4.82,0.79,3.0,-38.9516,-68.0591
Neuquén,2018,7,3.73,2.08,2.93,-38.9516,-68.0591
Neuquén,2018,8,6.89,1.64,2.92,-38.9516,-68.0591
Neuquén,2018,9,11.11,1.54,3.65,-38.9516,-68.0591
Neuquén,2018,10,12.7,1.26,4.0,-38.9516,-68.0591
Neuquén,2018,11,17.92,1.53,4.2,-38.9516,-68.0591
Neuquén,2018,12,21.2,0.42,4.13,-38.9516,-68.0591
Neuquén,2019,1,22.16,2.25,4.56,-38.9516,-68.0591
Neuquén,2019,2,22.78,0.28,4.05,-38.9516,-68.0591
Neuquén,2019,3,18.3,0.01,3.81,-38.9516,-68.0591
Neuquén,2019,4,16.27,0.3,3.53,-38.9516,-68.0591
Neuquén,2019,5,10.04,0.65,3.06,-38.9516,-68.0591
Neuquén,2019,6,6.69,0.77,3.41,-38.9516,-68.0591
Neuquén,2019,7,6.15,0.23,2.98,-38.9516,-68.0591
Neuquén,2019,8,7.17,0.3,3.28,-38.9516,-68.0591
Neuquén,2019,9,10.07,0.37,4.24,-38.9516,-68.0591
Neuquén,2019,10,13.78,0.35,3.97,-38.9516,-68.0591
Neuquén,2019,11,19.22,0.63,4.82,-38.9516,-68.0591
Neuquén,2019,12,22.93,0.0,4.39,-38.9516,-68.0591
Neuquén,2020,1,24.85,0.38,4.89,-38.9516,-68.0591
Neuquén,2020,2,22.05,0.17,4.35,-38.9516,-68.0591
Neuquén,2020,3,22.29,0.13,3.23,-38.9516,-68.0591
Neuquén,2020,4,15.05,0.03,2.86,-38.9516,-68.0591
Neuquén,2020,5,9.53,1.9,3.11,-38.9516,-68.0591
Neuquén,2020,6,4.19,0.62,2.97,-38.9516,-68.0591
Neuquén,2020,7,3.15,13.01,3.42,-38.9516,-68.0591
Neuquén,2020,8,2.43,0.0,2.9,-38.9516,-68.0591
Neuquén,2020,9,9.22,0.16,3.57,-38.9516,-68.0591
Neuquén,2020,10,12.51,0.29,3.86,-38.9516,-68.0591
Neuquén,2020,11,18.9,0.3,3.48,-38.9516,-68.0591
Neuquén,2020,12,20.84,0.33,4.6,-38.9516,-68.0591
Neuquén,2021,1,23.11,1.01,3.95,-38.9516,-68.0591
Neuquén,2021,2,22.52,0.0,3.41,-38.9516,-68.0591
Neuquén,2021,3,20.31,0.1,3.49,-38.9516,-68.0591
Neuquén,2021,4,16.55,2.65,2.44,-38.9516,-68.0591
Neuquén,2021,5,9.17,1.22,3.02,-38.9516,-68.0591
Neuquén,2021,6,5.07,0.26,2.82,-38.9516,-68.0591
Neuquén,2021,7,5.27,0.0,2.86,-38.9516,-68.0591
Neuquén,2021,8,7.61,0.3,3.2,-38.9516,-68.0591
Neuquén,2021,9,11.78,0.1,3.46,-38.9516,-68.0591
Neuquén,2021,10,15.64,0.17,4.24,-38.9516,-68.0591
Neuquén,2021,11,19.78,0.27,4.08,-38.9516,-68.0591
Neuquén,2021,12,23.0,0.94,3.78,-38.9516,-68.0591
Neuquén,2022,1,23.61,0.58,4.52,-38.9516,-68.0591
Neuquén,2022,2,21.57,2.74,3.96,-38.9516,-68.0591
Neuquén,2022,3,16.69,0.01,4.01,-38.9516,-68.0591
Neuquén,2022,4,12.7,0.45,4.14,-38.9516,-68.0591
Neuquén,2022,5,7.03,0.03,2.47,-38.9516,-68.0591
Neuquén,2022,6,4.81,0.42,2.89,-38.9516,-68.0591
Neuquén,2022,7,4.82,0.3,3.29,-38.9516,-68.0591
Neuquén,2022,8,6.86,0.67,3.37,-38.9516,-68.0591
Neuquén,2022,9,11.84,0.01,3.31,-38.9516,-68.0591
Neuquén,2022,10,14.76,0.25,4.69,-38.9516,-68.0591
Neuquén,2022,11,21.88,0.97,3.72,-38.9516,-68.0591
Neuquén,2022,12,24.13,0.16,4.28,-38.9516,-68.0591
Neuquén,2023,1,25.94,0.02,4.19,-38.9516,-68.0591
Neuquén,2023,2,24.09,0.01,3.89,-38.9516,-68.0591
Neuquén,2023,3,20.9,0.02,3.44,-38.9516,-68.0591
Neuquén,2023,4,15.71,0.09,3.45,-38.9516,-68.0591
Neuquén,2023,5,11.29,0.03,2.62,-38.9516,-68.0591
Neuquén,2023,6,6.93,1.82,3.15,-38.9516,-68.0591
Neuquén,2023,7,5.73,0.45,2.91,-38.9516,-68.0591
Neuquén,2023,8,6.81,1.13,3.29,-38.9516,-68.0591
Neuquén,2023,9,9.46,0.94,3.85,-38.9516,-68.0591
Neuquén,2023,10,13.7,0.58,4.09,-38.9516,-68.0591
Neuquén,2023,11,16.89,0.99,4.94,-38.9516,-68.0591
Neuquén,2023,12,21.82,0.07,4.33,-38.9516,-68.0591
Río Negro,1981,1,21.82,3.08,4.06,-40.8135,-62.9967
Río Negro,1981,2,21.81,1.93,4.52,-40.8135,-62.9967
Río Negro,1981,3,18.07,1.29,3.82,-40.8135,-62.9967
Río Negro,1981,4,14.78,2.59,3.24,-40.8135,-62.9967
Río Negro,1981,5,12.28,0.94,4.1,-40.8135,-62.9967
Río Negro,1981,6,7.55,1.41,3.57,-40.8135,-62.9967
Río Negro,1981,7,7.74,0.39,3.61,-40.8135,-62.9967
Río Negro,1981,8,9.32,0.31,3.8,-40.8135,-62.9967
Río Negro,1981,9,11.11,0.03,4.06,-40.8135,-62.9967
Río Negro,1981,10,13.88,2.54,3.53,-40.8135,-62.9967
Río Negro,1981,11,17.51,1.24,3.95,-40.8135,-62.9967
Río Negro,1981,12,19.47,0.35,4.29,-40.8135,-62.9967
Río Negro,1982,1,23.45,0.95,4.48,-40.8135,-62.9967
Río Negro,1982,2,20.69,1.09,4.65,-40.8135,-62.9967
Río Negro,1982,3,19.86,0.13,3.83,-40.8135,-62.9967
Río Negro,1982,4,16.3,0.78,3.58,-40.8135,-62.9967
Río Negro,1982,5,12.87,0.78,3.74,-40.8135,-62.9967
Río Negro,1982,6,7.1,1.45,4.21,-40.8135,-62.9967
Río Negro,1982,7,6.15,1.14,3.43,-40.8135,-62.9967
Río Negro,1982,8,8.73,0.48,4.06,-40.8135,-62.9967
Río Negro,1982,9,11.54,0.37,4.09,-40.8135,-62.9967
Río Negro,1982,10,13.82,0.21,4.06,-40.8135,-62.9967
Río Negro,1982,11,16.09,0.66,4.23,-40.8135,-62.9967
Río Negro,1982,12,20.86,0.52,4.31,-40.8135,-62.9967
Río Negro,1983,1,23.16,0.76,4.31,-40.8135,-62.9967
Río Negro,1983,2,21.07,1.15,4.08,-40.8135,-62.9967
Río Negro,1983,3,18.27,3.12,4.29,-40.8135,-62.9967
Río Negro,1983,4,14.5,2.14,3.93,-40.8135,-62.9967
Río Negro,1983,5,10.16,2.47,3.38,-40.8135,-62.9967
Río Negro,1983,6,6.21,0.85,3.55,-40.8135,-62.9967
Río Negro,1983,7,5.87,0.05,4.36,-40.8135,-62.9967
Río Negro,1983,8,8.32,0.03,3.96,-40.8135,-62.9967
Río Negro,1983,9,10.73,0.8,3.65,-40.8135,-62.9967
Río Negro,1983,10,14.48,0.78,3.84,-40.8135,-62.9967
Río Negro,1983,11,19.02,0.58,4.33,-40.8135,-62.9967
Río Negro,1983,12,22.29,0.58,4.1,-40.8135,-62.9967
Río Negro,1984,1,23.67,0.34,4.63,-40.8135,-62.9967
Río Negro,1984,2,20.41,3.88,4.47,-40.8135,-62.9967
Río Negro,1984,3,17.75,3.79,3.93,-40.8135,-62.9967
Río Negro,1984,4,13.53,2.33,3.7,-40.8135,-62.9967
Río Negro,1984,5,8.93,2.34,4.43,-40.8135,-62.9967
Río Negro,1984,6,5.39,1.29,3.19,-40.8135,-62.9967
Río Negro,1984,7,5.17,1.3,3.39,-40.8135,-62.9967
Río Negro,1984,8,7.36,0.46,3.71,-40.8135,-62.9967
Río Negro,1984,9,10.28,1.75,3.48,-40.8135,-62.9967
Río Negro,1984,10,14.65,0.95,3.82,-40.8135,-62.9967
Río Negro,1984,11,16.64,0.46,3.78,-40.8135,-62.9967
Río Negro,1984,12,18.11,1.29,4.54,-40.8135,-62.9967
Río Negro,1985,1,20.98,6.28,4.27,-40.8135,-62.9967
Río Negro,1985,2,20.28,0.55,3.98,-40.8135,-62.9967
Río Negro,1985,3,17.51,1.83,4.22,-40.8135,-62.9967
Río Negro,1985,4,14.21,0.35,3.84,-40.8135,-62.9967
Río Negro,1985,5,10.91,0.16,4.14,-40.8135,-62.9967
Río Negro,1985,6,9.24,0.54,2.87,-40.8135,-62.9967
Río Negro,1985,7,8.28,1.9,3.72,-40.8135,-62.9967
Río Negro,1985,8,8.5,0.28,3.46,-40.8135,-62.9967
Río Negro,1985,9,11.99,1.01,3.82,-40.8135,-62.9967
Río Negro,1985,10,13.12,1.77,3.5,-40.8135,-62.9967
Río Negro,1985,11,18.33,0.2,3.38,-40.8135,-62.9967
Río Negro,1985,12,21.13,0.55,4.36,-40.8135,-62.9967
Río Negro,1986,1,22.24,0.47,4.33,-40.8135,-62.9967
Río Negro,1986,2,20.61,0.22,4.23,-40.8135,-62.9967
Río Negro,1986,3,17.51,0.41,4.22,-40.8135,-62.9967
Río Negro,1986,4,14.85,0.86,3.81,-40.8135,-62.9967
Río Negro,1986,5,10.57,0.91,4.11,-40.8135,-62.9967
Río Negro,1986,6,8.2,0.79,3.8,-40.8135,-62.9967
Río Negro,1986,7,7.76,0.16,3.88,-40.8135,-62.9967
Río Negro,1986,8,7.95,1.65,3.77,-40.8135,-62.9967
Río Negro,1986,9,10.76,0.45,3.81,-40.8135,-62.9967
Río Negro,1986,10,13.76,1.5,3.65,-40.8135,-62.9967
Río Negro,1986,11,17.59,1.94,4.32,-40.8135,-62.9967
Río Negro,1986,12,19.4,0.48,4.78,-40.8135,-62.9967
Río Negro,1987,1,22.67,0.79,4.55,-40.8135,-62.9967
Río Negro,1987,2,22.21,2.37,3.91,-40.8135,-62.9967
Río Negro,1987,3,17.91,2.51,4.12,-40.8135,-62.9967
Río Negro,1987,4,15.7,0.85,3.97,-40.8135,-62.9967
Río Negro,1987,5,9.93,1.12,3.83,-40.8135,-62.9967
Río Negro,1987,6,9.04,0.85,4.08,-40.8135,-62.9967
Río Negro,1987,7,8.29,0.72,4.0,-40.8135,-62.9967
Río Negro,1987,8,7.84,2.07,3.76,-40.8135,-62.9967
Río Negro,1987,9,9.38,0.67,3.69,-40.8135,-62.9967
Río Negro,1987,10,13.8,0.63,3.57,-40.8135,-62.9967
Río Negro,1987,11,17.83,0.43,3.84,-40.8135,-62.9967
Río Negro,1987,12,19.88,0.15,4.56,-40.8135,-62.9967
Río Negro,1988,1,21.33,0.11,4.79,-40.8135,-62.9967
Río Negro,1988,2,21.44,0.57,4.09,-40.8135,-62.9967
Río Negro,1988,3,19.27,0.76,4.24,-40.8135,-62.9967
Río Negro,1988,4,13.74,1.13,3.88,-40.8135,-62.9967
Río Negro,1988,5,10.57,0.58,4.06,-40.8135,-62.9967
Río Negro,1988,6,8.34,0.34,3.97,-40.8135,-62.9967
Río Negro,1988,7,6.09,0.47,3.99,-40.8135,-62.9967
Río Negro,1988,8,8.28,0.4,3.89,-40.8135,-62.9967
Río Negro,1988,9,10.76,1.3,3.82,-40.8135,-62.9967
Río Negro,1988,10,12.34,0.96,4.59,-40.8135,-62.9967
Río Negro,1988,11,18.22,0.04,3.99,-40.8135,-62.9967
Río Negro,1988,12,21.22,0.11,4.62,-40.8135,-62.9967
Río Negro,1989,1,22.21,0.45,4.78,-40.8135,-62.9967
Río Negro,1989,2,22.17,0.58,4.14,-40.8135,-62.9967
Río Negro,1989,3,19.82,0.56,4.17,-40.8135,-62.9967
Río Negro,1989,4,15.3,1.21,3.98,-40.8135,-62.9967
Río Negro,1989,5,11.3,0.95,3.32,-40.8135,-62.9967
Río Negro,1989,6,8.61,0.38,3.85,-40.8135,-62.9967
Río Negro,1989,7,7.58,1.11,4.37,-40.8135,-62.9967
Río Negro,1989,8,9.53,1.02,3.71,-40.8135,-62.9967
Río Negro,1989,9,10.06,0.52,3.51,-40.8135,-62.9967
Río Negro,1989,10,14.87,0.16,4.04,-40.8135,-62.9967
Río Negro,1989,11,18.61,0.47,3.86,-40.8135,-62.9967
Río Negro,1989,12,23.19,0.2,4.24,-40.8135,-62.9967
Río Negro,1990,1,22.3,0.21,4.61,-40.8135,-62.9967
Río Negro,1990,2,22.21,1.72,4.24,-40.8135,-62.9967
Río Negro,1990,3,17.79,3.14,4.18,-40.8135,-62.9967
Río Negro,1990,4,13.4,1.86,4.04,-40.8135,-62.9967
Río Negro,1990,5,10.4,1.17,3.84,-40.8135,-62.9967
Río Negro,1990,6,7.84,0.16,4.75,-40.8135,-62.9967
Río Negro,1990,7,7.69,0.43,4.36,-40.8135,-62.9967
Río Negro,1990,8,9.79,1.31,3.99,-40.8135,-62.9967
Río Negro,1990,9,10.45,1.19,4.28,-40.8135,-62.9967
Río Negro,1990,10,15.62,0.74,3.85,-40.8135,-62.9967
Río Negro,1990,11,17.9,0.58,4.27,-40.8135,-62.9967
Río Negro,1990,12,20.47,1.65,4.79,-40.8135,-62.9967
Río Negro,1991,1,23.1,1.87,4.72,-40.8135,-62.9967
Río Negro,1991,2,21.17,0.08,4.29,-40.8135,-62.9967
Río Negro,1991,3,20.09,0.55,4.14,-40.8135,-62.9967
Río Negro,1991,4,15.38,1.37,3.69,-40.8135,-62.9967
Río Negro,1991,5,12.16,0.71,3.56,-40.8135,-62.9967
Río Negro,1991,6,7.58,1.04,3.63,-40.8135,-62.9967
Río Negro,1991,7,6.95,0.76,3.9,-40.8135,-62.9967
Río Negro,1991,8,8.45,0.54,3.64,-40.8135,-62.9967
Río Negro,1991,9,10.75,1.37,4.11,-40.8135,-62.9967
Río Negro,1991,10,13.13,0.17,3.89,-40.8135,-62.9967
Río Negro,1991,11,18.29,0.58,4.04,-40.8135,-62.9967
Río Negro,1991,12,19.85,1.11,4.71,-40.8135,-62.9967
Río Negro,1992,1,22.32,0.73,4.15,-40.8135,-62.9967
Río Negro,1992,2,21.8,0.9,4.2,-40.8135,-62.9967
Río Negro,1992,3,21.09,2.03,4.32,-40.8135,-62.9967
Río Negro,1992,4,15.18,0.93,3.95,-40.8135,-62.9967
Río Negro,1992,5,10.12,1.57,4.34,-40.8135,-62.9967
Río Negro,1992,6,7.07,0.9,3.29,-40.8135,-62.9967
Río Negro,1992,7,5.16,0.99,3.68,-40.8135,-62.9967
Río Negro,1992,8,7.87,0.68,3.54,-40.8135,-62.9967
Río Negro,1992,9,10.3,0.92,4.07,-40.8135,-62.9967
Río Negro,1992,10,13.75,0.47,4.3,-40.8135,-62.9967
Río Negro,1992,11,15.01,2.67,4.11,-40.8135,-62.9967
Río Negro,1992,12,19.55,0.74,4.37,-40.8135,-62.9967
Río Negro,1993,1,21.08,0.27,4.12,-40.8135,-62.9967
Río Negro,1993,2,22.01,0.02,4.07,-40.8135,-62.9967
Río Negro,1993,3,19.79,1.22,3.83,-40.8135,-62.9967
Río Negro,1993,4,14.53,2.01,4.06,-40.8135,-62.9967
Río Negro,1993,5,10.17,1.45,4.26,-40.8135,-62.9967
Río Negro,1993,6,7.98,1.22,4.24,-40.8135,-62.9967
Río Negro,1993,7,5.6,0.67,3.78,-40.8135,-62.9967
Río Negro,1993,8,8.73,0.08,3.43,-40.8135,-62.9967
Río Negro,1993,9,10.17,0.27,3.35,-40.8135,-62.9967
Río Negro,1993,10,13.85,0.79,3.63,-40.8135,-62.9967
Río Negro,1993,11,16.58,1.6,3.79,-40.8135,-62.9967
Río Negro,1993,12,20.46,0.28,4.44,-40.8135,-62.9967
Río Negro,1994,1,21.86,0.72,4.32,-40.8135,-62.9967
Río Negro,1994,2,20.81,0.59,4.76,-40.8135,-62.9967
Río Negro,1994,3,19.75,2.2,4.25,-40.8135,-62.9967
Río Negro,1994,4,14.54,1.6,4.39,-40.8135,-62.9967
Río Negro,1994,5,11.62,1.29,3.71,-40.8135,-62.9967
Río Negro,1994,6,8.46,0.72,4.38,-40.8135,-62.9967
Río Negro,1994,7,6.98,0.95,4.03,-40.8135,-62.9967
Río Negro,1994,8,7.88,0.78,3.82,-40.8135,-62.9967
Río Negro,1994,9,10.74,0.48,4.06,-40.8135,-62.9967
Río Negro,1994,10,12.66,1.02,3.65,-40.8135,-62.9967
Río Negro,1994,11,18.49,0.18,4.07,-40.8135,-62.9967
Río Negro,1994,12,20.65,0.82,4.06,-40.8135,-62.9967
Río Negro,1995,1,21.24,0.23,4.78,-40.8135,-62.9967
Río Negro,1995,2,19.57,0.72,4.53,-40.8135,-62.9967
Río Negro,1995,3,17.33,2.14,4.17,-40.8135,-62.9967
Río Negro,1995,4,14.47,2.8,3.35,-40.8135,-62.9967
Río Negro,1995,5,11.28,0.07,3.58,-40.8135,-62.9967
Río Negro,1995,6,7.43,0.8,4.47,-40.8135,-62.9967
Río Negro,1995,7,6.06,0.39,4.36,-40.8135,-62.9967
Río Negro,1995,8,7.32,1.0,4.03,-40.8135,-62.9967
Río Negro,1995,9,10.24,0.19,3.95,-40.8135,-62.9967
Río Negro,1995,10,12.54,1.07,4.14,-40.8135,-62.9967
Río Negro,1995,11,16.55,0.73,3.65,-40.8135,-62.9967
Río Negro,1995,12,21.12,0.4,4.34,-40.8135,-62.9967
Río Negro,1996,1,19.86,1.25,4.43,-40.8135,-62.9967
Río Negro,1996,2,19.44,1.29,4.55,-40.8135,-62.9967
Río Negro,1996,3,19.4,0.36,4.11,-40.8135,-62.9967
Río Negro,1996,4,13.76,2.77,4.1,-40.8135,-62.9967
Río Negro,1996,5,11.08,0.33,3.56,-40.8135,-62.9967
Río Negro,1996,6,6.68,0.74,3.59,-40.8135,-62.9967
Río Negro,1996,7,6.58,0.32,3.62,-40.8135,-62.9967
Río Negro,1996,8,9.24,0.97,3.88,-40.8135,-62.9967
Río Negro,1996,9,10.6,0.24,3.66,-40.8135,-62.9967
Río Negro,1996,10,14.23,2.06,3.99,-40.8135,-62.9967
Río Negro,1996,11,18.4,0.97,3.95,-40.8135,-62.9967
Río Negro,1996,12,18.83,1.89,4.35,-40.8135,-62.9967
Río Negro,1997,1,22.26,2.58,3.93,-40.8135,-62.9967
Río Negro,1997,2,19.24,1.81,5.3,-40.8135,-62.9967
Río Negro,1997,3,18.6,2.94,3.95,-40.8135,-62.9967
Río Negro,1997,4,15.16,1.26,4.59,-40.8135,-62.9967
Río Negro,1997,5,11.58,0.78,3.49,-40.8135,-62.9967
Río Negro,1997,6,9.02,5.26,4.38,-40.8135,-62.9967
Río Negro,1997,7,7.26,0.14,3.92,-40.8135,-62.9967
Río Negro,1997,8,7.96,0.16,3.6,-40.8135,-62.9967
Río Negro,1997,9,9.52,1.16,3.91,-40.8135,-62.9967
Río Negro,1997,10,12.95,1.88,3.59,-40.8135,-62.9967
Río Negro,1997,11,16.68,0.87,4.2,-40.8135,-62.9967
Río Negro,1997,12,17.89,2.23,4.33,-40.8135,-62.9967
Río Negro,1998,1,20.66,0.61,4.82,-40.8135,-62.9967
Río Negro,1998,2,18.44,1.94,4.4,-40.8135,-62.9967
Río Negro,1998,3,18.13,1.0,4.2,-40.8135,-62.9967
Río Negro,1998,4,14.95,1.49,3.66,-40.8135,-62.9967
Río Negro,1998,5,12.16,0.67,2.95,-40.8135,-62.9967
Río Negro,1998,6,8.97,0.17,3.21,-40.8135,-62.9967
Río Negro,1998,7,9.78,0.01,3.86,-40.8135,-62.9967
Río Negro,1998,8,9.8,0.54,3.69,-40.8135,-62.9967
Río Negro,1998,9,10.14,0.45,3.85,-40.8135,-62.9967
Río Negro,1998,10,15.8,0.21,3.85,-40.8135,-62.9967
Río Negro,1998,11,18.33,0.91,4.06,-40.8135,-62.9967
Río Negro,1998,12,20.66,0.09,4.44,-40.8135,-62.9967
Río Negro,1999,1,21.16,1.23,5.0,-40.8135,-62.9967
Río Negro,1999,2,21.35,0.48,4.61,-40.8135,-62.9967
Río Negro,1999,3,18.16,1.41,4.03,-40.8135,-62.9967
Río Negro,1999,4,14.37,1.95,3.4,-40.8135,-62.9967
Río Negro,1999,5,10.47,0.8,3.8,-40.8135,-62.9967
Río Negro,1999,6,7.43,1.04,3.5,-40.8135,-62.9967
Río Negro,1999,7,7.13,0.46,4.15,-40.8135,-62.9967
Río Negro,1999,8,8.99,0.98,3.84,-40.8135,-62.9967
Río Negro,1999,9,11.17,1.44,4.02,-40.8135,-62.9967
Río Negro,1999,10,15.07,0.79,4.17,-40.8135,-62.9967
Río Negro,1999,11,17.24,2.04,4.18,-40.8135,-62.9967
Río Negro,1999,12,20.29,0.77,4.25,-40.8135,-62.9967
Río Negro,2000,1,22.28,0.49,4.13,-40.8135,-62.9967
Río Negro,2000,2,20.76,2.69,4.54,-40.8135,-62.9967
Río Negro,2000,3,17.92,3.08,3.93,-40.8135,-62.9967
Río Negro,2000,4,14.75,0.55,3.39,-40.8135,-62.9967
Río Negro,2000,5,10.47,1.78,3.47,-40.8135,-62.9967
Río Negro,2000,6,8.28,0.72,3.71,-40.8135,-62.9967
Río Negro,2000,7,6.41,1.55,4.71,-40.8135,-62.9967
Río Negro,2000,8,7.05,0.83,3.88,-40.8135,-62.9967
Río Negro,2000,9,8.62,2.53,4.13,-40.8135,-62.9967
Río Negro,2000,10,12.29,0.64,3.98,-40.8135,-62.9967
Río Negro,2000,11,15.95,0.88,3.98,-40.8135,-62.9967
Río Negro,2000,12,19.33,0.45,4.4,-40.8135,-62.9967
Río Negro,2001,1,22.39,0.61,4.49,-40.8135,-62.9967
Río Negro,2001,2,21.81,1.12,4.44,-40.8135,-62.9967
Río Negro,2001,3,18.81,1.41,4.16,-40.8135,-62.9967
Río Negro,2001,4,13.79,3.19,4.46,-40.8135,-62.9967
Río Negro,2001,5,10.21,1.57,3.73,-40.8135,-62.9967
Río Negro,2001,6,8.41,0.95,3.93,-40.8135,-62.9967
Río Negro,2001,7,6.07,1.2,4.09,-40.8135,-62.9967
Río Negro,2001,8,9.05,1.78,3.55,-40.8135,-62.9967
Río Negro,2001,9,9.81,1.33,3.82,-40.8135,-62.9967
Río Negro,2001,10,13.48,2.43,3.49,-40.8135,-62.9967
Río Negro,2001,11,16.84,0.45,4.11,-40.8135,-62.9967
Río Negro,2001,12,20.3,0.42,4.33,-40.8135,-62.9967
Río Negro,2002,1,22.01,1.11,4.5,-40.8135,-62.9967
Río Negro,2002,2,21.66,0.3,4.59,-40.8135,-62.9967
Río Negro,2002,3,17.95,1.12,4.18,-40.8135,-62.9967
Río Negro,2002,4,14.12,0.51,3.89,-40.8135,-62.9967
Río Negro,2002,5,10.62,2.21,3.85,-40.8135,-62.9967
Río Negro,2002,6,5.86,0.77,4.09,-40.8135,-62.9967
Río Negro,2002,7,6.83,0.33,3.6,-40.8135,-62.9967
Río Negro,2002,8,8.34,2.35,4.4,-40.8135,-62.9967
Río Negro,2002,9,10.14,0.58,3.63,-40.8135,-62.9967
Río Negro,2002,10,14.78,0.57,4.09,-40.8135,-62.9967
Río Negro,2002,11,17.04,0.33,4.25,-40.8135,-62.9967
Río Negro,2002,12,21.46,0.62,4.32,-40.8135,-62.9967
Río Negro,2003,1,22.04,0.03,4.18,-40.8135,-62.9967
Río Negro,2003,2,20.88,2.78,4.85,-40.8135,-62.9967
Río Negro,2003,3,18.99,1.36,4.27,-40.8135,-62.9967
Río Negro,2003,4,13.89,0.99,3.67,-40.8135,-62.9967
Río Negro,2003,5,11.31,1.64,3.75,-40.8135,-62.9967
Río Negro,2003,6,8.48,0.94,4.29,-40.8135,-62.9967
Río Negro,2003,7,6.48,0.64,4.14,-40.8135,-62.9967
Río Negro,2003,8,8.14,0.58,4.35,-40.8135,-62.9967
Río Negro,2003,9,11.43,0.38,3.66,-40.8135,-62.9967
Río Negro,2003,10,15.13,1.1,4.17,-40.8135,-62.9967
Río Negro,2003,11,17.22,0.68,3.88,-40.8135,-62.9967
Río Negro,2003,12,18.82,0.22,4.48,-40.8135,-62.9967
Río Negro,2004,1,22.92,0.42,4.29,-40.8135,-62.9967
Río Negro,2004,2,20.59,3.7,4.31,-40.8135,-62.9967
Río Negro,2004,3,19.9,4.38,3.81,-40.8135,-62.9967
Río Negro,2004,4,14.2,2.17,4.23,-40.8135,-62.9967
Río Negro,2004,5,9.2,0.23,3.43,-40.8135,-62.9967
Río Negro,2004,6,8.56,0.67,4.08,-40.8135,-62.9967
Río Negro,2004,7,7.5,2.82,4.72,-40.8135,-62.9967
Río Negro,2004,8,8.3,0.08,3.35,-40.8135,-62.9967
Río Negro,2004,9,11.06,0.65,4.13,-40.8135,-62.9967
Río Negro,2004,10,13.95,0.71,4.23,-40.8135,-62.9967
Río Negro,2004,11,16.77,0.77,3.94,-40.8135,-62.9967
Río Negro,2004,12,21.22,2.34,4.21,-40.8135,-62.9967
Río Negro,2005,1,21.27,0.89,4.66,-40.8135,-62.9967
Río Negro,2005,2,22.33,3.46,3.83,-40.8135,-62.9967
Río Negro,2005,3,19.14,0.2,4.06,-40.8135,-62.9967
Río Negro,2005,4,13.82,0.95,3.96,-40.8135,-62.9967
Río Negro,2005,5,10.34,0.82,4.61,-40.8135,-62.9967
Río Negro,2005,6,7.25,1.11,3.98,-40.8135,-62.9967
Río Negro,2005,7,7.01,0.12,3.61,-40.8135,-62.9967
Río Negro,2005,8,8.09,0.88,4.02,-40.8135,-62.9967
Río Negro,2005,9,10.84,0.4,3.85,-40.8135,-62.9967
Río Negro,2005,10,12.92,0.14,3.8,-40.8135,-62.9967
Río Negro,2005,11,18.25,0.82,4.34,-40.8135,-62.9967
Río Negro,2005,12,18.49,1.04,4.39,-40.8135,-62.9967
Río Negro,2006,1,21.2,0.5,4.73,-40.8135,-62.9967
Río Negro,2006,2,20.02,3.15,4.6,-40.8135,-62.9967
Río Negro,2006,3,18.94,0.32,4.41,-40.8135,-62.9967
Río Negro,2006,4,15.18,1.63,4.4,-40.8135,-62.9967
Río Negro,2006,5,10.67,0.04,3.81,-40.8135,-62.9967
Río Negro,2006,6,8.08,0.89,4.11,-40.8135,-62.9967
Río Negro,2006,7,8.46,3.67,4.4,-40.8135,-62.9967
Río Negro,2006,8,7.73,0.23,4.04,-40.8135,-62.9967
Río Negro,2006,9,10.54,0.06,3.78,-40.8135,-62.9967
Río Negro,2006,10,13.82,1.77,3.78,-40.8135,-62.9967
Río Negro,2006,11,16.85,0.55,4.15,-40.8135,-62.9967
Río Negro,2006,12,20.94,0.98,4.42,-40.8135,-62.9967
Río Negro,2007,1,21.42,0.71,4.48,-40.8135,-62.9967
Río Negro,2007,2,20.42,0.35,4.43,-40.8135,-62.9967
Río Negro,2007,3,17.64,2.7,3.72,-40.8135,-62.9967
Río Negro,2007,4,14.98,1.07,3.99,-40.8135,-62.9967
Río Negro,2007,5,9.5,0.7,4.06,-40.8135,-62.9967
Río Negro,2007,6,6.87,0.01,3.85,-40.8135,-62.9967
Río Negro,2007,7,5.72,0.06,4.22,-40.8135,-62.9967
Río Negro,2007,8,6.76,0.08,3.54,-40.8135,-62.9967
Río Negro,2007,9,10.94,3.35,3.81,-40.8135,-62.9967
Río Negro,2007,10,14.88,0.25,3.95,-40.8135,-62.9967
Río Negro,2007,11,15.3,0.5,4.68,-40.8135,-62.9967
Río Negro,2007,12,20.0,0.02,4.29,-40.8135,-62.9967
Río Negro,2008,1,21.61,0.99,4.39,-40.8135,-62.9967
Río Negro,2008,2,22.01,1.16,4.17,-40.8135,-62.9967
Río Negro,2008,3,19.23,0.45,4.12,-40.8135,-62.9967
Río Negro,2008,4,14.66,0.36,4.25,-40.8135,-62.9967
Río Negro,2008,5,10.63,1.29,3.85,-40.8135,-62.9967
Río Negro,2008,6,7.29,0.58,4.05,-40.8135,-62.9967
Río Negro,2008,7,7.75,0.11,3.33,-40.8135,-62.9967
Río Negro,2008,8,8.43,0.34,4.13,-40.8135,-62.9967
Río Negro,2008,9,11.05,0.62,3.92,-40.8135,-62.9967
Río Negro,2008,10,14.79,0.43,3.66,-40.8135,-62.9967
Río Negro,2008,11,19.67,0.31,4.4,-40.8135,-62.9967
Río Negro,2008,12,21.16,0.48,4.24,-40.8135,-62.9967
Río Negro,2009,1,23.72,1.13,4.64,-40.8135,-62.9967
Río Negro,2009,2,22.56,0.84,4.29,-40.8135,-62.9967
Río Negro,2009,3,20.42,0.31,4.04,-40.8135,-62.9967
Río Negro,2009,4,15.94,0.03,4.06,-40.8135,-62.9967
Río Negro,2009,5,12.13,0.32,3.95,-40.8135,-62.9967
Río Negro,2009,6,8.26,0.37,4.02,-40.8135,-62.9967
Río Negro,2009,7,7.3,1.72,4.46,-40.8135,-62.9967
Río Negro,2009,8,9.73,0.08,3.9,-40.8135,-62.9967
Río Negro,2009,9,10.44,0.22,3.84,-40.8135,-62.9967
Río Negro,2009,10,14.08,0.07,4.4,-40.8135,-62.9967
Río Negro,2009,11,15.68,0.8,4.23,-40.8135,-62.9967
Río Negro,2009,12,19.89,0.8,4.19,-40.8135,-62.9967
Río Negro,2010,1,22.36,0.2,4.71,-40.8135,-62.9967
Río Negro,2010,2,19.88,1.78,4.63,-40.8135,-62.9967
Río Negro,2010,3,18.46,4.09,4.26,-40.8135,-62.9967
Río Negro,2010,4,13.47,0.27,4.13,-40.8135,-62.9967
Río Negro,2010,5,10.89,0.76,3.63,-40.8135,-62.9967
Río Negro,2010,6,7.94,0.85,4.14,-40.8135,-62.9967
Río Negro,2010,7,5.81,0.72,4.17,-40.8135,-62.9967
Río Negro,2010,8,7.78,0.05,3.93,-40.8135,-62.9967
Río Negro,2010,9,10.59,0.12,3.37,-40.8135,-62.9967
Río Negro,2010,10,14.66,2.23,3.84,-40.8135,-62.9967
Río Negro,2010,11,16.59,0.4,3.94,-40.8135,-62.9967
Río Negro,2010,12,20.24,0.16,4.34,-40.8135,-62.9967
Río Negro,2011,1,21.67,3.54,4.59,-40.8135,-62.9967
Río Negro,2011,2,21.4,0.23,4.66,-40.8135,-62.9967
Río Negro,2011,3,19.53,1.48,4.09,-40.8135,-62.9967
Río Negro,2011,4,14.92,0.48,4.09,-40.8135,-62.9967
Río Negro,2011,5,11.13,0.23,3.97,-40.8135,-62.9967
Río Negro,2011,6,7.71,0.64,3.91,-40.8135,-62.9967
Río Negro,2011,7,7.33,0.31,4.02,-40.8135,-62.9967
Río Negro,2011,8,7.91,0.39,4.1,-40.8135,-62.9967
Río Negro,2011,9,11.4,0.22,4.19,-40.8135,-62.9967
Río Negro,2011,10,12.31,2.2,3.81,-40.8135,-62.9967
Río Negro,2011,11,19.13,0.8,3.92,-40.8135,-62.9967
Río Negro,2011,12,20.99,0.66,4.14,-40.8135,-62.9967
Río Negro,2012,1,23.36,2.36,4.43,-40.8135,-62.9967
Río Negro,2012,2,20.6,2.54,4.64,-40.8135,-62.9967
Río Negro,2012,3,17.57,5.13,3.98,-40.8135,-62.9967
Río Negro,2012,4,13.19,0.26,3.63,-40.8135,-62.9967
Río Negro,2012,5,11.11,0.54,3.92,-40.8135,-62.9967
Río Negro,2012,6,7.05,1.15,4.55,-40.8135,-62.9967
Río Negro,2012,7,5.81,0.05,4.59,-40.8135,-62.9967
Río Negro,2012,8,8.97,0.39,3.25,-40.8135,-62.9967
Río Negro,2012,9,11.7,0.31,3.73,-40.8135,-62.9967
Río Negro,2012,10,14.28,0.24,3.67,-40.8135,-62.9967
Río Negro,2012,11,17.94,0.83,3.75,-40.8135,-62.9967
Río Negro,2012,12,19.5,0.4,4.82,-40.8135,-62.9967
Río Negro,2013,1,21.78,0.18,4.29,-40.8135,-62.9967
Río Negro,2013,2,21.65,1.58,4.61,-40.8135,-62.9967
Río Negro,2013,3,16.09,1.96,4.47,-40.8135,-62.9967
Río Negro,2013,4,16.38,0.99,3.27,-40.8135,-62.9967
Río Negro,2013,5,11.35,0.6,4.22,-40.8135,-62.9967
Río Negro,2013,6,8.49,0.25,4.55,-40.8135,-62.9967
Río Negro,2013,7,7.08,1.71,4.04,-40.8135,-62.9967
Río Negro,2013,8,8.15,0.46,4.62,-40.8135,-62.9967
Río Negro,2013,9,9.34,1.27,3.95,-40.8135,-62.9967
Río Negro,2013,10,14.41,2.51,3.58,-40.8135,-62.9967
Río Negro,2013,11,17.06,0.22,3.77,-40.8135,-62.9967
Río Negro,2013,12,20.16,0.02,4.08,-40.8135,-62.9967
Río Negro,2014,1,21.6,0.19,4.52,-40.8135,-62.9967
Río Negro,2014,2,20.44,0.48,4.22,-40.8135,-62.9967
Río Negro,2014,3,17.86,1.19,4.22,-40.8135,-62.9967
Río Negro,2014,4,12.97,3.36,4.33,-40.8135,-62.9967
Río Negro,2014,5,10.2,1.14,3.47,-40.8135,-62.9967
Río Negro,2014,6,7.61,0.08,3.76,-40.8135,-62.9967
Río Negro,2014,7,7.56,1.11,3.61,-40.8135,-62.9967
Río Negro,2014,8,9.29,3.77,4.42,-40.8135,-62.9967
Río Negro,2014,9,10.23,1.98,3.68,-40.8135,-62.9967
Río Negro,2014,10,13.56,1.86,3.78,-40.8135,-62.9967
Río Negro,2014,11,16.59,0.5,3.91,-40.8135,-62.9967
Río Negro,2014,12,19.77,0.59,4.05,-40.8135,-62.9967
Río Negro,2015,1,20.73,0.72,4.4,-40.8135,-62.9967
Río Negro,2015,2,20.48,2.36,4.29,-40.8135,-62.9967
Río Negro,2015,3,19.5,0.84,3.87,-40.8135,-62.9967
Río Negro,2015,4,15.01,1.69,3.6,-40.8135,-62.9967
Río Negro,2015,5,12.06,1.18,4.07,-40.8135,-62.9967
Río Negro,2015,6,8.42,0.08,4.61,-40.8135,-62.9967
Río Negro,2015,7,7.48,0.18,4.17,-40.8135,-62.9967
Río Negro,2015,8,9.06,1.54,4.03,-40.8135,-62.9967
Río Negro,2015,9,9.23,0.4,3.78,-40.8135,-62.9967
Río Negro,2015,10,11.39,2.34,3.81,-40.8135,-62.9967
Río Negro,2015,11,18.07,0.79,3.61,-40.8135,-62.9967
Río Negro,2015,12,19.89,1.1,4.15,-40.8135,-62.9967
Río Negro,2016,1,21.04,2.58,4.34,-40.8135,-62.9967
Río Negro,2016,2,21.09,1.78,4.19,-40.8135,-62.9967
Río Negro,2016,3,18.95,0.41,4.06,-40.8135,-62.9967
Río Negro,2016,4,13.61,0.57,4.13,-40.8135,-62.9967
Río Negro,2016,5,9.54,2.43,3.07,-40.8135,-62.9967
Río Negro,2016,6,7.11,2.15,3.37,-40.8135,-62.9967
Río Negro,2016,7,6.91,1.43,3.12,-40.8135,-62.9967
Río Negro,2016,8,9.3,0.3,3.58,-40.8135,-62.9967
Río Negro,2016,9,10.2,0.87,3.7,-40.8135,-62.9967
Río Negro,2016,10,13.6,0.67,3.73,-40.8135,-62.9967
Río Negro,2016,11,17.61,1.48,4.43,-40.8135,-62.9967
Río Negro,2016,12,20.41,1.04,4.38,-40.8135,-62.9967
Río Negro,2017,1,21.88,0.07,4.7,-40.8135,-62.9967
Río Negro,2017,2,22.5,1.75,4.05,-40.8135,-62.9967
Río Negro,2017,3,19.23,1.7,4.26,-40.8135,-62.9967
Río Negro,2017,4,14.19,1.8,3.69,-40.8135,-62.9967
Río Negro,2017,5,11.82,0.48,3.6,-40.8135,-62.9967
Río Negro,2017,6,8.53,0.66,4.53,-40.8135,-62.9967
Río Negro,2017,7,8.43,0.59,3.88,-40.8135,-62.9967
Río Negro,2017,8,9.47,2.54,4.14,-40.8135,-62.9967
Río Negro,2017,9,11.7,0.26,3.85,-40.8135,-62.9967
Río Negro,2017,10,14.19,1.05,4.26,-40.8135,-62.9967
Río Negro,2017,11,15.33,2.54,4.13,-40.8135,-62.9967
Río Negro,2017,12,20.13,0.08,4.36,-40.8135,-62.9967
Río Negro,2018,1,22.52,0.45,4.35,-40.8135,-62.9967
Río Negro,2018,2,22.1,1.13,4.01,-40.8135,-62.9967
Río Negro,2018,3,18.35,1.16,4.14,-40.8135,-62.9967
Río Negro,2018,4,16.68,0.3,3.94,-40.8135,-62.9967
Río Negro,2018,5,11.33,2.26,3.18,-40.8135,-62.9967
Río Negro,2018,6,7.22,1.43,4.12,-40.8135,-62.9967
Río Negro,2018,7,6.18,2.88,3.86,-40.8135,-62.9967
Río Negro,2018,8,8.16,0.11,3.63,-40.8135,-62.9967
Río Negro,2018,9,11.16,1.45,3.69,-40.8135,-62.9967
Río Negro,2018,10,13.1,0.83,3.92,-40.8135,-62.9967
Río Negro,2018,11,17.25,1.03,4.43,-40.8135,-62.9967
Río Negro,2018,12,20.08,2.1,4.26,-40.8135,-62.9967
Río Negro,2019,1,21.3,0.43,4.61,-40.8135,-62.9967
Río Negro,2019,2,20.71,0.16,4.35,-40.8135,-62.9967
Río Negro,2019,3,18.08,1.27,4.66,-40.8135,-62.9967
Río Negro,2019,4,16.17,0.13,3.93,-40.8135,-62.9967
Río Negro,2019,5,11.37,0.77,3.37,-40.8135,-62.9967
Río Negro,2019,6,8.97,3.57,4.14,-40.8135,-62.9967
Río Negro,2019,7,6.66,0.1,3.75,-40.8135,-62.9967
Río Negro,2019,8,8.04,0.45,3.76,-40.8135,-62.9967
Río Negro,2019,9,10.05,0.53,4.25,-40.8135,-62.9967
Río Negro,2019,10,12.88,1.76,3.97,-40.8135,-62.9967
Río Negro,2019,11,16.94,0.6,4.26,-40.8135,-62.9967
Río Negro,2019,12,19.41,0.72,4.38,-40.8135,-62.9967
Río Negro,2020,1,21.08,1.15,4.62,-40.8135,-62.9967
Río Negro,2020,2,19.85,0.54,4.42,-40.8135,-62.9967
Río Negro,2020,3,21.23,0.81,3.62,-40.8135,-62.9967
Río Negro,2020,4,15.17,1.25,3.92,-40.8135,-62.9967
Río Negro,2020,5,11.43,2.57,4.17,-40.8135,-62.9967
Río Negro,2020,6,6.88,0.59,3.92,-40.8135,-62.9967
Río Negro,2020,7,5.82,2.52,4.27,-40.8135,-62.9967
Río Negro,2020,8,7.66,0.55,4.45,-40.8135,-62.9967
Río Negro,2020,9,10.28,0.11,4.05,-40.8135,-62.9967
Río Negro,2020,10,14.28,0.49,3.88,-40.8135,-62.9967
Río Negro,2020,11,19.03,2.11,4.01,-40.8135,-62.9967
Río Negro,2020,12,20.18,0.43,4.57,-40.8135,-62.9967
Río Negro,2021,1,21.66,0.35,4.31,-40.8135,-62.9967
Río Negro,2021,2,21.22,0.36,4.38,-40.8135,-62.9967
Río Negro,2021,3,18.91,1.15,3.97,-40.8135,-62.9967
Río Negro,2021,4,17.9,0.84,3.51,-40.8135,-62.9967
Río Negro,2021,5,11.1,1.21,4.04,-40.8135,-62.9967
Río Negro,2021,6,7.25,0.56,3.91,-40.8135,-62.9967
Río Negro,2021,7,7.45,0.46,3.86,-40.8135,-62.9967
Río Negro,2021,8,8.99,0.62,4.11,-40.8135,-62.9967
Río Negro,2021,9,12.22,0.35,3.58,-40.8135,-62.9967
Río Negro,2021,10,14.98,0.05,3.95,-40.8135,-62.9967
Río Negro,2021,11,17.79,2.31,3.92,-40.8135,-62.9967
Río Negro,2021,12,21.57,0.93,4.19,-40.8135,-62.9967
Río Negro,2022,1,22.7,2.39,4.62,-40.8135,-62.9967
Río Negro,2022,2,19.67,2.24,4.52,-40.8135,-62.9967
Río Negro,2022,3,16.99,0.71,4.69,-40.8135,-62.9967
Río Negro,2022,4,13.44,1.61,4.28,-40.8135,-62.9967
Río Negro,2022,5,9.65,0.53,3.74,-40.8135,-62.9967
Río Negro,2022,6,6.77,0.15,3.93,-40.8135,-62.9967
Río Negro,2022,7,6.56,5.82,4.29,-40.8135,-62.9967
Río Negro,2022,8,8.22,0.04,3.78,-40.8135,-62.9967
Río Negro,2022,9,10.96,1.75,3.95,-40.8135,-62.9967
Río Negro,2022,10,13.45,1.02,4.22,-40.8135,-62.9967
Río Negro,2022,11,19.25,0.94,4.02,-40.8135,-62.9967
Río Negro,2022,12,21.26,0.84,4.15,-40.8135,-62.9967
Río Negro,2023,1,23.04,0.98,4.6,-40.8135,-62.9967
Río Negro,2023,2,21.16,1.15,4.29,-40.8135,-62.9967
Río Negro,2023,3,19.93,0.25,3.87,-40.8135,-62.9967
Río Negro,2023,4,15.47,0.36,3.87,-40.8135,-62.9967
Río Negro,2023,5,11.71,0.05,3.37,-40.8135,-62.9967
Río Negro,2023,6,8.61,0.36,4.25,-40.8135,-62.9967
Río Negro,2023,7,7.07,2.4,3.74,-40.8135,-62.9967
Río Negro,2023,8,8.04,4.0,4.49,-40.8135,-62.9967
Río Negro,2023,9,9.15,7.54,3.72,-40.8135,-62.9967
Río Negro,2023,10,13.03,0.18,3.93,-40.8135,-62.9967
Río Negro,2023,11,16.83,0.8,4.52,-40.8135,-62.9967
Río Negro,2023,12,19.07,2.53,4.05,-40.8135,-62.9967
Salta,1981,1,17.04,7.52,2.58,-24.7859,-65.4117
Salta,1981,2,16.58,10.79,2.14,-24.7859,-65.4117
Salta,1981,3,16.53,2.17,2.2,-24.7859,-65.4117
Salta,1981,4,13.67,4.12,2.0,-24.7859,-65.4117
Salta,1981,5,13.51,0.05,1.7,-24.7859,-65.4117
Salta,1981,6,8.55,0.04,1.78,-24.7859,-65.4117
Salta,1981,7,7.95,0.12,1.86,-24.7859,-65.4117
Salta,1981,8,11.52,0.44,2.08,-24.7859,-65.4117
Salta,1981,9,11.32,0.45,2.54,-24.7859,-65.4117
Salta,1981,10,14.44,0.6,3.12,-24.7859,-65.4117
Salta,1981,11,17.0,2.55,3.01,-24.7859,-65.4117
Salta,1981,12,17.67,3.64,2.86,-24.7859,-65.4117
Salta,1982,1,16.52,4.64,2.64,-24.7859,-65.4117
Salta,1982,2,16.13,5.56,2.52,-24.7859,-65.4117
Salta,1982,3,14.9,5.29,2.27,-24.7859,-65.4117
Salta,1982,4,13.44,1.92,2.0,-24.7859,-65.4117
Salta,1982,5,11.25,0.05,1.77,-24.7859,-65.4117
Salta,1982,6,9.59,0.09,1.94,-24.7859,-65.4117
Salta,1982,7,11.39,0.07,2.06,-24.7859,-65.4117
Salta,1982,8,12.31,0.15,2.12,-24.7859,-65.4117
Salta,1982,9,13.71,0.43,2.66,-24.7859,-65.4117
Salta,1982,10,15.78,0.41,2.93,-24.7859,-65.4117
Salta,1982,11,17.66,2.92,3.11,-24.7859,-65.4117
Salta,1982,12,17.6,3.3,2.59,-24.7859,-65.4117
Salta,1983,1,18.54,7.08,2.53,-24.7859,-65.4117
Salta,1983,2,17.03,6.82,2.33,-24.7859,-65.4117
Salta,1983,3,16.93,1.74,2.36,-24.7859,-65.4117
Salta,1983,4,14.88,0.9,2.16,-24.7859,-65.4117
Salta,1983,5,11.2,0.42,1.96,-24.7859,-65.4117
Salta,1983,6,8.01,0.21,1.69,-24.7859,-65.4117
Salta,1983,7,8.46,0.45,1.77,-24.7859,-65.4117
Salta,1983,8,10.39,0.14,2.17,-24.7859,-65.4117
Salta,1983,9,10.36,0.12,2.31,-24.7859,-65.4117
Salta,1983,10,16.13,1.1,2.78,-24.7859,-65.4117
Salta,1983,11,15.9,1.59,2.74,-24.7859,-65.4117
Salta,1983,12,18.49,4.23,2.56,-24.7859,-65.4117
Salta,1984,1,17.62,6.01,2.41,-24.7859,-65.4117
Salta,1984,2,17.14,9.92,2.43,-24.7859,-65.4117
Salta,1984,3,15.75,7.48,2.36,-24.7859,-65.4117
Salta,1984,4,12.71,0.89,1.95,-24.7859,-65.4117
Salta,1984,5,12.46,0.32,1.67,-24.7859,-65.4117
Salta,1984,6,8.69,0.11,1.58,-24.7859,-65.4117
Salta,1984,7,10.18,0.11,2.1,-24.7859,-65.4117
Salta,1984,8,8.71,0.42,2.01,-24.7859,-65.4117
Salta,1984,9,13.52,0.1,2.48,-24.7859,-65.4117
Salta,1984,10,17.4,1.13,2.57,-24.7859,-65.4117
Salta,1984,11,17.41,1.68,3.05,-24.7859,-65.4117
Salta,1984,12,16.65,4.57,3.01,-24.7859,-65.4117
Salta,1985,1,16.41,6.29,2.55,-24.7859,-65.4117
Salta,1985,2,16.77,11.44,2.31,-24.7859,-65.4117
Salta,1985,3,16.4,2.55,2.15,-24.7859,-65.4117
Salta,1985,4,13.9,2.55,2.15,-24.7859,-65.4117
Salta,1985,5,12.65,0.37,1.71,-24.7859,-65.4117
Salta,1985,6,10.17,0.16,1.65,-24.7859,-65.4117
Salta,1985,7,8.76,0.84,1.91,-24.7859,-65.4117
Salta,1985,8,9.8,0.97,2.13,-24.7859,-65.4117
Salta,1985,9,12.51,0.46,2.49,-24.7859,-65.4117
Salta,1985,10,16.7,1.82,2.82,-24.7859,-65.4117
Salta,1985,11,16.96,7.05,2.68,-24.7859,-65.4117
Salta,1985,12,17.83,5.81,2.39,-24.7859,-65.4117
Salta,1986,1,18.0,6.1,2.33,-24.7859,-65.4117
Salta,1986,2,16.98,5.15,2.33,-24.7859,-65.4117
Salta,1986,3,15.93,1.54,2.28,-24.7859,-65.4117
Salta,1986,4,15.52,0.95,2.04,-24.7859,-65.4117
Salta,1986,5,12.55,0.09,1.78,-24.7859,-65.4117
Salta,1986,6,10.98,0.25,1.72,-24.7859,-65.4117
Salta,1986,7,10.36,0.14,1.77,-24.7859,-65.4117
Salta,1986,8,12.14,0.31,2.1,-24.7859,-65.4117
Salta,1986,9,12.56,0.22,2.63,-24.7859,-65.4117
Salta,1986,10,14.55,1.35,2.7,-24.7859,-65.4117
Salta,1986,11,17.77,2.51,2.91,-24.7859,-65.4117
Salta,1986,12,18.21,9.13,2.39,-24.7859,-65.4117
Salta,1987,1,17.85,7.16,2.38,-24.7859,-65.4117
Salta,1987,2,16.56,1.97,2.28,-24.7859,-65.4117
Salta,1987,3,16.1,2.81,2.06,-24.7859,-65.4117
Salta,1987,4,14.29,1.84,1.95,-24.7859,-65.4117
Salta,1987,5,8.98,0.21,1.84,-24.7859,-65.4117
Salta,1987,6,10.11,0.04,1.67,-24.7859,-65.4117
Salta,1987,7,11.19,0.03,1.92,-24.7859,-65.4117
Salta,1987,8,10.28,0.16,2.21,-24.7859,-65.4117
Salta,1987,9,11.75,0.36,2.38,-24.7859,-65.4117
Salta,1987,10,15.56,0.11,2.93,-24.7859,-65.4117
Salta,1987,11,18.01,4.22,2.88,-24.7859,-65.4117
Salta,1987,12,16.82,6.16,2.65,-24.7859,-65.4117
Salta,1988,1,18.19,8.47,2.45,-24.7859,-65.4117
Salta,1988,2,15.61,4.86,2.43,-24.7859,-65.4117
Salta,1988,3,17.34,4.66,2.26,-24.7859,-65.4117
Salta,1988,4,13.71,0.72,1.91,-24.7859,-65.4117
Salta,1988,5,9.42,0.54,1.87,-24.7859,-65.4117
Salta,1988,6,8.5,0.02,1.65,-24.7859,-65.4117
Salta,1988,7,7.56,0.32,1.81,-24.7859,-65.4117
Salta,1988,8,11.32,0.02,1.99,-24.7859,-65.4117
Salta,1988,9,11.89,0.06,2.51,-24.7859,-65.4117
Salta,1988,10,14.69,0.29,2.69,-24.7859,-65.4117
Salta,1988,11,17.67,1.68,2.83,-24.7859,-65.4117
Salta,1988,12,17.96,4.31,2.61,-24.7859,-65.4117
Salta,1989,1,17.47,4.52,2.25,-24.7859,-65.4117
Salta,1989,2,17.83,2.36,2.15,-24.7859,-65.4117
Salta,1989,3,15.53,7.43,2.11,-24.7859,-65.4117
Salta,1989,4,13.63,1.74,1.93,-24.7859,-65.4117
Salta,1989,5,10.81,0.07,1.72,-24.7859,-65.4117
Salta,1989,6,10.55,0.38,1.65,-24.7859,-65.4117
Salta,1989,7,8.16,0.12,1.97,-24.7859,-65.4117
Salta,1989,8,11.85,0.0,2.09,-24.7859,-65.4117
Salta,1989,9,10.88,0.21,2.53,-24.7859,-65.4117
Salta,1989,10,15.12,0.89,2.85,-24.7859,-65.4117
Salta,1989,11,17.12,2.1,2.78,-24.7859,-65.4117
Salta,1989,12,17.86,8.23,2.5,-24.7859,-65.4117
Salta,1990,1,17.57,6.88,2.29,-24.7859,-65.4117
Salta,1990,2,15.86,6.38,2.3,-24.7859,-65.4117
Salta,1990,3,16.37,3.7,2.28,-24.7859,-65.4117
Salta,1990,4,14.48,1.18,1.96,-24.7859,-65.4117
Salta,1990,5,11.66,0.35,1.73,-24.7859,-65.4117
Salta,1990,6,9.02,0.08,1.73,-24.7859,-65.4117
Salta,1990,7,7.21,0.04,1.91,-24.7859,-65.4117
Salta,1990,8,11.67,0.15,2.16,-24.7859,-65.4117
Salta,1990,9,11.15,0.23,2.39,-24.7859,-65.4117
Salta,1990,10,16.03,1.71,2.9,-24.7859,-65.4117
Salta,1990,11,17.91,2.05,2.94,-24.7859,-65.4117
Salta,1990,12,18.22,3.96,2.7,-24.7859,-65.4117
Salta,1991,1,17.02,7.43,2.68,-24.7859,-65.4117
Salta,1991,2,16.43,5.39,2.49,-24.7859,-65.4117
Salta,1991,3,16.44,5.49,2.23,-24.7859,-65.4117
Salta,1991,4,14.89,1.12,1.93,-24.7859,-65.4117
Salta,1991,5,13.46,0.32,1.85,-24.7859,-65.4117
Salta,1991,6,9.35,0.21,1.78,-24.7859,-65.4117
Salta,1991,7,9.71,0.1,1.71,-24.7859,-65.4117
Salta,1991,8,11.06,0.22,2.05,-24.7859,-65.4117
Salta,1991,9,13.67,0.22,2.42,-24.7859,-65.4117
Salta,1991,10,14.71,1.4,2.81,-24.7859,-65.4117
Salta,1991,11,16.34,1.97,3.14,-24.7859,-65.4117
Salta,1991,12,18.75,3.93,2.77,-24.7859,-65.4117
Salta,1992,1,17.19,4.7,2.42,-24.7859,-65.4117
Salta,1992,2,16.88,4.14,2.49,-24.7859,-65.4117
Salta,1992,3,16.33,2.49,2.23,-24.7859,-65.4117
Salta,1992,4,13.68,1.13,2.18,-24.7859,-65.4117
Salta,1992,5,12.15,0.06,1.81,-24.7859,-65.4117
Salta,1992,6,11.01,0.04,1.85,-24.7859,-65.4117
Salta,1992,7,6.79,0.24,1.95,-24.7859,-65.4117
Salta,1992,8,9.5,0.29,2.2,-24.7859,-65.4117
Salta,1992,9,10.88,0.47,2.57,-24.7859,-65.4117
Salta,1992,10,14.82,1.05,2.88,-24.7859,-65.4117
Salta,1992,11,15.6,1.92,2.94,-24.7859,-65.4117
Salta,1992,12,18.07,5.83,3.02,-24.7859,-65.4117
Salta,1993,1,17.55,7.81,2.12,-24.7859,-65.4117
Salta,1993,2,15.04,4.3,2.24,-24.7859,-65.4117
Salta,1993,3,16.41,2.82,2.15,-24.7859,-65.4117
Salta,1993,4,14.32,0.7,2.14,-24.7859,-65.4117
Salta,1993,5,10.98,0.11,1.84,-24.7859,-65.4117
Salta,1993,6,10.47,0.04,1.68,-24.7859,-65.4117
Salta,1993,7,7.48,0.18,1.99,-24.7859,-65.4117
Salta,1993,8,10.29,0.19,1.99,-24.7859,-65.4117
Salta,1993,9,11.52,0.11,2.46,-24.7859,-65.4117
Salta,1993,10,15.26,1.01,2.89,-24.7859,-65.4117
Salta,1993,11,17.35,2.8,2.92,-24.7859,-65.4117
Salta,1993,12,17.92,4.14,2.82,-24.7859,-65.4117
Salta,1994,1,17.27,5.25,2.57,-24.7859,-65.4117
Salta,1994,2,15.91,6.86,2.53,-24.7859,-65.4117
Salta,1994,3,15.39,1.42,2.11,-24.7859,-65.4117
Salta,1994,4,14.21,0.61,2.14,-24.7859,-65.4117
Salta,1994,5,13.0,0.35,1.92,-24.7859,-65.4117
Salta,1994,6,10.79,0.06,1.7,-24.7859,-65.4117
Salta,1994,7,8.85,0.09,1.96,-24.7859,-65.4117
Salta,1994,8,11.02,0.02,2.1,-24.7859,-65.4117
Salta,1994,9,14.41,0.36,2.57,-24.7859,-65.4117
Salta,1994,10,15.87,1.45,3.05,-24.7859,-65.4117
Salta,1994,11,16.85,3.04,2.84,-24.7859,-65.4117
Salta,1994,12,18.89,6.14,2.51,-24.7859,-65.4117
Salta,1995,1,17.64,8.3,2.32,-24.7859,-65.4117
Salta,1995,2,16.08,3.23,2.45,-24.7859,-65.4117
Salta,1995,3,16.14,4.36,2.24,-24.7859,-65.4117
Salta,1995,4,13.67,0.29,1.93,-24.7859,-65.4117
Salta,1995,5,11.1,1.17,1.7,-24.7859,-65.4117
Salta,1995,6,10.65,0.03,1.93,-24.7859,-65.4117
Salta,1995,7,9.17,0.02,1.75,-24.7859,-65.4117
Salta,1995,8,10.69,0.07,2.03,-24.7859,-65.4117
Salta,1995,9,11.71,0.51,2.71,-24.7859,-65.4117
Salta,1995,10,15.03,0.34,2.83,-24.7859,-65.4117
Salta,1995,11,16.97,1.98,2.98,-24.7859,-65.4117
Salta,1995,12,17.97,1.06,2.52,-24.7859,-65.4117
Salta,1996,1,17.1,5.83,2.8,-24.7859,-65.4117
Salta,1996,2,17.04,2.81,2.57,-24.7859,-65.4117
Salta,1996,3,15.25,2.8,2.22,-24.7859,-65.4117
Salta,1996,4,13.63,1.11,2.14,-24.7859,-65.4117
Salta,1996,5,10.99,0.54,2.09,-24.7859,-65.4117
Salta,1996,6,7.4,0.18,1.68,-24.7859,-65.4117
Salta,1996,7,8.26,0.0,1.7,-24.7859,-65.4117
Salta,1996,8,11.29,0.0,2.15,-24.7859,-65.4117
Salta,1996,9,11.02,1.0,2.65,-24.7859,-65.4117
Salta,1996,10,15.36,1.19,2.86,-24.7859,-65.4117
Salta,1996,11,16.1,2.92,2.8,-24.7859,-65.4117
Salta,1996,12,17.78,6.45,2.94,-24.7859,-65.4117
Salta,1997,1,17.47,5.56,2.37,-24.7859,-65.4117
Salta,1997,2,15.91,4.71,2.38,-24.7859,-65.4117
Salta,1997,3,15.05,2.79,2.29,-24.7859,-65.4117
Salta,1997,4,13.83,0.31,1.88,-24.7859,-65.4117
Salta,1997,5,11.17,0.29,1.78,-24.7859,-65.4117
Salta,1997,6,10.11,0.05,1.78,-24.7859,-65.4117
Salta,1997,7,11.15,0.03,1.89,-24.7859,-65.4117
Salta,1997,8,10.98,0.1,2.21,-24.7859,-65.4117
Salta,1997,9,15.09,0.19,2.41,-24.7859,-65.4117
Salta,1997,10,16.14,0.12,3.17,-24.7859,-65.4117
Salta,1997,11,18.03,1.72,3.17,-24.7859,-65.4117
Salta,1997,12,19.6,2.43,3.14,-24.7859,-65.4117
Salta,1998,1,19.35,4.49,2.66,-24.7859,-65.4117
Salta,1998,2,17.23,2.1,2.8,-24.7859,-65.4117
Salta,1998,3,15.8,3.67,2.51,-24.7859,-65.4117
Salta,1998,4,13.12,1.09,2.27,-24.7859,-65.4117
Salta,1998,5,10.64,0.24,1.78,-24.7859,-65.4117
Salta,1998,6,9.33,0.16,1.73,-24.7859,-65.4117
Salta,1998,7,9.83,0.05,1.7,-24.7859,-65.4117
Salta,1998,8,10.02,0.42,2.1,-24.7859,-65.4117
Salta,1998,9,11.06,0.22,2.63,-24.7859,-65.4117
Salta,1998,10,14.41,3.77,2.71,-24.7859,-65.4117
Salta,1998,11,16.25,2.71,2.89,-24.7859,-65.4117
Salta,1998,12,17.49,3.35,2.48,-24.7859,-65.4117
Salta,1999,1,15.85,8.59,2.6,-24.7859,-65.4117
Salta,1999,2,16.91,3.88,2.25,-24.7859,-65.4117
Salta,1999,3,15.67,7.11,2.35,-24.7859,-65.4117
Salta,1999,4,11.83,0.73,2.05,-24.7859,-65.4117
Salta,1999,5,10.4,0.92,1.81,-24.7859,-65.4117
Salta,1999,6,8.48,0.09,1.64,-24.7859,-65.4117
Salta,1999,7,7.36,0.25,1.74,-24.7859,-65.4117
Salta,1999,8,10.47,0.01,2.18,-24.7859,-65.4117
Salta,1999,9,13.97,0.43,2.45,-24.7859,-65.4117
Salta,1999,10,14.23,0.93,3.02,-24.7859,-65.4117
Salta,1999,11,14.99,0.85,3.12,-24.7859,-65.4117
Salta,1999,12,17.28,3.95,2.92,-24.7859,-65.4117
Salta,2000,1,17.17,5.81,2.45,-24.7859,-65.4117
Salta,2000,2,16.06,6.36,2.45,-24.7859,-65.4117
Salta,2000,3,14.79,5.54,2.33,-24.7859,-65.4117
Salta,2000,4,14.38,1.53,2.0,-24.7859,-65.4117
Salta,2000,5,9.43,0.16,1.78,-24.7859,-65.4117
Salta,2000,6,9.08,0.03,1.97,-24.7859,-65.4117
Salta,2000,7,6.71,0.53,1.84,-24.7859,-65.4117
Salta,2000,8,11.0,0.03,2.07,-24.7859,-65.4117
Salta,2000,9,11.77,0.01,2.55,-24.7859,-65.4117
Salta,2000,10,16.04,0.95,2.98,-24.7859,-65.4117
Salta,2000,11,15.77,1.53,3.0,-24.7859,-65.4117
Salta,2000,12,17.83,4.09,2.75,-24.7859,-65.4117
Salta,2001,1,17.35,9.64,2.43,-24.7859,-65.4117
Salta,2001,2,17.5,6.62,2.11,-24.7859,-65.4117
Salta,2001,3,16.08,3.89,2.29,-24.7859,-65.4117
Salta,2001,4,13.23,2.85,2.17,-24.7859,-65.4117
Salta,2001,5,9.84,0.39,1.89,-24.7859,-65.4117
Salta,2001,6,8.9,0.37,1.86,-24.7859,-65.4117
Salta,2001,7,9.25,0.0,1.95,-24.7859,-65.4117
Salta,2001,8,12.29,0.04,2.09,-24.7859,-65.4117
Salta,2001,9,12.37,0.29,2.57,-24.7859,-65.4117
Salta,2001,10,15.76,0.36,3.0,-24.7859,-65.4117
Salta,2001,11,16.69,2.49,3.1,-24.7859,-65.4117
Salta,2001,12,16.54,5.32,2.6,-24.7859,-65.4117
Salta,2002,1,17.28,4.06,2.51,-24.7859,-65.4117
Salta,2002,2,16.26,4.44,2.53,-24.7859,-65.4117
Salta,2002,3,17.27,4.03,2.21,-24.7859,-65.4117
Salta,2002,4,13.96,0.29,2.26,-24.7859,-65.4117
Salta,2002,5,12.05,0.32,1.79,-24.7859,-65.4117
Salta,2002,6,8.15,0.1,1.58,-24.7859,-65.4117
Salta,2002,7,8.31,0.04,1.93,-24.7859,-65.4117
Salta,2002,8,11.64,0.01,2.11,-24.7859,-65.4117
Salta,2002,9,13.41,0.01,2.48,-24.7859,-65.4117
Salta,2002,10,17.76,2.54,2.65,-24.7859,-65.4117
Salta,2002,11,17.07,1.98,2.89,-24.7859,-65.4117
Salta,2002,12,17.44,4.0,3.01,-24.7859,-65.4117
Salta,2003,1,18.15,6.39,2.37,-24.7859,-65.4117
Salta,2003,2,17.15,3.82,2.28,-24.7859,-65.4117
Salta,2003,3,16.04,4.0,2.26,-24.7859,-65.4117
Salta,2003,4,13.75,0.53,1.92,-24.7859,-65.4117
Salta,2003,5,12.06,0.3,1.84,-24.7859,-65.4117
Salta,2003,6,11.99,0.08,1.75,-24.7859,-65.4117
Salta,2003,7,8.5,0.03,1.9,-24.7859,-65.4117
Salta,2003,8,8.95,0.0,2.16,-24.7859,-65.4117
Salta,2003,9,12.56,0.18,2.55,-24.7859,-65.4117
Salta,2003,10,16.4,3.44,2.91,-24.7859,-65.4117
Salta,2003,11,17.54,1.92,2.78,-24.7859,-65.4117
Salta,2003,12,17.38,4.42,2.97,-24.7859,-65.4117
Salta,2004,1,17.94,3.61,2.42,-24.7859,-65.4117
Salta,2004,2,15.82,5.6,2.51,-24.7859,-65.4117
Salta,2004,3,16.37,2.34,2.3,-24.7859,-65.4117
Salta,2004,4,14.46,1.52,2.15,-24.7859,-65.4117
Salta,2004,5,7.13,0.94,1.91,-24.7859,-65.4117
Salta,2004,6,9.33,0.13,1.77,-24.7859,-65.4117
Salta,2004,7,9.26,0.0,1.85,-24.7859,-65.4117
Salta,2004,8,11.33,0.01,2.05,-24.7859,-65.4117
Salta,2004,9,13.54,0.85,2.57,-24.7859,-65.4117
Salta,2004,10,15.75,0.16,3.06,-24.7859,-65.4117
Salta,2004,11,16.26,3.38,3.03,-24.7859,-65.4117
Salta,2004,12,17.58,4.53,2.74,-24.7859,-65.4117
Salta,2005,1,18.51,1.8,2.57,-24.7859,-65.4117
Salta,2005,2,17.06,4.66,2.43,-24.7859,-65.4117
Salta,2005,3,16.11,2.28,2.26,-24.7859,-65.4117
Salta,2005,4,12.66,1.06,2.19,-24.7859,-65.4117
Salta,2005,5,11.87,0.06,1.8,-24.7859,-65.4117
Salta,2005,6,11.14,0.14,1.69,-24.7859,-65.4117
Salta,2005,7,8.4,0.09,1.94,-24.7859,-65.4117
Salta,2005,8,11.67,0.09,2.15,-24.7859,-65.4117
Salta,2005,9,9.04,0.48,2.67,-24.7859,-65.4117
Salta,2005,10,14.6,0.27,3.02,-24.7859,-65.4117
Salta,2005,11,17.55,2.18,3.18,-24.7859,-65.4117
Salta,2005,12,17.4,5.75,2.79,-24.7859,-65.4117
Salta,2006,1,17.76,4.37,2.45,-24.7859,-65.4117
Salta,2006,2,16.72,4.97,2.41,-24.7859,-65.4117
Salta,2006,3,17.04,3.03,2.41,-24.7859,-65.4117
Salta,2006,4,13.7,2.56,2.08,-24.7859,-65.4117
Salta,2006,5,9.63,0.14,1.76,-24.7859,-65.4117
Salta,2006,6,10.42,0.03,1.72,-24.7859,-65.4117
Salta,2006,7,11.44,0.01,1.92,-24.7859,-65.4117
Salta,2006,8,11.09,0.0,2.1,-24.7859,-65.4117
Salta,2006,9,12.16,0.0,2.56,-24.7859,-65.4117
Salta,2006,10,17.44,1.13,3.04,-24.7859,-65.4117
Salta,2006,11,16.97,1.59,3.05,-24.7859,-65.4117
Salta,2006,12,19.02,4.52,2.78,-24.7859,-65.4117
Salta,2007,1,17.53,9.04,2.66,-24.7859,-65.4117
Salta,2007,2,16.79,6.12,2.49,-24.7859,-65.4117
Salta,2007,3,15.88,5.17,2.14,-24.7859,-65.4117
Salta,2007,4,14.45,0.59,2.04,-24.7859,-65.4117
Salta,2007,5,8.3,0.3,1.96,-24.7859,-65.4117
Salta,2007,6,10.0,0.0,1.54,-24.7859,-65.4117
Salta,2007,7,8.41,0.01,1.76,-24.7859,-65.4117
Salta,2007,8,7.48,0.0,2.2,-24.7859,-65.4117
Salta,2007,9,13.25,0.11,2.52,-24.7859,-65.4117
Salta,2007,10,16.87,0.99,2.81,-24.7859,-65.4117
Salta,2007,11,15.82,1.74,3.12,-24.7859,-65.4117
Salta,2007,12,17.12,3.93,2.74,-24.7859,-65.4117
Salta,2008,1,16.6,10.63,2.51,-24.7859,-65.4117
Salta,2008,2,15.66,7.37,2.34,-24.7859,-65.4117
Salta,2008,3,14.91,6.19,2.21,-24.7859,-65.4117
Salta,2008,4,12.38,1.05,1.93,-24.7859,-65.4117
Salta,2008,5,9.56,0.09,1.82,-24.7859,-65.4117
Salta,2008,6,7.86,0.02,1.62,-24.7859,-65.4117
Salta,2008,7,10.69,0.0,1.76,-24.7859,-65.4117
Salta,2008,8,10.38,0.02,2.12,-24.7859,-65.4117
Salta,2008,9,10.92,0.02,2.7,-24.7859,-65.4117
Salta,2008,10,14.84,0.78,3.06,-24.7859,-65.4117
Salta,2008,11,17.5,1.23,2.95,-24.7859,-65.4117
Salta,2008,12,16.19,7.08,2.63,-24.7859,-65.4117
Salta,2009,1,16.52,2.05,2.43,-24.7859,-65.4117
Salta,2009,2,16.71,4.71,2.38,-24.7859,-65.4117
Salta,2009,3,15.78,3.9,2.06,-24.7859,-65.4117
Salta,2009,4,14.52,1.46,1.98,-24.7859,-65.4117
Salta,2009,5,11.75,0.57,1.73,-24.7859,-65.4117
Salta,2009,6,8.16,0.0,1.73,-24.7859,-65.4117
Salta,2009,7,7.4,0.0,1.87,-24.7859,-65.4117
Salta,2009,8,11.46,0.0,2.15,-24.7859,-65.4117
Salta,2009,9,10.79,0.0,2.71,-24.7859,-65.4117
Salta,2009,10,16.23,0.0,2.88,-24.7859,-65.4117
Salta,2009,11,20.5,2.02,2.97,-24.7859,-65.4117
Salta,2009,12,17.82,5.18,2.99,-24.7859,-65.4117
Salta,2010,1,17.86,2.48,2.42,-24.7859,-65.4117
Salta,2010,2,18.53,8.41,2.43,-24.7859,-65.4117
Salta,2010,3,16.93,4.85,2.23,-24.7859,-65.4117
Salta,2010,4,12.56,1.3,2.02,-24.7859,-65.4117
Salta,2010,5,9.21,0.29,1.78,-24.7859,-65.4117
Salta,2010,6,9.02,0.03,1.59,-24.7859,-65.4117
Salta,2010,7,6.42,0.37,1.95,-24.7859,-65.4117
Salta,2010,8,9.16,0.39,2.22,-24.7859,-65.4117
Salta,2010,9,12.53,0.14,2.47,-24.7859,-65.4117
Salta,2010,10,14.02,0.29,3.08,-24.7859,-65.4117
Salta,2010,11,15.76,0.57,3.13,-24.7859,-65.4117
Salta,2010,12,17.61,4.41,2.73,-24.7859,-65.4117
Salta,2011,1,16.88,7.86,2.6,-24.7859,-65.4117
Salta,2011,2,15.25,7.65,2.38,-24.7859,-65.4117
Salta,2011,3,14.24,3.49,2.26,-24.7859,-65.4117
Salta,2011,4,13.08,2.0,2.04,-24.7859,-65.4117
Salta,2011,5,10.65,0.05,1.73,-24.7859,-65.4117
Salta,2011,6,9.02,0.18,1.71,-24.7859,-65.4117
Salta,2011,7,7.99,0.04,1.87,-24.7859,-65.4117
Salta,2011,8,9.77,0.08,2.13,-24.7859,-65.4117
Salta,2011,9,13.47,0.16,2.46,-24.7859,-65.4117
Salta,2011,10,15.08,0.44,2.8,-24.7859,-65.4117
Salta,2011,11,18.34,1.09,3.16,-24.7859,-65.4117
Salta,2011,12,16.58,8.37,2.58,-24.7859,-65.4117
Salta,2012,1,16.68,5.14,2.41,-24.7859,-65.4117
Salta,2012,2,17.0,6.09,2.28,-24.7859,-65.4117
Salta,2012,3,15.41,3.55,2.22,-24.7859,-65.4117
Salta,2012,4,13.23,2.34,2.12,-24.7859,-65.4117
Salta,2012,5,11.7,0.08,1.72,-24.7859,-65.4117
Salta,2012,6,9.49,0.0,1.72,-24.7859,-65.4117
Salta,2012,7,8.33,0.06,1.77,-24.7859,-65.4117
Salta,2012,8,11.17,0.0,2.08,-24.7859,-65.4117
Salta,2012,9,14.36,0.04,2.67,-24.7859,-65.4117
Salta,2012,10,16.81,0.23,2.98,-24.7859,-65.4117
Salta,2012,11,16.97,2.67,3.27,-24.7859,-65.4117
Salta,2012,12,19.39,2.17,2.87,-24.7859,-65.4117
Salta,2013,1,16.83,7.95,2.53,-24.7859,-65.4117
Salta,2013,2,16.97,5.02,2.36,-24.7859,-65.4117
Salta,2013,3,14.57,1.35,2.48,-24.7859,-65.4117
Salta,2013,4,13.96,0.29,2.08,-24.7859,-65.4117
Salta,2013,5,11.74,0.16,1.95,-24.7859,-65.4117
Salta,2013,6,10.06,0.35,1.74,-24.7859,-65.4117
Salta,2013,7,9.81,0.01,2.01,-24.7859,-65.4117
Salta,2013,8,8.79,0.0,2.33,-24.7859,-65.4117
Salta,2013,9,12.24,0.14,2.7,-24.7859,-65.4117
Salta,2013,10,15.4,1.19,3.01,-24.7859,-65.4117
Salta,2013,11,16.93,1.32,3.1,-24.7859,-65.4117
Salta,2013,12,18.74,6.36,2.61,-24.7859,-65.4117
Salta,2014,1,17.73,7.17,2.39,-24.7859,-65.4117
Salta,2014,2,16.6,4.85,2.61,-24.7859,-65.4117
Salta,2014,3,14.57,3.85,2.36,-24.7859,-65.4117
Salta,2014,4,13.72,0.67,2.17,-24.7859,-65.4117
Salta,2014,5,11.22,1.23,1.86,-24.7859,-65.4117
Salta,2014,6,8.83,0.4,1.67,-24.7859,-65.4117
Salta,2014,7,8.95,0.06,1.74,-24.7859,-65.4117
Salta,2014,8,11.56,0.5,2.13,-24.7859,-65.4117
Salta,2014,9,14.37,0.06,2.42,-24.7859,-65.4117
Salta,2014,10,18.02,1.94,2.75,-24.7859,-65.4117
Salta,2014,11,16.83,1.3,3.1,-24.7859,-65.4117
Salta,2014,12,17.8,3.98,3.02,-24.7859,-65.4117
Salta,2015,1,17.98,5.59,2.37,-24.7859,-65.4117
Salta,2015,2,16.7,7.52,2.42,-24.7859,-65.4117
Salta,2015,3,15.67,4.76,2.41,-24.7859,-65.4117
Salta,2015,4,14.35,1.31,2.02,-24.7859,-65.4117
Salta,2015,5,11.3,0.24,1.74,-24.7859,-65.4117
Salta,2015,6,10.76,0.01,1.71,-24.7859,-65.4117
Salta,2015,7,8.98,0.35,1.83,-24.7859,-65.4117
Salta,2015,8,12.36,0.37,2.17,-24.7859,-65.4117
Salta,2015,9,13.86,0.08,2.38,-24.7859,-65.4117
Salta,2015,10,14.79,0.34,3.07,-24.7859,-65.4117
Salta,2015,11,16.52,1.85,3.24,-24.7859,-65.4117
Salta,2015,12,18.85,2.62,3.09,-24.7859,-65.4117
Salta,2016,1,18.48,7.36,2.73,-24.7859,-65.4117
Salta,2016,2,18.62,8.25,2.45,-24.7859,-65.4117
Salta,2016,3,14.86,5.52,2.35,-24.7859,-65.4117
Salta,2016,4,13.43,3.89,1.98,-24.7859,-65.4117
Salta,2016,5,8.61,0.45,1.98,-24.7859,-65.4117
Salta,2016,6,6.46,0.62,1.65,-24.7859,-65.4117
Salta,2016,7,9.1,0.04,1.63,-24.7859,-65.4117
Salta,2016,8,11.34,0.38,1.99,-24.7859,-65.4117
Salta,2016,9,12.18,0.09,2.58,-24.7859,-65.4117
Salta,2016,10,15.58,0.36,3.03,-24.7859,-65.4117
Salta,2016,11,16.01,4.43,2.97,-24.7859,-65.4117
Salta,2016,12,18.09,3.42,2.66,-24.7859,-65.4117
Salta,2017,1,18.93,4.76,2.13,-24.7859,-65.4117
Salta,2017,2,17.54,4.35,2.57,-24.7859,-65.4117
Salta,2017,3,15.93,6.26,2.45,-24.7859,-65.4117
Salta,2017,4,12.6,2.43,2.11,-24.7859,-65.4117
Salta,2017,5,10.81,0.16,1.72,-24.7859,-65.4117
Salta,2017,6,10.07,0.08,1.8,-24.7859,-65.4117
Salta,2017,7,10.78,0.12,1.87,-24.7859,-65.4117
Salta,2017,8,11.61,0.06,2.11,-24.7859,-65.4117
Salta,2017,9,13.21,0.13,2.38,-24.7859,-65.4117
Salta,2017,10,15.3,0.76,2.87,-24.7859,-65.4117
Salta,2017,11,16.95,1.11,2.94,-24.7859,-65.4117
Salta,2017,12,18.25,4.13,2.64,-24.7859,-65.4117
Salta,2018,1,16.94,7.08,2.53,-24.7859,-65.4117
Salta,2018,2,16.14,4.27,2.24,-24.7859,-65.4117
Salta,2018,3,15.56,1.81,2.11,-24.7859,-65.4117
Salta,2018,4,15.43,5.72,1.92,-24.7859,-65.4117
Salta,2018,5,11.98,1.42,1.68,-24.7859,-65.4117
Salta,2018,6,7.84,0.06,1.86,-24.7859,-65.4117
Salta,2018,7,8.37,0.18,1.72,-24.7859,-65.4117
Salta,2018,8,9.93,0.0,2.02,-24.7859,-65.4117
Salta,2018,9,14.99,0.12,2.38,-24.7859,-65.4117
Salta,2018,10,15.75,2.82,2.95,-24.7859,-65.4117
Salta,2018,11,17.35,1.88,2.91,-24.7859,-65.4117
Salta,2018,12,17.42,5.06,2.64,-24.7859,-65.4117
Salta,2019,1,18.43,4.61,2.44,-24.7859,-65.4117
Salta,2019,2,17.24,4.56,2.16,-24.7859,-65.4117
Salta,2019,3,15.31,3.08,2.46,-24.7859,-65.4117
Salta,2019,4,14.13,3.09,2.0,-24.7859,-65.4117
Salta,2019,5,11.15,0.17,1.77,-24.7859,-65.4117
Salta,2019,6,11.64,0.12,1.57,-24.7859,-65.4117
Salta,2019,7,9.48,0.03,1.84,-24.7859,-65.4117
Salta,2019,8,10.24,0.0,2.16,-24.7859,-65.4117
Salta,2019,9,12.46,0.03,2.66,-24.7859,-65.4117
Salta,2019,10,15.82,0.35,3.07,-24.7859,-65.4117
Salta,2019,11,18.26,6.7,2.81,-24.7859,-65.4117
Salta,2019,12,17.38,2.78,2.83,-24.7859,-65.4117
Salta,2020,1,17.94,7.31,2.29,-24.7859,-65.4117
Salta,2020,2,16.87,6.93,2.26,-24.7859,-65.4117
Salta,2020,3,17.16,1.69,2.26,-24.7859,-65.4117
Salta,2020,4,13.79,2.89,2.0,-24.7859,-65.4117
Salta,2020,5,11.96,0.09,1.8,-24.7859,-65.4117
Salta,2020,6,10.18,0.47,1.79,-24.7859,-65.4117
Salta,2020,7,9.24,0.03,1.75,-24.7859,-65.4117
Salta,2020,8,11.11,0.03,2.16,-24.7859,-65.4117
Salta,2020,9,13.51,0.05,2.54,-24.7859,-65.4117
Salta,2020,10,16.68,0.44,2.95,-24.7859,-65.4117
Salta,2020,11,17.2,1.73,3.17,-24.7859,-65.4117
Salta,2020,12,17.99,2.86,2.89,-24.7859,-65.4117
Salta,2021,1,17.38,5.04,2.46,-24.7859,-65.4117
Salta,2021,2,16.26,3.69,2.6,-24.7859,-65.4117
Salta,2021,3,14.89,7.76,2.47,-24.7859,-65.4117
Salta,2021,4,13.69,1.45,2.1,-24.7859,-65.4117
Salta,2021,5,10.51,0.26,1.89,-24.7859,-65.4117
Salta,2021,6,8.41,0.11,1.86,-24.7859,-65.4117
Salta,2021,7,9.36,0.0,1.84,-24.7859,-65.4117
Salta,2021,8,10.58,0.0,2.13,-24.7859,-65.4117
Salta,2021,9,14.23,0.14,2.62,-24.7859,-65.4117
Salta,2021,10,15.47,0.51,3.08,-24.7859,-65.4117
Salta,2021,11,16.71,0.92,3.25,-24.7859,-65.4117
Salta,2021,12,18.11,3.67,2.9,-24.7859,-65.4117
Salta,2022,1,18.74,8.33,2.35,-24.7859,-65.4117
Salta,2022,2,16.32,3.39,2.44,-24.7859,-65.4117
Salta,2022,3,14.57,10.15,2.19,-24.7859,-65.4117
Salta,2022,4,12.63,6.22,2.06,-24.7859,-65.4117
Salta,2022,5,9.77,0.13,1.79,-24.7859,-65.4117
Salta,2022,6,8.58,0.01,1.59,-24.7859,-65.4117
Salta,2022,7,11.35,0.03,1.65,-24.7859,-65.4117
Salta,2022,8,10.38,0.03,2.13,-24.7859,-65.4117
Salta,2022,9,10.48,0.38,2.61,-24.7859,-65.4117
Salta,2022,10,14.07,0.03,3.08,-24.7859,-65.4117
Salta,2022,11,17.06,0.95,2.75,-24.7859,-65.4117
Salta,2022,12,17.44,3.2,2.64,-24.7859,-65.4117
Salta,2023,1,17.83,5.92,2.63,-24.7859,-65.4117
Salta,2023,2,16.52,4.13,2.27,-24.7859,-65.4117
Salta,2023,3,17.8,3.43,2.22,-24.7859,-65.4117
Salta,2023,4,14.02,2.45,2.11,-24.7859,-65.4117
Salta,2023,5,12.37,0.08,1.75,-24.7859,-65.4117
Salta,2023,6,10.64,0.0,1.72,-24.7859,-65.4117
Salta,2023,7,11.14,0.04,1.81,-24.7859,-65.4117
Salta,2023,8,13.37,0.01,2.15,-24.7859,-65.4117
Salta,2023,9,15.26,0.34,2.7,-24.7859,-65.4117
Salta,2023,10,17.36,0.25,3.11,-24.7859,-65.4117
Salta,2023,11,19.37,1.11,3.0,-24.7859,-65.4117
Salta,2023,12,19.33,6.56,3.02,-24.7859,-65.4117
San Juan,1981,1,23.52,0.66,2.83,-31.5375,-68.5364
San Juan,1981,2,23.2,1.68,2.8,-31.5375,-68.5364
San Juan,1981,3,21.65,0.51,2.44,-31.5375,-68.5364
San Juan,1981,4,17.86,0.54,2.01,-31.5375,-68.5364
San Juan,1981,5,15.72,0.41,2.36,-31.5375,-68.5364
San Juan,1981,6,9.7,0.03,2.05,-31.5375,-68.5364
San Juan,1981,7,9.81,0.11,2.36,-31.5375,-68.5364
San Juan,1981,8,12.41,0.34,2.38,-31.5375,-68.5364
San Juan,1981,9,12.95,0.05,2.61,-31.5375,-68.5364
San Juan,1981,10,16.41,0.24,2.74,-31.5375,-68.5364
San Juan,1981,11,20.1,0.13,3.04,-31.5375,-68.5364
San Juan,1981,12,23.79,0.38,2.97,-31.5375,-68.5364
San Juan,1982,1,23.93,0.99,2.83,-31.5375,-68.5364
San Juan,1982,2,21.85,0.93,2.71,-31.5375,-68.5364
San Juan,1982,3,19.67,1.01,2.26,-31.5375,-68.5364
San Juan,1982,4,17.63,0.09,2.03,-31.5375,-68.5364
San Juan,1982,5,15.0,0.07,2.35,-31.5375,-68.5364
San Juan,1982,6,9.85,0.69,2.25,-31.5375,-68.5364
San Juan,1982,7,10.98,0.43,2.27,-31.5375,-68.5364
San Juan,1982,8,13.02,0.03,2.61,-31.5375,-68.5364
San Juan,1982,9,15.4,0.5,2.67,-31.5375,-68.5364
San Juan,1982,10,17.75,0.01,2.85,-31.5375,-68.5364
San Juan,1982,11,20.47,0.09,2.92,-31.5375,-68.5364
San Juan,1982,12,23.9,0.68,2.77,-31.5375,-68.5364
San Juan,1983,1,23.69,1.32,2.74,-31.5375,-68.5364
San Juan,1983,2,21.92,1.65,2.49,-31.5375,-68.5364
San Juan,1983,3,21.94,0.02,2.63,-31.5375,-68.5364
San Juan,1983,4,18.21,0.05,2.02,-31.5375,-68.5364
San Juan,1983,5,12.38,0.32,2.11,-31.5375,-68.5364
San Juan,1983,6,7.53,0.15,2.23,-31.5375,-68.5364
San Juan,1983,7,8.56,0.38,2.65,-31.5375,-68.5364
San Juan,1983,8,9.9,0.69,2.39,-31.5375,-68.5364
San Juan,1983,9,11.38,0.22,2.67,-31.5375,-68.5364
San Juan,1983,10,19.06,0.14,2.8,-31.5375,-68.5364
San Juan,1983,11,21.13,0.43,2.86,-31.5375,-68.5364
San Juan,1983,12,24.77,0.62,2.99,-31.5375,-68.5364
San Juan,1984,1,24.16,1.15,3.09,-31.5375,-68.5364
San Juan,1984,2,23.52,0.76,2.68,-31.5375,-68.5364
San Juan,1984,3,20.16,1.68,2.29,-31.5375,-68.5364
San Juan,1984,4,15.75,0.08,2.32,-31.5375,-68.5364
San Juan,1984,5,13.13,0.04,2.48,-31.5375,-68.5364
San Juan,1984,6,8.03,0.14,1.97,-31.5375,-68.5364
San Juan,1984,7,9.74,0.24,2.6,-31.5375,-68.5364
San Juan,1984,8,9.53,0.12,2.25,-31.5375,-68.5364
San Juan,1984,9,14.31,0.47,2.73,-31.5375,-68.5364
San Juan,1984,10,20.11,0.02,2.81,-31.5375,-68.5364
San Juan,1984,11,20.72,0.67,3.17,-31.5375,-68.5364
San Juan,1984,12,21.99,0.44,2.99,-31.5375,-68.5364
San Juan,1985,1,22.91,0.64,2.83,-31.5375,-68.5364
San Juan,1985,2,23.1,0.33,2.93,-31.5375,-68.5364
San Juan,1985,3,21.32,0.49,2.51,-31.5375,-68.5364
San Juan,1985,4,16.97,0.01,2.48,-31.5375,-68.5364
San Juan,1985,5,15.43,0.02,2.33,-31.5375,-68.5364
San Juan,1985,6,12.6,0.01,1.92,-31.5375,-68.5364
San Juan,1985,7,8.92,0.78,2.16,-31.5375,-68.5364
San Juan,1985,8,11.03,0.12,2.2,-31.5375,-68.5364
San Juan,1985,9,14.88,0.04,2.64,-31.5375,-68.5364
San Juan,1985,10,18.65,0.03,2.69,-31.5375,-68.5364
San Juan,1985,11,22.07,1.44,2.94,-31.5375,-68.5364
San Juan,1985,12,24.23,0.53,2.96,-31.5375,-68.5364
San Juan,1986,1,24.93,0.18,3.13,-31.5375,-68.5364
San Juan,1986,2,23.24,0.55,2.93,-31.5375,-68.5364
San Juan,1986,3,21.17,0.21,2.69,-31.5375,-68.5364
San Juan,1986,4,18.57,0.06,2.28,-31.5375,-68.5364
San Juan,1986,5,14.3,0.16,2.6,-31.5375,-68.5364
San Juan,1986,6,11.82,0.32,2.57,-31.5375,-68.5364
San Juan,1986,7,11.9,0.33,2.13,-31.5375,-68.5364
San Juan,1986,8,12.56,0.19,2.68,-31.5375,-68.5364
San Juan,1986,9,13.44,0.56,2.78,-31.5375,-68.5364
San Juan,1986,10,18.08,0.36,2.54,-31.5375,-68.5364
San Juan,1986,11,21.73,0.14,3.59,-31.5375,-68.5364
San Juan,1986,12,25.15,0.69,3.08,-31.5375,-68.5364
San Juan,1987,1,24.92,0.92,3.01,-31.5375,-68.5364
San Juan,1987,2,23.96,0.99,2.65,-31.5375,-68.5364
San Juan,1987,3,20.84,0.77,2.5,-31.5375,-68.5364
San Juan,1987,4,17.86,0.07,2.27,-31.5375,-68.5364
San Juan,1987,5,9.64,0.9,2.29,-31.5375,-68.5364
San Juan,1987,6,11.04,0.01,1.84,-31.5375,-68.5364
San Juan,1987,7,10.24,1.49,2.53,-31.5375,-68.5364
San Juan,1987,8,9.81,0.87,2.44,-31.5375,-68.5364
San Juan,1987,9,12.68,0.06,2.79,-31.5375,-68.5364
San Juan,1987,10,17.84,0.25,2.84,-31.5375,-68.5364
San Juan,1987,11,22.0,0.38,3.01,-31.5375,-68.5364
San Juan,1987,12,22.85,0.61,3.09,-31.5375,-68.5364
San Juan,1988,1,24.63,0.23,3.02,-31.5375,-68.5364
San Juan,1988,2,22.22,1.68,2.58,-31.5375,-68.5364
San Juan,1988,3,22.27,0.29,2.51,-31.5375,-68.5364
San Juan,1988,4,17.03,0.01,2.22,-31.5375,-68.5364
San Juan,1988,5,10.82,0.02,1.87,-31.5375,-68.5364
San Juan,1988,6,10.05,0.01,2.41,-31.5375,-68.5364
San Juan,1988,7,7.7,0.02,2.13,-31.5375,-68.5364
San Juan,1988,8,11.78,0.03,2.68,-31.5375,-68.5364
San Juan,1988,9,12.65,0.51,2.41,-31.5375,-68.5364
San Juan,1988,10,17.28,0.01,2.94,-31.5375,-68.5364
San Juan,1988,11,22.16,0.29,3.02,-31.5375,-68.5364
San Juan,1988,12,24.03,0.81,2.72,-31.5375,-68.5364
San Juan,1989,1,24.08,0.86,2.89,-31.5375,-68.5364
San Juan,1989,2,24.99,0.91,2.72,-31.5375,-68.5364
San Juan,1989,3,20.51,0.26,2.56,-31.5375,-68.5364
San Juan,1989,4,17.7,0.03,2.22,-31.5375,-68.5364
San Juan,1989,5,12.87,0.07,1.84,-31.5375,-68.5364
San Juan,1989,6,12.38,0.02,1.96,-31.5375,-68.5364
San Juan,1989,7,9.47,0.04,2.29,-31.5375,-68.5364
San Juan,1989,8,12.02,0.39,2.7,-31.5375,-68.5364
San Juan,1989,9,12.34,0.11,2.53,-31.5375,-68.5364
San Juan,1989,10,17.88,0.19,3.08,-31.5375,-68.5364
San Juan,1989,11,21.24,0.47,2.74,-31.5375,-68.5364
San Juan,1989,12,25.18,0.51,2.91,-31.5375,-68.5364
San Juan,1990,1,24.79,0.96,2.8,-31.5375,-68.5364
San Juan,1990,2,21.92,2.22,2.47,-31.5375,-68.5364
San Juan,1990,3,20.28,0.42,2.48,-31.5375,-68.5364
San Juan,1990,4,16.3,0.4,2.1,-31.5375,-68.5364
San Juan,1990,5,13.0,0.09,2.18,-31.5375,-68.5364
San Juan,1990,6,10.71,0.01,2.11,-31.5375,-68.5364
San Juan,1990,7,8.68,0.04,2.12,-31.5375,-68.5364
San Juan,1990,8,13.34,0.09,2.4,-31.5375,-68.5364
San Juan,1990,9,12.67,0.07,2.56,-31.5375,-68.5364
San Juan,1990,10,17.74,0.55,2.87,-31.5375,-68.5364
San Juan,1990,11,21.89,0.33,3.25,-31.5375,-68.5364
San Juan,1990,12,23.81,0.63,3.13,-31.5375,-68.5364
San Juan,1991,1,23.71,1.02,2.92,-31.5375,-68.5364
San Juan,1991,2,23.31,0.65,2.75,-31.5375,-68.5364
San Juan,1991,3,22.46,0.37,2.61,-31.5375,-68.5364
San Juan,1991,4,18.21,0.09,2.14,-31.5375,-68.5364
San Juan,1991,5,15.06,0.07,2.1,-31.5375,-68.5364
San Juan,1991,6,10.02,0.17,1.81,-31.5375,-68.5364
San Juan,1991,7,9.18,0.15,2.07,-31.5375,-68.5364
San Juan,1991,8,10.63,0.06,2.37,-31.5375,-68.5364
San Juan,1991,9,15.44,0.14,2.74,-31.5375,-68.5364
San Juan,1991,10,15.98,0.05,3.01,-31.5375,-68.5364
San Juan,1991,11,20.91,0.33,2.86,-31.5375,-68.5364
San Juan,1991,12,22.91,0.77,3.01,-31.5375,-68.5364
San Juan,1992,1,23.66,1.0,2.92,-31.5375,-68.5364
San Juan,1992,2,21.68,1.42,2.73,-31.5375,-68.5364
San Juan,1992,3,21.72,1.12,2.43,-31.5375,-68.5364
San Juan,1992,4,16.01,0.22,2.23,-31.5375,-68.5364
San Juan,1992,5,12.46,0.1,2.6,-31.5375,-68.5364
San Juan,1992,6,10.28,0.13,2.23,-31.5375,-68.5364
San Juan,1992,7,6.65,0.05,2.03,-31.5375,-68.5364
San Juan,1992,8,11.36,0.21,2.58,-31.5375,-68.5364
San Juan,1992,9,13.75,0.18,2.43,-31.5375,-68.5364
San Juan,1992,10,17.91,0.03,3.17,-31.5375,-68.5364
San Juan,1992,11,19.18,0.48,3.24,-31.5375,-68.5364
San Juan,1992,12,23.4,0.68,3.33,-31.5375,-68.5364
San Juan,1993,1,24.43,1.32,2.68,-31.5375,-68.5364
San Juan,1993,2,22.27,1.29,2.79,-31.5375,-68.5364
San Juan,1993,3,22.13,0.26,2.5,-31.5375,-68.5364
San Juan,1993,4,16.34,0.21,2.34,-31.5375,-68.5364
San Juan,1993,5,11.86,0.36,2.0,-31.5375,-68.5364
San Juan,1993,6,10.76,0.07,2.32,-31.5375,-68.5364
San Juan,1993,7,7.84,0.14,2.12,-31.5375,-68.5364
San Juan,1993,8,11.49,0.11,2.23,-31.5375,-68.5364
San Juan,1993,9,12.34,0.07,2.52,-31.5375,-68.5364
San Juan,1993,10,16.97,0.04,3.06,-31.5375,-68.5364
San Juan,1993,11,21.05,0.15,3.0,-31.5375,-68.5364
San Juan,1993,12,24.35,0.02,3.24,-31.5375,-68.5364
San Juan,1994,1,24.21,0.26,3.0,-31.5375,-68.5364
San Juan,1994,2,21.71,1.41,2.85,-31.5375,-68.5364
San Juan,1994,3,20.74,0.08,2.4,-31.5375,-68.5364
San Juan,1994,4,16.73,0.14,2.24,-31.5375,-68.5364
San Juan,1994,5,14.36,0.06,1.98,-31.5375,-68.5364
San Juan,1994,6,12.29,0.01,2.27,-31.5375,-68.5364
San Juan,1994,7,9.56,0.17,2.75,-31.5375,-68.5364
San Juan,1994,8,11.38,0.06,2.62,-31.5375,-68.5364
San Juan,1994,9,16.32,0.01,2.71,-31.5375,-68.5364
San Juan,1994,10,17.54,0.13,2.7,-31.5375,-68.5364
San Juan,1994,11,22.01,0.09,2.98,-31.5375,-68.5364
San Juan,1994,12,25.88,0.2,3.23,-31.5375,-68.5364
San Juan,1995,1,24.32,0.25,2.98,-31.5375,-68.5364
San Juan,1995,2,22.11,0.17,2.84,-31.5375,-68.5364
San Juan,1995,3,21.45,0.12,2.56,-31.5375,-68.5364
San Juan,1995,4,17.63,0.03,2.26,-31.5375,-68.5364
San Juan,1995,5,13.9,0.0,2.01,-31.5375,-68.5364
San Juan,1995,6,11.92,0.02,2.48,-31.5375,-68.5364
San Juan,1995,7,9.39,0.06,2.74,-31.5375,-68.5364
San Juan,1995,8,10.95,0.03,2.42,-31.5375,-68.5364
San Juan,1995,9,13.37,0.34,2.6,-31.5375,-68.5364
San Juan,1995,10,17.01,0.01,2.78,-31.5375,-68.5364
San Juan,1995,11,21.39,0.57,3.03,-31.5375,-68.5364
San Juan,1995,12,24.83,0.52,2.71,-31.5375,-68.5364
San Juan,1996,1,23.11,0.36,2.88,-31.5375,-68.5364
San Juan,1996,2,23.14,0.29,2.66,-31.5375,-68.5364
San Juan,1996,3,20.85,0.44,2.38,-31.5375,-68.5364
San Juan,1996,4,15.48,0.2,2.41,-31.5375,-68.5364
San Juan,1996,5,13.32,0.08,2.0,-31.5375,-68.5364
San Juan,1996,6,8.07,0.04,1.79,-31.5375,-68.5364
San Juan,1996,7,9.25,0.06,1.95,-31.5375,-68.5364
San Juan,1996,8,12.08,0.2,2.77,-31.5375,-68.5364
San Juan,1996,9,12.38,0.34,2.55,-31.5375,-68.5364
San Juan,1996,10,17.81,0.01,2.72,-31.5375,-68.5364
San Juan,1996,11,21.89,0.03,2.94,-31.5375,-68.5364
San Juan,1996,12,22.7,0.2,3.13,-31.5375,-68.5364
San Juan,1997,1,24.64,1.51,2.82,-31.5375,-68.5364
San Juan,1997,2,22.53,0.16,2.89,-31.5375,-68.5364
San Juan,1997,3,21.77,0.28,2.41,-31.5375,-68.5364
San Juan,1997,4,18.61,0.2,2.21,-31.5375,-68.5364
San Juan,1997,5,14.22,0.24,1.96,-31.5375,-68.5364
San Juan,1997,6,9.71,0.47,2.09,-31.5375,-68.5364
San Juan,1997,7,11.72,0.04,2.18,-31.5375,-68.5364
San Juan,1997,8,12.01,0.14,2.43,-31.5375,-68.5364
San Juan,1997,9,15.35,0.27,2.75,-31.5375,-68.5364
San Juan,1997,10,16.31,0.06,3.05,-31.5375,-68.5364
San Juan,1997,11,21.09,0.1,3.01,-31.5375,-68.5364
San Juan,1997,12,23.52,0.85,2.87,-31.5375,-68.5364
San Juan,1998,1,25.39,0.02,3.03,-31.5375,-68.5364
San Juan,1998,2,20.84,1.18,2.82,-31.5375,-68.5364
San Juan,1998,3,19.82,0.32,2.51,-31.5375,-68.5364
San Juan,1998,4,15.1,0.32,2.27,-31.5375,-68.5364
San Juan,1998,5,12.98,0.04,1.92,-31.5375,-68.5364
San Juan,1998,6,9.6,0.04,2.04,-31.5375,-68.5364
San Juan,1998,7,10.67,0.0,2.01,-31.5375,-68.5364
San Juan,1998,8,11.09,0.02,2.43,-31.5375,-68.5364
San Juan,1998,9,11.73,0.36,3.02,-31.5375,-68.5364
San Juan,1998,10,18.73,0.27,2.92,-31.5375,-68.5364
San Juan,1998,11,20.93,0.18,3.12,-31.5375,-68.5364
San Juan,1998,12,23.69,0.09,3.0,-31.5375,-68.5364
San Juan,1999,1,22.17,0.45,2.94,-31.5375,-68.5364
San Juan,1999,2,24.45,0.2,2.92,-31.5375,-68.5364
San Juan,1999,3,20.46,0.89,2.61,-31.5375,-68.5364
San Juan,1999,4,14.56,0.32,2.09,-31.5375,-68.5364
San Juan,1999,5,12.5,0.04,1.84,-31.5375,-68.5364
San Juan,1999,6,9.62,0.03,2.12,-31.5375,-68.5364
San Juan,1999,7,7.63,0.17,2.19,-31.5375,-68.5364
San Juan,1999,8,11.04,0.18,2.57,-31.5375,-68.5364
San Juan,1999,9,15.04,0.27,2.96,-31.5375,-68.5364
San Juan,1999,10,16.41,0.33,2.94,-31.5375,-68.5364
San Juan,1999,11,19.1,0.31,2.83,-31.5375,-68.5364
San Juan,1999,12,21.58,1.21,3.01,-31.5375,-68.5364
San Juan,2000,1,23.8,0.43,2.81,-31.5375,-68.5364
San Juan,2000,2,22.4,0.36,2.76,-31.5375,-68.5364
San Juan,2000,3,18.78,1.96,2.49,-31.5375,-68.5364
San Juan,2000,4,16.06,0.83,2.08,-31.5375,-68.5364
San Juan,2000,5,9.95,1.79,1.94,-31.5375,-68.5364
San Juan,2000,6,9.13,0.74,2.67,-31.5375,-68.5364
San Juan,2000,7,6.98,0.09,2.22,-31.5375,-68.5364
San Juan,2000,8,10.3,0.0,2.4,-31.5375,-68.5364
San Juan,2000,9,13.39,0.11,2.64,-31.5375,-68.5364
San Juan,2000,10,17.82,0.42,2.93,-31.5375,-68.5364
San Juan,2000,11,19.42,0.67,3.0,-31.5375,-68.5364
San Juan,2000,12,23.36,0.31,3.01,-31.5375,-68.5364
San Juan,2001,1,24.58,0.56,3.03,-31.5375,-68.5364
San Juan,2001,2,25.37,0.2,2.75,-31.5375,-68.5364
San Juan,2001,3,20.71,0.56,2.68,-31.5375,-68.5364
San Juan,2001,4,15.21,0.24,2.3,-31.5375,-68.5364
San Juan,2001,5,11.56,0.14,1.99,-31.5375,-68.5364
San Juan,2001,6,9.66,0.44,2.15,-31.5375,-68.5364
San Juan,2001,7,10.11,0.16,2.45,-31.5375,-68.5364
San Juan,2001,8,12.15,0.05,2.5,-31.5375,-68.5364
San Juan,2001,9,12.33,0.5,2.75,-31.5375,-68.5364
San Juan,2001,10,17.52,0.27,2.82,-31.5375,-68.5364
San Juan,2001,11,19.99,0.56,3.05,-31.5375,-68.5364
San Juan,2001,12,23.14,0.49,2.86,-31.5375,-68.5364
San Juan,2002,1,23.19,0.46,2.95,-31.5375,-68.5364
San Juan,2002,2,22.42,0.62,2.91,-31.5375,-68.5364
San Juan,2002,3,22.15,0.06,2.64,-31.5375,-68.5364
San Juan,2002,4,15.82,0.38,2.4,-31.5375,-68.5364
San Juan,2002,5,13.22,0.4,2.05,-31.5375,-68.5364
San Juan,2002,6,8.39,0.11,2.12,-31.5375,-68.5364
San Juan,2002,7,8.95,0.74,2.05,-31.5375,-68.5364
San Juan,2002,8,11.84,0.17,2.58,-31.5375,-68.5364
San Juan,2002,9,14.53,0.05,2.66,-31.5375,-68.5364
San Juan,2002,10,19.36,0.21,3.16,-31.5375,-68.5364
San Juan,2002,11,21.22,0.05,3.05,-31.5375,-68.5364
San Juan,2002,12,22.19,1.32,3.02,-31.5375,-68.5364
San Juan,2003,1,25.34,0.09,2.96,-31.5375,-68.5364
San Juan,2003,2,22.93,0.49,2.67,-31.5375,-68.5364
San Juan,2003,3,20.88,0.44,2.53,-31.5375,-68.5364
San Juan,2003,4,16.61,0.58,2.06,-31.5375,-68.5364
San Juan,2003,5,13.05,0.08,1.98,-31.5375,-68.5364
San Juan,2003,6,12.6,0.06,2.17,-31.5375,-68.5364
San Juan,2003,7,9.05,0.05,2.11,-31.5375,-68.5364
San Juan,2003,8,10.51,0.0,2.25,-31.5375,-68.5364
San Juan,2003,9,14.98,0.01,2.77,-31.5375,-68.5364
San Juan,2003,10,19.5,0.0,3.24,-31.5375,-68.5364
San Juan,2003,11,22.49,0.19,2.9,-31.5375,-68.5364
San Juan,2003,12,22.88,0.02,2.98,-31.5375,-68.5364
San Juan,2004,1,25.09,0.88,2.8,-31.5375,-68.5364
San Juan,2004,2,22.25,1.48,2.79,-31.5375,-68.5364
San Juan,2004,3,21.56,0.45,2.63,-31.5375,-68.5364
San Juan,2004,4,17.14,0.08,2.22,-31.5375,-68.5364
San Juan,2004,5,8.83,0.86,2.05,-31.5375,-68.5364
San Juan,2004,6,10.94,0.05,2.28,-31.5375,-68.5364
San Juan,2004,7,9.77,0.22,2.53,-31.5375,-68.5364
San Juan,2004,8,10.62,0.07,2.37,-31.5375,-68.5364
San Juan,2004,9,15.14,0.04,3.14,-31.5375,-68.5364
San Juan,2004,10,17.74,0.61,2.97,-31.5375,-68.5364
San Juan,2004,11,20.17,0.25,2.95,-31.5375,-68.5364
San Juan,2004,12,23.66,0.34,3.05,-31.5375,-68.5364
San Juan,2005,1,23.3,2.03,2.93,-31.5375,-68.5364
San Juan,2005,2,22.35,3.42,2.5,-31.5375,-68.5364
San Juan,2005,3,19.36,0.73,2.43,-31.5375,-68.5364
San Juan,2005,4,14.0,0.05,2.33,-31.5375,-68.5364
San Juan,2005,5,13.13,0.06,2.75,-31.5375,-68.5364
San Juan,2005,6,11.5,0.07,2.01,-31.5375,-68.5364
San Juan,2005,7,9.08,0.02,2.3,-31.5375,-68.5364
San Juan,2005,8,11.66,1.49,2.82,-31.5375,-68.5364
San Juan,2005,9,10.3,0.73,2.49,-31.5375,-68.5364
San Juan,2005,10,15.95,0.14,2.84,-31.5375,-68.5364
San Juan,2005,11,22.17,0.04,2.94,-31.5375,-68.5364
San Juan,2005,12,23.72,0.08,3.15,-31.5375,-68.5364
San Juan,2006,1,25.18,0.51,2.96,-31.5375,-68.5364
San Juan,2006,2,23.58,0.77,2.58,-31.5375,-68.5364
San Juan,2006,3,20.28,0.12,2.54,-31.5375,-68.5364
San Juan,2006,4,17.52,0.02,2.27,-31.5375,-68.5364
San Juan,2006,5,12.57,0.02,1.99,-31.5375,-68.5364
San Juan,2006,6,11.75,0.36,2.1,-31.5375,-68.5364
San Juan,2006,7,11.99,0.05,2.61,-31.5375,-68.5364
San Juan,2006,8,11.93,0.01,2.67,-31.5375,-68.5364
San Juan,2006,9,14.2,0.08,2.68,-31.5375,-68.5364
San Juan,2006,10,19.34,0.05,2.79,-31.5375,-68.5364
San Juan,2006,11,20.84,0.31,3.16,-31.5375,-68.5364
San Juan,2006,12,24.21,0.14,2.96,-31.5375,-68.5364
San Juan,2007,1,23.29,1.19,2.86,-31.5375,-68.5364
San Juan,2007,2,23.14,0.15,2.72,-31.5375,-68.5364
San Juan,2007,3,20.04,0.8,2.51,-31.5375,-68.5364
San Juan,2007,4,16.32,0.58,2.2,-31.5375,-68.5364
San Juan,2007,5,9.44,0.03,1.91,-31.5375,-68.5364
San Juan,2007,6,9.25,0.05,2.0,-31.5375,-68.5364
San Juan,2007,7,8.32,0.16,2.41,-31.5375,-68.5364
San Juan,2007,8,6.29,0.02,2.55,-31.5375,-68.5364
San Juan,2007,9,13.92,0.0,2.7,-31.5375,-68.5364
San Juan,2007,10,18.05,0.01,3.07,-31.5375,-68.5364
San Juan,2007,11,20.45,0.99,2.83,-31.5375,-68.5364
San Juan,2007,12,22.58,0.34,3.05,-31.5375,-68.5364
San Juan,2008,1,23.64,2.02,2.99,-31.5375,-68.5364
San Juan,2008,2,21.58,3.94,2.57,-31.5375,-68.5364
San Juan,2008,3,18.86,0.92,2.36,-31.5375,-68.5364
San Juan,2008,4,16.11,0.03,2.05,-31.5375,-68.5364
San Juan,2008,5,12.53,0.25,2.25,-31.5375,-68.5364
San Juan,2008,6,8.82,0.01,1.63,-31.5375,-68.5364
San Juan,2008,7,10.9,0.0,1.98,-31.5375,-68.5364
San Juan,2008,8,11.22,0.06,2.67,-31.5375,-68.5364
San Juan,2008,9,12.22,1.42,2.57,-31.5375,-68.5364
San Juan,2008,10,16.87,0.03,2.72,-31.5375,-68.5364
San Juan,2008,11,21.81,0.84,2.97,-31.5375,-68.5364
San Juan,2008,12,22.91,0.78,2.79,-31.5375,-68.5364
San Juan,2009,1,23.21,0.77,2.76,-31.5375,-68.5364
San Juan,2009,2,23.27,0.3,2.72,-31.5375,-68.5364
San Juan,2009,3,21.75,0.42,2.45,-31.5375,-68.5364
San Juan,2009,4,19.24,0.0,2.07,-31.5375,-68.5364
San Juan,2009,5,14.41,0.1,1.95,-31.5375,-68.5364
San Juan,2009,6,10.14,0.0,2.17,-31.5375,-68.5364
San Juan,2009,7,7.73,0.02,2.07,-31.5375,-68.5364
San Juan,2009,8,13.35,0.01,2.65,-31.5375,-68.5364
San Juan,2009,9,11.11,0.05,3.01,-31.5375,-68.5364
San Juan,2009,10,18.39,0.0,2.91,-31.5375,-68.5364
San Juan,2009,11,22.83,0.01,2.89,-31.5375,-68.5364
San Juan,2009,12,23.15,0.29,3.17,-31.5375,-68.5364
San Juan,2010,1,25.74,0.13,3.0,-31.5375,-68.5364
San Juan,2010,2,24.59,0.12,2.84,-31.5375,-68.5364
San Juan,2010,3,22.58,0.11,2.43,-31.5375,-68.5364
San Juan,2010,4,15.33,0.04,2.18,-31.5375,-68.5364
San Juan,2010,5,11.4,0.44,2.0,-31.5375,-68.5364
San Juan,2010,6,9.75,0.01,2.12,-31.5375,-68.5364
San Juan,2010,7,6.64,0.08,2.22,-31.5375,-68.5364
San Juan,2010,8,9.61,0.09,2.6,-31.5375,-68.5364
San Juan,2010,9,13.28,0.25,2.42,-31.5375,-68.5364
San Juan,2010,10,16.54,0.18,2.97,-31.5375,-68.5364
San Juan,2010,11,19.59,0.34,2.99,-31.5375,-68.5364
San Juan,2010,12,21.96,2.18,3.06,-31.5375,-68.5364
San Juan,2011,1,22.98,0.71,2.83,-31.5375,-68.5364
San Juan,2011,2,21.1,1.5,2.78,-31.5375,-68.5364
San Juan,2011,3,19.5,0.44,2.35,-31.5375,-68.5364
San Juan,2011,4,16.57,0.02,2.45,-31.5375,-68.5364
San Juan,2011,5,12.29,0.0,1.91,-31.5375,-68.5364
San Juan,2011,6,8.83,0.01,2.12,-31.5375,-68.5364
San Juan,2011,7,8.0,0.1,2.25,-31.5375,-68.5364
San Juan,2011,8,10.11,0.03,2.65,-31.5375,-68.5364
San Juan,2011,9,15.53,0.0,2.78,-31.5375,-68.5364
San Juan,2011,10,16.82,0.04,2.78,-31.5375,-68.5364
San Juan,2011,11,21.58,0.85,3.1,-31.5375,-68.5364
San Juan,2011,12,23.2,0.66,2.77,-31.5375,-68.5364
San Juan,2012,1,24.91,0.59,2.86,-31.5375,-68.5364
San Juan,2012,2,23.84,0.54,2.86,-31.5375,-68.5364
San Juan,2012,3,21.55,0.08,2.58,-31.5375,-68.5364
San Juan,2012,4,16.11,0.1,2.16,-31.5375,-68.5364
San Juan,2012,5,14.11,0.0,2.16,-31.5375,-68.5364
San Juan,2012,6,10.73,0.0,2.3,-31.5375,-68.5364
San Juan,2012,7,8.23,0.0,2.19,-31.5375,-68.5364
San Juan,2012,8,10.17,0.02,2.32,-31.5375,-68.5364
San Juan,2012,9,14.39,0.36,2.62,-31.5375,-68.5364
San Juan,2012,10,16.98,0.22,2.61,-31.5375,-68.5364
San Juan,2012,11,21.43,0.24,2.96,-31.5375,-68.5364
San Juan,2012,12,24.58,0.07,3.32,-31.5375,-68.5364
San Juan,2013,1,24.04,1.4,2.85,-31.5375,-68.5364
San Juan,2013,2,23.61,0.21,2.8,-31.5375,-68.5364
San Juan,2013,3,19.45,0.84,2.56,-31.5375,-68.5364
San Juan,2013,4,16.89,0.05,2.08,-31.5375,-68.5364
San Juan,2013,5,12.95,0.02,2.44,-31.5375,-68.5364
San Juan,2013,6,10.82,0.0,2.23,-31.5375,-68.5364
San Juan,2013,7,9.21,0.01,2.17,-31.5375,-68.5364
San Juan,2013,8,11.06,0.03,2.51,-31.5375,-68.5364
San Juan,2013,9,11.97,0.02,2.76,-31.5375,-68.5364
San Juan,2013,10,18.25,0.02,2.94,-31.5375,-68.5364
San Juan,2013,11,20.6,0.19,3.22,-31.5375,-68.5364
San Juan,2013,12,25.11,1.71,2.77,-31.5375,-68.5364
San Juan,2014,1,25.17,0.08,2.99,-31.5375,-68.5364
San Juan,2014,2,21.02,5.05,2.95,-31.5375,-68.5364
San Juan,2014,3,17.87,0.71,2.44,-31.5375,-68.5364
San Juan,2014,4,15.3,0.13,2.11,-31.5375,-68.5364
San Juan,2014,5,12.71,0.21,2.04,-31.5375,-68.5364
San Juan,2014,6,9.2,0.02,2.21,-31.5375,-68.5364
San Juan,2014,7,9.62,0.0,2.14,-31.5375,-68.5364
San Juan,2014,8,13.19,0.25,2.37,-31.5375,-68.5364
San Juan,2014,9,15.04,0.04,2.69,-31.5375,-68.5364
San Juan,2014,10,20.12,0.15,3.0,-31.5375,-68.5364
San Juan,2014,11,20.66,0.05,3.05,-31.5375,-68.5364
San Juan,2014,12,22.98,0.1,2.95,-31.5375,-68.5364
San Juan,2015,1,24.87,0.35,3.07,-31.5375,-68.5364
San Juan,2015,2,22.7,0.62,2.87,-31.5375,-68.5364
San Juan,2015,3,21.47,0.41,2.46,-31.5375,-68.5364
San Juan,2015,4,18.86,0.02,2.2,-31.5375,-68.5364
San Juan,2015,5,13.84,0.04,1.95,-31.5375,-68.5364
San Juan,2015,6,11.75,0.0,1.96,-31.5375,-68.5364
San Juan,2015,7,10.73,0.01,2.41,-31.5375,-68.5364
San Juan,2015,8,12.61,0.3,2.78,-31.5375,-68.5364
San Juan,2015,9,14.03,0.02,2.41,-31.5375,-68.5364
San Juan,2015,10,14.82,0.1,2.99,-31.5375,-68.5364
San Juan,2015,11,18.39,0.62,2.99,-31.5375,-68.5364
San Juan,2015,12,23.65,0.17,2.91,-31.5375,-68.5364
San Juan,2016,1,24.56,1.02,2.88,-31.5375,-68.5364
San Juan,2016,2,24.9,1.12,2.89,-31.5375,-68.5364
San Juan,2016,3,20.35,0.62,2.39,-31.5375,-68.5364
San Juan,2016,4,14.69,0.51,2.51,-31.5375,-68.5364
San Juan,2016,5,10.49,0.19,1.66,-31.5375,-68.5364
San Juan,2016,6,7.18,0.66,1.7,-31.5375,-68.5364
San Juan,2016,7,9.17,0.01,1.83,-31.5375,-68.5364
San Juan,2016,8,13.39,0.0,2.42,-31.5375,-68.5364
San Juan,2016,9,14.31,0.0,2.42,-31.5375,-68.5364
San Juan,2016,10,16.79,0.12,2.94,-31.5375,-68.5364
San Juan,2016,11,19.79,0.4,3.11,-31.5375,-68.5364
San Juan,2016,12,23.44,1.0,3.06,-31.5375,-68.5364
San Juan,2017,1,26.05,0.64,2.81,-31.5375,-68.5364
San Juan,2017,2,24.36,0.26,2.66,-31.5375,-68.5364
San Juan,2017,3,21.16,0.48,2.55,-31.5375,-68.5364
San Juan,2017,4,15.56,0.61,2.18,-31.5375,-68.5364
San Juan,2017,5,11.6,0.11,1.94,-31.5375,-68.5364
San Juan,2017,6,10.01,0.01,2.3,-31.5375,-68.5364
San Juan,2017,7,10.37,0.03,2.08,-31.5375,-68.5364
San Juan,2017,8,12.05,0.04,2.8,-31.5375,-68.5364
San Juan,2017,9,13.56,0.06,2.89,-31.5375,-68.5364
San Juan,2017,10,17.01,0.05,3.09,-31.5375,-68.5364
San Juan,2017,11,21.24,0.05,2.76,-31.5375,-68.5364
San Juan,2017,12,22.8,2.83,2.88,-31.5375,-68.5364
San Juan,2018,1,23.13,1.43,2.86,-31.5375,-68.5364
San Juan,2018,2,23.13,1.36,2.66,-31.5375,-68.5364
San Juan,2018,3,20.16,0.09,2.47,-31.5375,-68.5364
San Juan,2018,4,18.31,0.14,2.32,-31.5375,-68.5364
San Juan,2018,5,13.04,0.1,1.98,-31.5375,-68.5364
San Juan,2018,6,8.88,0.0,1.96,-31.5375,-68.5364
San Juan,2018,7,7.12,0.41,1.96,-31.5375,-68.5364
San Juan,2018,8,10.99,0.02,2.37,-31.5375,-68.5364
San Juan,2018,9,16.35,0.02,2.7,-31.5375,-68.5364
San Juan,2018,10,17.25,0.71,2.83,-31.5375,-68.5364
San Juan,2018,11,21.14,0.63,3.0,-31.5375,-68.5364
San Juan,2018,12,22.88,0.33,3.13,-31.5375,-68.5364
San Juan,2019,1,24.1,0.89,2.94,-31.5375,-68.5364
San Juan,2019,2,23.45,1.23,2.72,-31.5375,-68.5364
San Juan,2019,3,19.3,0.48,2.52,-31.5375,-68.5364
San Juan,2019,4,17.43,0.06,2.17,-31.5375,-68.5364
San Juan,2019,5,12.5,0.33,2.05,-31.5375,-68.5364
San Juan,2019,6,10.31,0.0,2.1,-31.5375,-68.5364
San Juan,2019,7,10.12,0.0,2.09,-31.5375,-68.5364
San Juan,2019,8,11.65,0.0,2.24,-31.5375,-68.5364
San Juan,2019,9,13.61,0.03,2.62,-31.5375,-68.5364
San Juan,2019,10,17.06,0.05,2.94,-31.5375,-68.5364
San Juan,2019,11,23.26,0.39,2.91,-31.5375,-68.5364
San Juan,2019,12,23.55,0.27,2.91,-31.5375,-68.5364
San Juan,2020,1,25.67,0.66,2.79,-31.5375,-68.5364
San Juan,2020,2,23.39,0.49,2.85,-31.5375,-68.5364
San Juan,2020,3,23.11,0.77,2.46,-31.5375,-68.5364
San Juan,2020,4,17.25,0.4,2.16,-31.5375,-68.5364
San Juan,2020,5,13.43,0.01,1.95,-31.5375,-68.5364
San Juan,2020,6,10.45,0.02,2.42,-31.5375,-68.5364
San Juan,2020,7,9.61,0.12,2.39,-31.5375,-68.5364
San Juan,2020,8,11.26,0.0,2.52,-31.5375,-68.5364
San Juan,2020,9,15.01,0.0,2.87,-31.5375,-68.5364
San Juan,2020,10,18.87,0.02,2.95,-31.5375,-68.5364
San Juan,2020,11,20.18,5.56,3.08,-31.5375,-68.5364
San Juan,2020,12,23.08,0.25,3.12,-31.5375,-68.5364
San Juan,2021,1,23.31,0.7,3.18,-31.5375,-68.5364
San Juan,2021,2,21.61,1.22,2.81,-31.5375,-68.5364
San Juan,2021,3,19.34,0.69,2.63,-31.5375,-68.5364
San Juan,2021,4,18.08,0.02,2.2,-31.5375,-68.5364
San Juan,2021,5,12.98,0.13,2.05,-31.5375,-68.5364
San Juan,2021,6,9.17,0.11,1.96,-31.5375,-68.5364
San Juan,2021,7,10.32,0.0,2.01,-31.5375,-68.5364
San Juan,2021,8,12.39,0.0,2.84,-31.5375,-68.5364
San Juan,2021,9,14.84,0.07,3.04,-31.5375,-68.5364
San Juan,2021,10,17.93,0.23,2.94,-31.5375,-68.5364
San Juan,2021,11,20.48,1.0,2.95,-31.5375,-68.5364
San Juan,2021,12,23.9,0.73,3.13,-31.5375,-68.5364
San Juan,2022,1,25.25,1.0,2.94,-31.5375,-68.5364
San Juan,2022,2,21.29,1.22,2.72,-31.5375,-68.5364
San Juan,2022,3,19.85,0.08,2.46,-31.5375,-68.5364
San Juan,2022,4,16.66,0.0,2.43,-31.5375,-68.5364
San Juan,2022,5,12.2,0.0,1.86,-31.5375,-68.5364
San Juan,2022,6,8.68,0.08,1.89,-31.5375,-68.5364
San Juan,2022,7,10.01,0.08,2.32,-31.5375,-68.5364
San Juan,2022,8,11.14,0.01,2.55,-31.5375,-68.5364
San Juan,2022,9,12.25,0.46,2.69,-31.5375,-68.5364
San Juan,2022,10,16.35,0.79,2.95,-31.5375,-68.5364
San Juan,2022,11,22.1,0.12,2.9,-31.5375,-68.5364
San Juan,2022,12,24.11,0.42,2.99,-31.5375,-68.5364
San Juan,2023,1,24.52,0.53,2.81,-31.5375,-68.5364
San Juan,2023,2,23.99,0.6,2.67,-31.5375,-68.5364
San Juan,2023,3,22.85,4.82,2.42,-31.5375,-68.5364
San Juan,2023,4,17.23,0.13,2.12,-31.5375,-68.5364
San Juan,2023,5,14.57,0.01,1.85,-31.5375,-68.5364
San Juan,2023,6,12.23,0.01,2.3,-31.5375,-68.5364
San Juan,2023,7,11.8,0.01,2.15,-31.5375,-68.5364
San Juan,2023,8,14.49,0.08,3.01,-31.5375,-68.5364
San Juan,2023,9,15.36,0.02,2.93,-31.5375,-68.5364
San Juan,2023,10,18.41,0.04,3.35,-31.5375,-68.5364
San Juan,2023,11,21.64,0.04,3.47,-31.5375,-68.5364
San Juan,2023,12,24.51,0.14,3.34,-31.5375,-68.5364
San Luis,1981,1,22.91,5.68,2.81,-33.295,-66.3356
San Luis,1981,2,22.66,1.38,3.12,-33.295,-66.3356
San Luis,1981,3,21.56,3.22,2.72,-33.295,-66.3356
San Luis,1981,4,17.52,1.86,2.15,-33.295,-66.3356
San Luis,1981,5,14.56,0.18,2.76,-33.295,-66.3356
San Luis,1981,6,8.49,0.02,2.22,-33.295,-66.3356
San Luis,1981,7,9.05,0.1,3.06,-33.295,-66.3356
San Luis,1981,8,11.99,0.25,3.16,-33.295,-66.3356
San Luis,1981,9,12.59,0.24,3.34,-33.295,-66.3356
San Luis,1981,10,17.21,1.41,3.45,-33.295,-66.3356
San Luis,1981,11,19.84,4.79,3.22,-33.295,-66.3356
San Luis,1981,12,23.31,2.01,3.18,-33.295,-66.3356
San Luis,1982,1,24.63,2.96,3.24,-33.295,-66.3356
San Luis,1982,2,22.13,3.85,3.05,-33.295,-66.3356
San Luis,1982,3,20.45,3.15,2.2,-33.295,-66.3356
San Luis,1982,4,17.33,2.48,2.19,-33.295,-66.3356
San Luis,1982,5,14.41,0.12,2.82,-33.295,-66.3356
San Luis,1982,6,8.47,0.82,2.51,-33.295,-66.3356
San Luis,1982,7,9.61,0.57,2.78,-33.295,-66.3356
San Luis,1982,8,11.59,0.02,3.31,-33.295,-66.3356
San Luis,1982,9,15.08,1.96,3.82,-33.295,-66.3356
San Luis,1982,10,17.28,1.03,3.41,-33.295,-66.3356
San Luis,1982,11,19.81,1.84,3.54,-33.295,-66.3356
San Luis,1982,12,24.25,2.38,3.17,-33.295,-66.3356
San Luis,1983,1,23.35,6.56,2.93,-33.295,-66.3356
San Luis,1983,2,21.77,1.57,3.06,-33.295,-66.3356
San Luis,1983,3,21.24,0.81,3.36,-33.295,-66.3356
San Luis,1983,4,17.62,0.72,2.48,-33.295,-66.3356
San Luis,1983,5,12.38,1.47,2.58,-33.295,-66.3356
San Luis,1983,6,7.42,0.58,2.12,-33.295,-66.3356
San Luis,1983,7,7.62,0.28,2.71,-33.295,-66.3356
San Luis,1983,8,9.42,1.82,3.32,-33.295,-66.3356
San Luis,1983,9,11.92,0.92,3.35,-33.295,-66.3356
San Luis,1983,10,18.83,0.82,3.5,-33.295,-66.3356
San Luis,1983,11,21.67,1.73,3.34,-33.295,-66.3356
San Luis,1983,12,25.01,4.23,3.49,-33.295,-66.3356
San Luis,1984,1,24.21,3.5,2.94,-33.295,-66.3356
San Luis,1984,2,22.77,6.52,3.1,-33.295,-66.3356
San Luis,1984,3,19.96,5.96,2.97,-33.295,-66.3356
San Luis,1984,4,14.78,1.18,2.61,-33.295,-66.3356
San Luis,1984,5,11.54,0.29,2.55,-33.295,-66.3356
San Luis,1984,6,6.54,0.45,2.51,-33.295,-66.3356
San Luis,1984,7,8.1,0.23,3.15,-33.295,-66.3356
San Luis,1984,8,9.13,0.1,2.59,-33.295,-66.3356
San Luis,1984,9,14.18,1.75,3.54,-33.295,-66.3356
San Luis,1984,10,18.94,0.74,3.91,-33.295,-66.3356
San Luis,1984,11,19.49,4.66,3.68,-33.295,-66.3356
San Luis,1984,12,20.53,4.37,3.26,-33.295,-66.3356
San Luis,1985,1,22.49,6.13,3.01,-33.295,-66.3356
San Luis,1985,2,22.1,3.49,3.0,-33.295,-66.3356
San Luis,1985,3,20.16,1.52,2.8,-33.295,-66.3356
San Luis,1985,4,15.77,0.9,2.94,-33.295,-66.3356
San Luis,1985,5,14.43,0.13,2.79,-33.295,-66.3356
San Luis,1985,6,12.1,0.1,2.68,-33.295,-66.3356
San Luis,1985,7,8.51,5.07,3.15,-33.295,-66.3356
San Luis,1985,8,10.36,0.17,2.71,-33.295,-66.3356
San Luis,1985,9,13.88,1.15,3.66,-33.295,-66.3356
San Luis,1985,10,17.28,2.21,3.89,-33.295,-66.3356
San Luis,1985,11,21.63,1.41,3.66,-33.295,-66.3356
San Luis,1985,12,24.18,3.97,3.31,-33.295,-66.3356
San Luis,1986,1,24.17,2.26,3.61,-33.295,-66.3356
San Luis,1986,2,23.28,2.52,3.35,-33.295,-66.3356
San Luis,1986,3,20.0,3.3,3.16,-33.295,-66.3356
San Luis,1986,4,17.28,0.98,3.0,-33.295,-66.3356
San Luis,1986,5,13.0,0.16,2.8,-33.295,-66.3356
San Luis,1986,6,11.07,0.39,2.88,-33.295,-66.3356
San Luis,1986,7,11.42,0.28,3.08,-33.295,-66.3356
San Luis,1986,8,11.61,0.28,3.13,-33.295,-66.3356
San Luis,1986,9,13.68,1.07,3.77,-33.295,-66.3356
San Luis,1986,10,18.47,1.42,3.5,-33.295,-66.3356
San Luis,1986,11,21.09,0.51,4.25,-33.295,-66.3356
San Luis,1986,12,25.44,1.65,3.76,-33.295,-66.3356
San Luis,1987,1,26.05,2.68,3.16,-33.295,-66.3356
San Luis,1987,2,24.39,4.57,3.59,-33.295,-66.3356
San Luis,1987,3,20.69,3.07,3.1,-33.295,-66.3356
San Luis,1987,4,17.23,1.58,2.94,-33.295,-66.3356
San Luis,1987,5,9.46,0.89,2.65,-33.295,-66.3356
San Luis,1987,6,10.2,0.28,2.33,-33.295,-66.3356
San Luis,1987,7,10.26,0.48,3.04,-33.295,-66.3356
San Luis,1987,8,9.84,0.18,3.55,-33.295,-66.3356
San Luis,1987,9,13.13,0.06,3.57,-33.295,-66.3356
San Luis,1987,10,18.36,1.22,3.49,-33.295,-66.3356
San Luis,1987,11,21.93,1.35,3.48,-33.295,-66.3356
San Luis,1987,12,22.71,2.61,3.63,-33.295,-66.3356
San Luis,1988,1,24.71,2.15,3.22,-33.295,-66.3356
San Luis,1988,2,23.39,2.98,2.83,-33.295,-66.3356
San Luis,1988,3,22.32,1.96,2.79,-33.295,-66.3356
San Luis,1988,4,16.45,0.31,2.97,-33.295,-66.3356
San Luis,1988,5,10.8,0.28,2.5,-33.295,-66.3356
San Luis,1988,6,9.52,0.02,2.52,-33.295,-66.3356
San Luis,1988,7,6.72,0.02,3.08,-33.295,-66.3356
San Luis,1988,8,11.32,0.02,3.03,-33.295,-66.3356
San Luis,1988,9,12.77,1.75,3.18,-33.295,-66.3356
San Luis,1988,10,17.39,0.16,3.66,-33.295,-66.3356
San Luis,1988,11,22.81,4.06,3.61,-33.295,-66.3356
San Luis,1988,12,24.55,2.87,3.04,-33.295,-66.3356
San Luis,1989,1,25.16,2.28,2.93,-33.295,-66.3356
San Luis,1989,2,25.53,3.79,2.98,-33.295,-66.3356
San Luis,1989,3,19.84,3.92,2.79,-33.295,-66.3356
San Luis,1989,4,17.23,2.07,2.64,-33.295,-66.3356
San Luis,1989,5,12.02,1.54,2.54,-33.295,-66.3356
San Luis,1989,6,11.87,0.21,2.67,-33.295,-66.3356
San Luis,1989,7,8.26,0.02,3.22,-33.295,-66.3356
San Luis,1989,8,11.24,0.32,3.52,-33.295,-66.3356
San Luis,1989,9,12.57,0.08,3.29,-33.295,-66.3356
San Luis,1989,10,17.69,1.42,3.76,-33.295,-66.3356
San Luis,1989,11,21.38,2.62,3.37,-33.295,-66.3356
San Luis,1989,12,24.87,3.94,3.19,-33.295,-66.3356
San Luis,1990,1,25.16,2.13,3.11,-33.295,-66.3356
San Luis,1990,2,22.4,3.47,2.58,-33.295,-66.3356
San Luis,1990,3,19.53,3.99,2.76,-33.295,-66.3356
San Luis,1990,4,15.48,0.92,2.69,-33.295,-66.3356
San Luis,1990,5,11.91,1.06,2.49,-33.295,-66.3356
San Luis,1990,6,9.08,0.07,2.87,-33.295,-66.3356
San Luis,1990,7,8.19,0.25,2.82,-33.295,-66.3356
San Luis,1990,8,13.47,0.09,3.07,-33.295,-66.3356
San Luis,1990,9,12.41,0.78,3.15,-33.295,-66.3356
San Luis,1990,10,17.56,3.09,3.5,-33.295,-66.3356
San Luis,1990,11,21.39,2.78,3.62,-33.295,-66.3356
San Luis,1990,12,23.22,2.84,3.99,-33.295,-66.3356
San Luis,1991,1,23.73,2.94,3.17,-33.295,-66.3356
San Luis,1991,2,22.96,5.01,3.01,-33.295,-66.3356
San Luis,1991,3,21.21,3.87,2.83,-33.295,-66.3356
San Luis,1991,4,16.7,1.19,2.56,-33.295,-66.3356
San Luis,1991,5,14.13,1.09,2.53,-33.295,-66.3356
San Luis,1991,6,9.23,1.09,2.29,-33.295,-66.3356
San Luis,1991,7,7.67,0.27,2.62,-33.295,-66.3356
San Luis,1991,8,9.73,1.15,3.01,-33.295,-66.3356
San Luis,1991,9,14.22,0.3,3.61,-33.295,-66.3356
San Luis,1991,10,15.48,1.67,3.48,-33.295,-66.3356
San Luis,1991,11,20.33,3.38,3.26,-33.295,-66.3356
San Luis,1991,12,22.06,3.08,3.2,-33.295,-66.3356
San Luis,1992,1,23.86,3.03,3.12,-33.295,-66.3356
San Luis,1992,2,22.29,1.67,3.11,-33.295,-66.3356
San Luis,1992,3,21.86,4.46,2.97,-33.295,-66.3356
San Luis,1992,4,15.29,1.02,2.73,-33.295,-66.3356
San Luis,1992,5,11.43,0.42,2.64,-33.295,-66.3356
San Luis,1992,6,10.17,0.11,2.56,-33.295,-66.3356
San Luis,1992,7,5.39,0.14,2.84,-33.295,-66.3356
San Luis,1992,8,11.61,0.47,3.26,-33.295,-66.3356
San Luis,1992,9,13.68,1.42,3.24,-33.295,-66.3356
San Luis,1992,10,17.42,0.36,3.66,-33.295,-66.3356
San Luis,1992,11,18.77,2.61,3.65,-33.295,-66.3356
San Luis,1992,12,22.59,4.77,3.47,-33.295,-66.3356
San Luis,1993,1,24.88,0.9,2.95,-33.295,-66.3356
San Luis,1993,2,23.54,3.05,3.0,-33.295,-66.3356
San Luis,1993,3,22.12,3.04,2.73,-33.295,-66.3356
San Luis,1993,4,15.99,1.07,2.91,-33.295,-66.3356
San Luis,1993,5,11.38,0.5,2.8,-33.295,-66.3356
San Luis,1993,6,9.37,0.05,2.67,-33.295,-66.3356
San Luis,1993,7,7.02,0.12,2.82,-33.295,-66.3356
San Luis,1993,8,10.62,0.29,3.05,-33.295,-66.3356
San Luis,1993,9,12.36,0.91,3.23,-33.295,-66.3356
San Luis,1993,10,16.69,0.76,3.68,-33.295,-66.3356
San Luis,1993,11,20.42,2.02,3.6,-33.295,-66.3356
San Luis,1993,12,24.31,1.04,3.54,-33.295,-66.3356
San Luis,1994,1,24.57,3.99,2.89,-33.295,-66.3356
San Luis,1994,2,22.02,2.84,2.79,-33.295,-66.3356
San Luis,1994,3,20.36,2.82,2.94,-33.295,-66.3356
San Luis,1994,4,15.98,1.67,2.59,-33.295,-66.3356
San Luis,1994,5,14.24,0.4,2.54,-33.295,-66.3356
San Luis,1994,6,11.11,0.1,2.86,-33.295,-66.3356
San Luis,1994,7,8.14,0.25,2.98,-33.295,-66.3356
San Luis,1994,8,10.64,0.54,3.54,-33.295,-66.3356
San Luis,1994,9,15.28,0.54,3.73,-33.295,-66.3356
San Luis,1994,10,16.94,1.98,3.63,-33.295,-66.3356
San Luis,1994,11,20.76,4.66,3.27,-33.295,-66.3356
San Luis,1994,12,25.51,3.39,3.16,-33.295,-66.3356
San Luis,1995,1,23.38,3.54,3.04,-33.295,-66.3356
San Luis,1995,2,21.92,3.32,3.09,-33.295,-66.3356
San Luis,1995,3,20.59,2.03,2.94,-33.295,-66.3356
San Luis,1995,4,17.24,0.27,2.52,-33.295,-66.3356
San Luis,1995,5,13.57,0.31,2.53,-33.295,-66.3356
San Luis,1995,6,9.99,0.01,3.11,-33.295,-66.3356
San Luis,1995,7,8.09,0.03,3.07,-33.295,-66.3356
San Luis,1995,8,10.31,0.01,2.91,-33.295,-66.3356
San Luis,1995,9,13.62,0.89,3.7,-33.295,-66.3356
San Luis,1995,10,17.38,0.57,3.71,-33.295,-66.3356
San Luis,1995,11,21.57,3.61,3.61,-33.295,-66.3356
San Luis,1995,12,25.97,1.75,3.26,-33.295,-66.3356
San Luis,1996,1,23.87,2.8,2.84,-33.295,-66.3356
San Luis,1996,2,22.88,3.21,2.95,-33.295,-66.3356
San Luis,1996,3,21.73,1.55,2.53,-33.295,-66.3356
San Luis,1996,4,15.27,2.71,2.82,-33.295,-66.3356
San Luis,1996,5,13.43,0.44,2.44,-33.295,-66.3356
San Luis,1996,6,7.61,0.11,2.75,-33.295,-66.3356
San Luis,1996,7,8.62,0.01,2.73,-33.295,-66.3356
San Luis,1996,8,12.3,0.04,3.09,-33.295,-66.3356
San Luis,1996,9,12.13,0.48,3.44,-33.295,-66.3356
San Luis,1996,10,17.68,1.3,3.37,-33.295,-66.3356
San Luis,1996,11,22.02,1.95,3.73,-33.295,-66.3356
San Luis,1996,12,21.95,5.66,3.19,-33.295,-66.3356
San Luis,1997,1,24.81,3.39,2.97,-33.295,-66.3356
San Luis,1997,2,22.26,3.61,3.37,-33.295,-66.3356
San Luis,1997,3,21.46,2.6,2.83,-33.295,-66.3356
San Luis,1997,4,18.16,0.22,2.66,-33.295,-66.3356
San Luis,1997,5,14.76,0.38,2.85,-33.295,-66.3356
San Luis,1997,6,9.2,0.4,2.41,-33.295,-66.3356
San Luis,1997,7,10.96,0.45,3.05,-33.295,-66.3356
San Luis,1997,8,12.39,0.3,3.4,-33.295,-66.3356
San Luis,1997,9,15.24,0.59,3.59,-33.295,-66.3356
San Luis,1997,10,16.61,2.58,3.42,-33.295,-66.3356
San Luis,1997,11,20.82,2.2,3.59,-33.295,-66.3356
San Luis,1997,12,22.34,5.84,3.41,-33.295,-66.3356
San Luis,1998,1,23.42,3.46,3.15,-33.295,-66.3356
San Luis,1998,2,20.3,4.09,3.16,-33.295,-66.3356
San Luis,1998,3,18.91,1.31,2.97,-33.295,-66.3356
San Luis,1998,4,15.01,4.65,2.75,-33.295,-66.3356
San Luis,1998,5,12.86,1.04,2.3,-33.295,-66.3356
San Luis,1998,6,8.74,0.26,2.5,-33.295,-66.3356
San Luis,1998,7,9.94,0.17,2.54,-33.295,-66.3356
San Luis,1998,8,10.6,0.34,2.82,-33.295,-66.3356
San Luis,1998,9,11.68,2.34,3.4,-33.295,-66.3356
San Luis,1998,10,18.91,0.71,3.45,-33.295,-66.3356
San Luis,1998,11,20.01,4.43,3.47,-33.295,-66.3356
San Luis,1998,12,22.96,1.45,3.2,-33.295,-66.3356
San Luis,1999,1,23.25,2.62,3.04,-33.295,-66.3356
San Luis,1999,2,25.05,2.46,3.14,-33.295,-66.3356
San Luis,1999,3,20.03,4.22,3.16,-33.295,-66.3356
San Luis,1999,4,14.09,2.55,2.6,-33.295,-66.3356
San Luis,1999,5,11.91,0.25,2.29,-33.295,-66.3356
San Luis,1999,6,8.47,0.19,2.7,-33.295,-66.3356
San Luis,1999,7,7.2,0.57,2.77,-33.295,-66.3356
San Luis,1999,8,10.08,0.63,3.28,-33.295,-66.3356
San Luis,1999,9,15.36,0.55,3.56,-33.295,-66.3356
San Luis,1999,10,17.39,3.81,3.59,-33.295,-66.3356
San Luis,1999,11,18.99,3.52,3.15,-33.295,-66.3356
San Luis,1999,12,21.23,4.58,3.0,-33.295,-66.3356
San Luis,2000,1,23.36,4.35,2.69,-33.295,-66.3356
San Luis,2000,2,22.03,1.68,3.04,-33.295,-66.3356
San Luis,2000,3,18.29,5.78,3.01,-33.295,-66.3356
San Luis,2000,4,16.62,2.18,2.49,-33.295,-66.3356
San Luis,2000,5,10.35,1.59,2.54,-33.295,-66.3356
San Luis,2000,6,8.69,0.54,2.94,-33.295,-66.3356
San Luis,2000,7,5.62,0.58,2.79,-33.295,-66.3356
San Luis,2000,8,9.14,0.06,2.82,-33.295,-66.3356
San Luis,2000,9,12.86,0.13,3.51,-33.295,-66.3356
San Luis,2000,10,17.96,1.9,3.85,-33.295,-66.3356
San Luis,2000,11,18.89,2.29,3.46,-33.295,-66.3356
San Luis,2000,12,23.44,1.91,3.13,-33.295,-66.3356
San Luis,2001,1,24.35,4.82,2.98,-33.295,-66.3356
San Luis,2001,2,25.91,1.67,2.9,-33.295,-66.3356
San Luis,2001,3,20.84,3.95,3.15,-33.295,-66.3356
San Luis,2001,4,14.84,4.06,2.6,-33.295,-66.3356
San Luis,2001,5,11.02,0.44,2.39,-33.295,-66.3356
San Luis,2001,6,8.78,0.22,2.48,-33.295,-66.3356
San Luis,2001,7,8.28,0.37,2.88,-33.295,-66.3356
San Luis,2001,8,11.64,0.49,3.49,-33.295,-66.3356
San Luis,2001,9,12.45,2.8,3.46,-33.295,-66.3356
San Luis,2001,10,17.13,3.66,3.32,-33.295,-66.3356
San Luis,2001,11,19.25,0.88,3.68,-33.295,-66.3356
San Luis,2001,12,23.82,2.32,3.08,-33.295,-66.3356
San Luis,2002,1,23.27,5.1,2.87,-33.295,-66.3356
San Luis,2002,2,22.0,3.45,3.15,-33.295,-66.3356
San Luis,2002,3,21.14,1.47,3.43,-33.295,-66.3356
San Luis,2002,4,15.52,0.89,2.92,-33.295,-66.3356
San Luis,2002,5,13.37,1.49,2.73,-33.295,-66.3356
San Luis,2002,6,7.33,0.07,2.63,-33.295,-66.3356
San Luis,2002,7,8.61,0.14,2.61,-33.295,-66.3356
San Luis,2002,8,11.26,1.28,3.06,-33.295,-66.3356
San Luis,2002,9,14.29,0.09,3.4,-33.295,-66.3356
San Luis,2002,10,18.94,0.97,4.11,-33.295,-66.3356
San Luis,2002,11,21.25,2.57,3.72,-33.295,-66.3356
San Luis,2002,12,22.03,5.63,3.42,-33.295,-66.3356
San Luis,2003,1,24.67,2.93,2.91,-33.295,-66.3356
San Luis,2003,2,23.21,2.08,2.96,-33.295,-66.3356
San Luis,2003,3,21.32,1.01,2.76,-33.295,-66.3356
San Luis,2003,4,16.47,1.44,2.59,-33.295,-66.3356
San Luis,2003,5,12.6,0.3,2.49,-33.295,-66.3356
San Luis,2003,6,11.65,0.08,2.63,-33.295,-66.3356
San Luis,2003,7,8.03,2.39,2.72,-33.295,-66.3356
San Luis,2003,8,9.25,0.05,3.52,-33.295,-66.3356
San Luis,2003,9,14.4,0.02,3.52,-33.295,-66.3356
San Luis,2003,10,20.19,0.08,3.94,-33.295,-66.3356
San Luis,2003,11,23.39,0.39,3.66,-33.295,-66.3356
San Luis,2003,12,21.93,2.93,3.58,-33.295,-66.3356
San Luis,2004,1,26.84,3.66,2.83,-33.295,-66.3356
San Luis,2004,2,22.71,2.65,3.02,-33.295,-66.3356
San Luis,2004,3,21.67,4.09,3.1,-33.295,-66.3356
San Luis,2004,4,16.78,1.17,2.72,-33.295,-66.3356
San Luis,2004,5,9.03,3.94,2.67,-33.295,-66.3356
San Luis,2004,6,9.35,0.0,2.7,-33.295,-66.3356
San Luis,2004,7,8.19,0.63,3.01,-33.295,-66.3356
San Luis,2004,8,10.36,0.25,2.95,-33.295,-66.3356
San Luis,2004,9,14.51,0.02,3.74,-33.295,-66.3356
San Luis,2004,10,17.48,2.12,3.73,-33.295,-66.3356
San Luis,2004,11,20.51,1.97,3.48,-33.295,-66.3356
San Luis,2004,12,22.86,5.88,3.12,-33.295,-66.3356
San Luis,2005,1,22.99,5.07,2.94,-33.295,-66.3356
San Luis,2005,2,23.29,1.22,2.62,-33.295,-66.3356
San Luis,2005,3,20.07,4.15,2.8,-33.295,-66.3356
San Luis,2005,4,14.13,0.68,2.47,-33.295,-66.3356
San Luis,2005,5,11.89,0.29,2.94,-33.295,-66.3356
San Luis,2005,6,10.21,0.23,2.75,-33.295,-66.3356
San Luis,2005,7,8.5,0.24,2.83,-33.295,-66.3356
San Luis,2005,8,10.54,0.58,3.44,-33.295,-66.3356
San Luis,2005,9,12.34,0.54,3.04,-33.295,-66.3356
San Luis,2005,10,16.95,1.85,3.43,-33.295,-66.3356
San Luis,2005,11,22.46,1.71,3.49,-33.295,-66.3356
San Luis,2005,12,23.69,2.3,3.63,-33.295,-66.3356
San Luis,2006,1,25.44,4.29,3.3,-33.295,-66.3356
San Luis,2006,2,23.19,3.5,2.86,-33.295,-66.3356
San Luis,2006,3,19.62,1.97,2.87,-33.295,-66.3356
San Luis,2006,4,16.67,1.37,2.86,-33.295,-66.3356
San Luis,2006,5,11.73,0.01,2.67,-33.295,-66.3356
San Luis,2006,6,10.71,0.03,2.63,-33.295,-66.3356
San Luis,2006,7,11.03,0.06,3.16,-33.295,-66.3356
San Luis,2006,8,11.18,0.0,2.91,-33.295,-66.3356
San Luis,2006,9,14.61,0.12,3.56,-33.295,-66.3356
San Luis,2006,10,19.87,0.59,3.94,-33.295,-66.3356
San Luis,2006,11,20.18,7.53,3.88,-33.295,-66.3356
San Luis,2006,12,23.01,4.57,3.2,-33.295,-66.3356
San Luis,2007,1,22.52,4.59,3.02,-33.295,-66.3356
San Luis,2007,2,21.87,8.34,2.83,-33.295,-66.3356
San Luis,2007,3,19.27,7.8,2.7,-33.295,-66.3356
San Luis,2007,4,15.61,0.42,2.74,-33.295,-66.3356
San Luis,2007,5,8.77,0.01,2.43,-33.295,-66.3356
San Luis,2007,6,7.16,0.2,2.12,-33.295,-66.3356
San Luis,2007,7,6.04,0.19,2.68,-33.295,-66.3356
San Luis,2007,8,5.77,0.25,3.01,-33.295,-66.3356
San Luis,2007,9,13.35,0.32,3.46,-33.295,-66.3356
San Luis,2007,10,17.3,2.08,3.45,-33.295,-66.3356
San Luis,2007,11,20.34,1.18,3.39,-33.295,-66.3356
San Luis,2007,12,23.15,6.07,3.16,-33.295,-66.3356
San Luis,2008,1,22.72,11.85,2.87,-33.295,-66.3356
San Luis,2008,2,21.82,6.58,2.53,-33.295,-66.3356
San Luis,2008,3,19.19,3.27,2.72,-33.295,-66.3356
San Luis,2008,4,15.06,0.48,2.28,-33.295,-66.3356
San Luis,2008,5,11.83,0.87,2.59,-33.295,-66.3356
San Luis,2008,6,7.19,0.04,2.12,-33.295,-66.3356
San Luis,2008,7,10.51,0.02,2.48,-33.295,-66.3356
San Luis,2008,8,10.35,0.08,3.37,-33.295,-66.3356
San Luis,2008,9,13.05,1.62,3.06,-33.295,-66.3356
San Luis,2008,10,16.98,1.55,3.55,-33.295,-66.3356
San Luis,2008,11,22.32,7.48,3.38,-33.295,-66.3356
San Luis,2008,12,22.57,8.22,2.78,-33.295,-66.3356
San Luis,2009,1,22.41,5.68,2.76,-33.295,-66.3356
San Luis,2009,2,22.04,2.8,3.01,-33.295,-66.3356
San Luis,2009,3,22.1,0.74,2.56,-33.295,-66.3356
San Luis,2009,4,19.6,0.75,2.56,-33.295,-66.3356
San Luis,2009,5,13.77,0.3,2.63,-33.295,-66.3356
San Luis,2009,6,9.18,0.0,2.58,-33.295,-66.3356
San Luis,2009,7,7.28,0.25,2.41,-33.295,-66.3356
San Luis,2009,8,13.21,0.05,3.19,-33.295,-66.3356
San Luis,2009,9,11.62,0.98,3.35,-33.295,-66.3356
San Luis,2009,10,18.95,0.05,3.73,-33.295,-66.3356
San Luis,2009,11,21.89,1.0,3.87,-33.295,-66.3356
San Luis,2009,12,22.66,5.51,3.42,-33.295,-66.3356
San Luis,2010,1,25.64,1.43,3.3,-33.295,-66.3356
San Luis,2010,2,23.59,3.79,3.18,-33.295,-66.3356
San Luis,2010,3,21.8,2.48,2.61,-33.295,-66.3356
San Luis,2010,4,14.96,0.31,2.74,-33.295,-66.3356
San Luis,2010,5,11.41,1.26,2.4,-33.295,-66.3356
San Luis,2010,6,9.02,0.01,2.65,-33.295,-66.3356
San Luis,2010,7,6.05,0.01,2.63,-33.295,-66.3356
San Luis,2010,8,8.93,0.2,3.22,-33.295,-66.3356
San Luis,2010,9,13.31,1.86,3.32,-33.295,-66.3356
San Luis,2010,10,16.45,2.22,3.42,-33.295,-66.3356
San Luis,2010,11,19.95,2.8,3.2,-33.295,-66.3356
San Luis,2010,12,22.98,2.64,3.01,-33.295,-66.3356
San Luis,2011,1,23.91,3.68,3.09,-33.295,-66.3356
San Luis,2011,2,21.65,4.82,2.96,-33.295,-66.3356
San Luis,2011,3,19.38,1.95,2.65,-33.295,-66.3356
San Luis,2011,4,15.87,1.99,3.0,-33.295,-66.3356
San Luis,2011,5,11.53,0.15,2.4,-33.295,-66.3356
San Luis,2011,6,7.83,0.08,2.54,-33.295,-66.3356
San Luis,2011,7,7.36,0.11,2.81,-33.295,-66.3356
San Luis,2011,8,9.26,0.05,3.19,-33.295,-66.3356
San Luis,2011,9,15.49,0.14,3.78,-33.295,-66.3356
San Luis,2011,10,16.93,2.81,3.48,-33.295,-66.3356
San Luis,2011,11,21.88,2.37,3.64,-33.295,-66.3356
San Luis,2011,12,24.29,1.03,3.02,-33.295,-66.3356
San Luis,2012,1,26.24,2.05,3.3,-33.295,-66.3356
San Luis,2012,2,23.78,3.89,3.11,-33.295,-66.3356
San Luis,2012,3,21.44,0.97,3.19,-33.295,-66.3356
San Luis,2012,4,16.19,2.52,2.67,-33.295,-66.3356
San Luis,2012,5,13.81,0.39,2.59,-33.295,-66.3356
San Luis,2012,6,9.26,0.0,2.66,-33.295,-66.3356
San Luis,2012,7,7.12,0.04,2.69,-33.295,-66.3356
San Luis,2012,8,10.04,1.14,2.97,-33.295,-66.3356
San Luis,2012,9,14.06,1.92,3.44,-33.295,-66.3356
San Luis,2012,10,16.27,2.34,3.91,-33.295,-66.3356
San Luis,2012,11,20.83,5.88,3.38,-33.295,-66.3356
San Luis,2012,12,22.87,1.03,3.62,-33.295,-66.3356
San Luis,2013,1,24.8,3.99,3.15,-33.295,-66.3356
San Luis,2013,2,22.95,3.15,3.2,-33.295,-66.3356
San Luis,2013,3,18.94,2.88,2.88,-33.295,-66.3356
San Luis,2013,4,16.45,2.25,2.78,-33.295,-66.3356
San Luis,2013,5,12.22,0.34,2.4,-33.295,-66.3356
San Luis,2013,6,10.17,0.03,2.59,-33.295,-66.3356
San Luis,2013,7,8.3,0.0,2.96,-33.295,-66.3356
San Luis,2013,8,10.11,0.05,3.5,-33.295,-66.3356
San Luis,2013,9,11.78,0.19,3.83,-33.295,-66.3356
San Luis,2013,10,18.75,2.98,3.43,-33.295,-66.3356
San Luis,2013,11,20.78,2.36,3.91,-33.295,-66.3356
San Luis,2013,12,26.0,2.64,2.96,-33.295,-66.3356
San Luis,2014,1,25.45,2.88,3.35,-33.295,-66.3356
San Luis,2014,2,20.94,8.24,2.97,-33.295,-66.3356
San Luis,2014,3,18.34,2.12,2.63,-33.295,-66.3356
San Luis,2014,4,15.15,2.86,2.46,-33.295,-66.3356
San Luis,2014,5,12.38,0.24,2.37,-33.295,-66.3356
San Luis,2014,6,8.47,0.14,2.94,-33.295,-66.3356
San Luis,2014,7,8.92,0.01,2.86,-33.295,-66.3356
San Luis,2014,8,12.08,0.18,3.29,-33.295,-66.3356
San Luis,2014,9,14.65,1.4,3.47,-33.295,-66.3356
San Luis,2014,10,19.8,1.63,3.91,-33.295,-66.3356
San Luis,2014,11,20.61,1.78,3.67,-33.295,-66.3356
San Luis,2014,12,22.83,3.53,3.24,-33.295,-66.3356
San Luis,2015,1,24.6,3.97,3.13,-33.295,-66.3356
San Luis,2015,2,21.61,12.09,2.71,-33.295,-66.3356
San Luis,2015,3,20.77,2.66,2.56,-33.295,-66.3356
San Luis,2015,4,17.63,1.32,2.6,-33.295,-66.3356
San Luis,2015,5,13.25,0.07,2.5,-33.295,-66.3356
San Luis,2015,6,10.18,0.05,2.57,-33.295,-66.3356
San Luis,2015,7,8.89,0.09,3.04,-33.295,-66.3356
San Luis,2015,8,11.69,0.96,3.39,-33.295,-66.3356
San Luis,2015,9,12.66,1.44,3.01,-33.295,-66.3356
San Luis,2015,10,13.92,2.01,3.75,-33.295,-66.3356
San Luis,2015,11,18.43,5.52,3.14,-33.295,-66.3356
San Luis,2015,12,22.46,3.4,3.14,-33.295,-66.3356
San Luis,2016,1,23.54,5.15,3.16,-33.295,-66.3356
San Luis,2016,2,24.19,3.06,3.04,-33.295,-66.3356
San Luis,2016,3,20.08,3.92,2.94,-33.295,-66.3356
San Luis,2016,4,13.65,1.97,2.91,-33.295,-66.3356
San Luis,2016,5,10.65,0.8,2.2,-33.295,-66.3356
San Luis,2016,6,6.56,1.67,1.96,-33.295,-66.3356
San Luis,2016,7,7.73,0.18,2.31,-33.295,-66.3356
San Luis,2016,8,11.87,0.05,3.07,-33.295,-66.3356
San Luis,2016,9,14.0,0.0,3.31,-33.295,-66.3356
San Luis,2016,10,16.67,3.42,3.49,-33.295,-66.3356
San Luis,2016,11,19.81,3.41,3.43,-33.295,-66.3356
San Luis,2016,12,23.41,2.06,3.54,-33.295,-66.3356
San Luis,2017,1,24.92,4.05,3.16,-33.295,-66.3356
San Luis,2017,2,24.08,4.45,2.63,-33.295,-66.3356
San Luis,2017,3,20.49,4.32,3.04,-33.295,-66.3356
San Luis,2017,4,15.07,3.26,2.84,-33.295,-66.3356
San Luis,2017,5,11.51,1.73,2.38,-33.295,-66.3356
San Luis,2017,6,9.0,0.17,2.48,-33.295,-66.3356
San Luis,2017,7,8.92,0.58,2.91,-33.295,-66.3356
San Luis,2017,8,11.2,0.06,3.18,-33.295,-66.3356
San Luis,2017,9,12.66,1.18,3.33,-33.295,-66.3356
San Luis,2017,10,16.58,0.93,3.61,-33.295,-66.3356
San Luis,2017,11,20.49,1.8,3.24,-33.295,-66.3356
San Luis,2017,12,23.88,3.86,3.14,-33.295,-66.3356
San Luis,2018,1,24.33,2.81,3.1,-33.295,-66.3356
San Luis,2018,2,24.48,1.68,2.77,-33.295,-66.3356
San Luis,2018,3,20.68,0.51,2.86,-33.295,-66.3356
San Luis,2018,4,18.92,2.66,2.77,-33.295,-66.3356
San Luis,2018,5,13.05,1.62,2.52,-33.295,-66.3356
San Luis,2018,6,7.63,0.23,2.6,-33.295,-66.3356
San Luis,2018,7,6.37,0.34,2.6,-33.295,-66.3356
San Luis,2018,8,10.17,0.06,3.26,-33.295,-66.3356
San Luis,2018,9,16.46,0.37,3.18,-33.295,-66.3356
San Luis,2018,10,17.78,1.32,3.62,-33.295,-66.3356
San Luis,2018,11,21.03,4.07,3.75,-33.295,-66.3356
San Luis,2018,12,23.42,1.74,3.57,-33.295,-66.3356
San Luis,2019,1,24.62,2.13,3.12,-33.295,-66.3356
San Luis,2019,2,24.41,0.98,3.04,-33.295,-66.3356
San Luis,2019,3,19.53,2.85,2.86,-33.295,-66.3356
San Luis,2019,4,17.39,1.63,2.48,-33.295,-66.3356
San Luis,2019,5,12.47,0.77,2.55,-33.295,-66.3356
San Luis,2019,6,8.93,0.35,2.55,-33.295,-66.3356
San Luis,2019,7,8.64,0.0,2.48,-33.295,-66.3356
San Luis,2019,8,10.8,0.0,3.09,-33.295,-66.3356
San Luis,2019,9,13.93,0.39,3.19,-33.295,-66.3356
San Luis,2019,10,17.54,0.7,3.66,-33.295,-66.3356
San Luis,2019,11,23.48,2.89,3.64,-33.295,-66.3356
San Luis,2019,12,24.66,1.3,3.21,-33.295,-66.3356
San Luis,2020,1,26.16,1.55,3.32,-33.295,-66.3356
San Luis,2020,2,24.01,1.54,3.23,-33.295,-66.3356
San Luis,2020,3,24.24,1.18,3.14,-33.295,-66.3356
San Luis,2020,4,17.65,1.26,2.97,-33.295,-66.3356
San Luis,2020,5,12.61,0.01,2.49,-33.295,-66.3356
San Luis,2020,6,9.0,0.06,2.56,-33.295,-66.3356
San Luis,2020,7,7.96,0.2,3.03,-33.295,-66.3356
San Luis,2020,8,11.19,0.0,3.28,-33.295,-66.3356
San Luis,2020,9,15.36,0.11,3.57,-33.295,-66.3356
San Luis,2020,10,18.99,0.22,3.92,-33.295,-66.3356
San Luis,2020,11,22.85,3.62,3.66,-33.295,-66.3356
San Luis,2020,12,24.1,2.12,3.62,-33.295,-66.3356
San Luis,2021,1,23.58,6.86,3.35,-33.295,-66.3356
San Luis,2021,2,21.85,3.0,2.55,-33.295,-66.3356
San Luis,2021,3,19.44,2.86,2.54,-33.295,-66.3356
San Luis,2021,4,17.72,2.3,2.65,-33.295,-66.3356
San Luis,2021,5,11.77,0.23,2.4,-33.295,-66.3356
San Luis,2021,6,8.21,0.43,2.51,-33.295,-66.3356
San Luis,2021,7,8.52,0.03,2.58,-33.295,-66.3356
San Luis,2021,8,11.99,0.0,3.27,-33.295,-66.3356
San Luis,2021,9,14.22,3.65,3.72,-33.295,-66.3356
San Luis,2021,10,18.21,0.61,3.48,-33.295,-66.3356
San Luis,2021,11,20.81,2.13,3.31,-33.295,-66.3356
San Luis,2021,12,24.45,4.63,3.25,-33.295,-66.3356
San Luis,2022,1,25.9,3.92,3.29,-33.295,-66.3356
San Luis,2022,2,22.07,2.29,2.98,-33.295,-66.3356
San Luis,2022,3,19.39,0.81,3.01,-33.295,-66.3356
San Luis,2022,4,16.12,0.15,2.75,-33.295,-66.3356
San Luis,2022,5,11.29,0.09,2.31,-33.295,-66.3356
San Luis,2022,6,8.36,0.02,2.37,-33.295,-66.3356
San Luis,2022,7,9.4,0.15,2.79,-33.295,-66.3356
San Luis,2022,8,11.37,0.39,2.87,-33.295,-66.3356
San Luis,2022,9,13.63,0.35,3.32,-33.295,-66.3356
San Luis,2022,10,17.9,0.64,3.73,-33.295,-66.3356
San Luis,2022,11,23.85,2.37,3.79,-33.295,-66.3356
San Luis,2022,12,25.52,2.95,3.32,-33.295,-66.3356
San Luis,2023,1,25.36,2.49,2.98,-33.295,-66.3356
San Luis,2023,2,23.86,2.07,2.92,-33.295,-66.3356
San Luis,2023,3,23.62,3.84,2.89,-33.295,-66.3356
San Luis,2023,4,17.29,1.09,2.64,-33.295,-66.3356
San Luis,2023,5,14.7,0.1,2.25,-33.295,-66.3356
San Luis,2023,6,10.82,0.09,2.68,-33.295,-66.3356
San Luis,2023,7,10.51,0.27,2.94,-33.295,-66.3356
San Luis,2023,8,12.72,0.03,3.42,-33.295,-66.3356
San Luis,2023,9,14.72,0.02,3.7,-33.295,-66.3356
San Luis,2023,10,18.71,1.54,3.86,-33.295,-66.3356
San Luis,2023,11,21.18,1.47,3.77,-33.295,-66.3356
San Luis,2023,12,24.14,2.14,3.89,-33.295,-66.3356
Santa Cruz,1981,1,12.39,0.97,5.47,-51.623,-69.2168
Santa Cruz,1981,2,12.17,0.85,5.97,-51.623,-69.2168
Santa Cruz,1981,3,9.38,1.5,5.37,-51.623,-69.2168
Santa Cruz,1981,4,7.39,0.98,3.78,-51.623,-69.2168
Santa Cruz,1981,5,3.78,1.04,4.01,-51.623,-69.2168
Santa Cruz,1981,6,1.69,1.07,3.64,-51.623,-69.2168
Santa Cruz,1981,7,1.78,1.62,4.03,-51.623,-69.2168
Santa Cruz,1981,8,2.72,0.98,5.14,-51.623,-69.2168
Santa Cruz,1981,9,4.08,0.61,5.02,-51.623,-69.2168
Santa Cruz,1981,10,8.06,0.5,5.69,-51.623,-69.2168
Santa Cruz,1981,11,9.56,0.4,5.81,-51.623,-69.2168
Santa Cruz,1981,12,11.2,1.19,5.41,-51.623,-69.2168
Santa Cruz,1982,1,14.31,1.72,4.56,-51.623,-69.2168
Santa Cruz,1982,2,12.37,0.97,5.82,-51.623,-69.2168
Santa Cruz,1982,3,10.7,0.31,5.75,-51.623,-69.2168
Santa Cruz,1982,4,7.99,0.54,4.8,-51.623,-69.2168
Santa Cruz,1982,5,5.24,1.29,4.04,-51.623,-69.2168
Santa Cruz,1982,6,0.68,0.88,3.69,-51.623,-69.2168
Santa Cruz,1982,7,-0.51,0.47,4.23,-51.623,-69.2168
Santa Cruz,1982,8,1.54,0.83,3.89,-51.623,-69.2168
Santa Cruz,1982,9,4.63,0.93,4.39,-51.623,-69.2168
Santa Cruz,1982,10,6.49,1.41,5.31,-51.623,-69.2168
Santa Cruz,1982,11,9.84,1.62,4.9,-51.623,-69.2168
Santa Cruz,1982,12,11.97,0.68,5.31,-51.623,-69.2168
Santa Cruz,1983,1,13.27,1.13,5.06,-51.623,-69.2168
Santa Cruz,1983,2,11.03,1.08,5.75,-51.623,-69.2168
Santa Cruz,1983,3,10.09,1.3,5.3,-51.623,-69.2168
Santa Cruz,1983,4,7.97,2.02,3.57,-51.623,-69.2168
Santa Cruz,1983,5,4.08,1.61,3.55,-51.623,-69.2168
Santa Cruz,1983,6,1.37,0.89,4.67,-51.623,-69.2168
Santa Cruz,1983,7,1.46,0.92,5.07,-51.623,-69.2168
Santa Cruz,1983,8,3.44,0.57,4.33,-51.623,-69.2168
Santa Cruz,1983,9,5.04,0.35,4.73,-51.623,-69.2168
Santa Cruz,1983,10,7.38,0.35,4.87,-51.623,-69.2168
Santa Cruz,1983,11,10.41,0.6,5.87,-51.623,-69.2168
Santa Cruz,1983,12,12.85,0.95,5.2,-51.623,-69.2168
Santa Cruz,1984,1,12.05,2.13,5.77,-51.623,-69.2168
Santa Cruz,1984,2,11.15,0.8,5.08,-51.623,-69.2168
Santa Cruz,1984,3,10.66,0.41,3.93,-51.623,-69.2168
Santa Cruz,1984,4,7.28,0.52,5.73,-51.623,-69.2168
Santa Cruz,1984,5,0.86,0.64,4.4,-51.623,-69.2168
Santa Cruz,1984,6,-0.14,0.59,3.67,-51.623,-69.2168
Santa Cruz,1984,7,-2.06,1.31,3.59,-51.623,-69.2168
Santa Cruz,1984,8,1.87,0.46,4.53,-51.623,-69.2168
Santa Cruz,1984,9,5.09,0.72,3.43,-51.623,-69.2168
Santa Cruz,1984,10,6.86,1.23,4.33,-51.623,-69.2168
Santa Cruz,1984,11,10.56,0.84,5.16,-51.623,-69.2168
Santa Cruz,1984,12,13.53,0.27,4.01,-51.623,-69.2168
Santa Cruz,1985,1,14.77,0.57,4.73,-51.623,-69.2168
Santa Cruz,1985,2,13.63,0.82,6.19,-51.623,-69.2168
Santa Cruz,1985,3,8.82,1.05,5.39,-51.623,-69.2168
Santa Cruz,1985,4,6.65,1.69,4.65,-51.623,-69.2168
Santa Cruz,1985,5,3.24,1.54,4.11,-51.623,-69.2168
Santa Cruz,1985,6,2.14,1.29,3.08,-51.623,-69.2168
Santa Cruz,1985,7,1.84,0.68,4.15,-51.623,-69.2168
Santa Cruz,1985,8,3.39,0.33,5.66,-51.623,-69.2168
Santa Cruz,1985,9,5.09,0.94,5.11,-51.623,-69.2168
Santa Cruz,1985,10,7.79,0.51,4.1,-51.623,-69.2168
Santa Cruz,1985,11,11.15,1.13,4.76,-51.623,-69.2168
Santa Cruz,1985,12,12.12,0.89,6.23,-51.623,-69.2168
Santa Cruz,1986,1,12.73,0.53,6.05,-51.623,-69.2168
Santa Cruz,1986,2,10.88,0.68,6.47,-51.623,-69.2168
Santa Cruz,1986,3,9.25,1.11,5.19,-51.623,-69.2168
Santa Cruz,1986,4,6.48,0.86,4.95,-51.623,-69.2168
Santa Cruz,1986,5,2.79,2.19,3.95,-51.623,-69.2168
Santa Cruz,1986,6,0.93,0.34,5.22,-51.623,-69.2168
Santa Cruz,1986,7,1.44,0.65,5.22,-51.623,-69.2168
Santa Cruz,1986,8,3.06,0.29,5.02,-51.623,-69.2168
Santa Cruz,1986,9,4.62,0.23,4.82,-51.623,-69.2168
Santa Cruz,1986,10,7.93,0.59,4.02,-51.623,-69.2168
Santa Cruz,1986,11,9.17,0.98,5.35,-51.623,-69.2168
Santa Cruz,1986,12,11.91,0.72,6.67,-51.623,-69.2168
Santa Cruz,1987,1,12.66,1.45,6.1,-51.623,-69.2168
Santa Cruz,1987,2,12.73,0.89,5.09,-51.623,-69.2168
Santa Cruz,1987,3,10.88,0.51,4.98,-51.623,-69.2168
Santa Cruz,1987,4,7.88,1.42,5.02,-51.623,-69.2168
Santa Cruz,1987,5,4.64,1.38,4.15,-51.623,-69.2168
Santa Cruz,1987,6,2.01,2.16,4.68,-51.623,-69.2168
Santa Cruz,1987,7,1.54,2.01,4.99,-51.623,-69.2168
Santa Cruz,1987,8,1.83,1.09,3.57,-51.623,-69.2168
Santa Cruz,1987,9,4.21,0.31,4.91,-51.623,-69.2168
Santa Cruz,1987,10,8.14,0.53,4.41,-51.623,-69.2168
Santa Cruz,1987,11,11.32,0.41,5.46,-51.623,-69.2168
Santa Cruz,1987,12,12.04,0.67,5.32,-51.623,-69.2168
Santa Cruz,1988,1,11.48,1.27,6.09,-51.623,-69.2168
Santa Cruz,1988,2,13.25,0.36,5.23,-51.623,-69.2168
Santa Cruz,1988,3,11.52,0.52,5.29,-51.623,-69.2168
Santa Cruz,1988,4,6.51,1.52,4.52,-51.623,-69.2168
Santa Cruz,1988,5,5.17,1.14,4.09,-51.623,-69.2168
Santa Cruz,1988,6,2.23,1.27,4.11,-51.623,-69.2168
Santa Cruz,1988,7,1.37,0.72,4.44,-51.623,-69.2168
Santa Cruz,1988,8,1.74,0.85,4.48,-51.623,-69.2168
Santa Cruz,1988,9,5.95,0.28,4.68,-51.623,-69.2168
Santa Cruz,1988,10,6.67,1.78,4.56,-51.623,-69.2168
Santa Cruz,1988,11,10.47,0.78,6.36,-51.623,-69.2168
Santa Cruz,1988,12,10.85,1.17,6.48,-51.623,-69.2168
Santa Cruz,1989,1,12.26,1.81,5.46,-51.623,-69.2168
Santa Cruz,1989,2,13.13,1.53,5.48,-51.623,-69.2168
Santa Cruz,1989,3,10.97,0.66,4.63,-51.623,-69.2168
Santa Cruz,1989,4,7.12,1.03,5.09,-51.623,-69.2168
Santa Cruz,1989,5,4.86,0.83,4.58,-51.623,-69.2168
Santa Cruz,1989,6,1.61,0.66,4.42,-51.623,-69.2168
Santa Cruz,1989,7,1.67,0.58,3.76,-51.623,-69.2168
Santa Cruz,1989,8,2.67,0.63,4.29,-51.623,-69.2168
Santa Cruz,1989,9,4.48,0.59,4.64,-51.623,-69.2168
Santa Cruz,1989,10,7.93,0.64,5.67,-51.623,-69.2168
Santa Cruz,1989,11,10.92,0.67,5.09,-51.623,-69.2168
Santa Cruz,1989,12,11.82,1.03,5.16,-51.623,-69.2168
Santa Cruz,1990,1,12.12,0.78,5.26,-51.623,-69.2168
Santa Cruz,1990,2,14.26,0.57,4.35,-51.623,-69.2168
Santa Cruz,1990,3,10.49,2.01,5.25,-51.623,-69.2168
Santa Cruz,1990,4,5.15,1.5,5.68,-51.623,-69.2168
Santa Cruz,1990,5,4.24,2.37,4.43,-51.623,-69.2168
Santa Cruz,1990,6,1.61,1.0,4.79,-51.623,-69.2168
Santa Cruz,1990,7,1.84,0.78,4.31,-51.623,-69.2168
Santa Cruz,1990,8,1.92,1.64,5.78,-51.623,-69.2168
Santa Cruz,1990,9,4.07,0.75,4.83,-51.623,-69.2168
Santa Cruz,1990,10,7.58,0.95,5.37,-51.623,-69.2168
Santa Cruz,1990,11,8.6,0.95,6.65,-51.623,-69.2168
Santa Cruz,1990,12,10.28,1.58,4.85,-51.623,-69.2168
Santa Cruz,1991,1,12.91,0.93,4.73,-51.623,-69.2168
Santa Cruz,1991,2,12.09,1.21,4.79,-51.623,-69.2168
Santa Cruz,1991,3,9.12,1.86,5.46,-51.623,-69.2168
Santa Cruz,1991,4,6.37,0.89,4.0,-51.623,-69.2168
Santa Cruz,1991,5,3.92,0.76,5.11,-51.623,-69.2168
Santa Cruz,1991,6,0.57,0.86,4.37,-51.623,-69.2168
Santa Cruz,1991,7,0.09,0.86,4.08,-51.623,-69.2168
Santa Cruz,1991,8,1.37,0.19,4.67,-51.623,-69.2168
Santa Cruz,1991,9,3.53,1.2,4.64,-51.623,-69.2168
Santa Cruz,1991,10,6.2,0.35,4.96,-51.623,-69.2168
Santa Cruz,1991,11,9.07,1.0,4.43,-51.623,-69.2168
Santa Cruz,1991,12,8.93,2.1,4.32,-51.623,-69.2168
Santa Cruz,1992,1,13.84,0.87,4.64,-51.623,-69.2168
Santa Cruz,1992,2,10.15,1.17,4.77,-51.623,-69.2168
Santa Cruz,1992,3,8.98,1.67,4.88,-51.623,-69.2168
Santa Cruz,1992,4,6.79,0.81,4.07,-51.623,-69.2168
Santa Cruz,1992,5,2.4,0.96,4.58,-51.623,-69.2168
Santa Cruz,1992,6,-0.39,0.99,3.9,-51.623,-69.2168
Santa Cruz,1992,7,-1.27,0.55,3.47,-51.623,-69.2168
Santa Cruz,1992,8,1.52,0.29,3.91,-51.623,-69.2168
Santa Cruz,1992,9,3.66,0.78,4.79,-51.623,-69.2168
Santa Cruz,1992,10,6.16,0.76,5.48,-51.623,-69.2168
Santa Cruz,1992,11,9.76,0.56,3.92,-51.623,-69.2168
Santa Cruz,1992,12,12.66,1.07,4.54,-51.623,-69.2168
Santa Cruz,1993,1,11.56,1.28,4.74,-51.623,-69.2168
Santa Cruz,1993,2,12.39,1.34,5.12,-51.623,-69.2168
Santa Cruz,1993,3,10.15,1.06,4.62,-51.623,-69.2168
Santa Cruz,1993,4,5.68,0.78,4.38,-51.623,-69.2168
Santa Cruz,1993,5,2.82,0.52,3.97,-51.623,-69.2168
Santa Cruz,1993,6,0.13,0.49,3.52,-51.623,-69.2168
Santa Cruz,1993,7,1.29,0.51,4.22,-51.623,-69.2168
Santa Cruz,1993,8,3.26,0.89,4.54,-51.623,-69.2168
Santa Cruz,1993,9,5.16,0.76,5.28,-51.623,-69.2168
Santa Cruz,1993,10,8.35,0.47,4.88,-51.623,-69.2168
Santa Cruz,1993,11,10.14,0.6,5.17,-51.623,-69.2168
Santa Cruz,1993,12,10.55,1.58,5.42,-51.623,-69.2168
Santa Cruz,1994,1,13.27,0.79,5.35,-51.623,-69.2168
Santa Cruz,1994,2,10.95,1.5,5.62,-51.623,-69.2168
Santa Cruz,1994,3,9.92,1.34,4.18,-51.623,-69.2168
Santa Cruz,1994,4,7.43,1.93,4.86,-51.623,-69.2168
Santa Cruz,1994,5,2.85,1.59,4.24,-51.623,-69.2168
Santa Cruz,1994,6,0.58,0.54,3.57,-51.623,-69.2168
Santa Cruz,1994,7,0.02,0.9,3.83,-51.623,-69.2168
Santa Cruz,1994,8,2.38,0.54,4.51,-51.623,-69.2168
Santa Cruz,1994,9,3.43,0.3,5.47,-51.623,-69.2168
Santa Cruz,1994,10,5.7,0.84,5.05,-51.623,-69.2168
Santa Cruz,1994,11,9.91,2.29,4.45,-51.623,-69.2168
Santa Cruz,1994,12,11.23,1.55,4.28,-51.623,-69.2168
Santa Cruz,1995,1,12.23,1.11,4.66,-51.623,-69.2168
Santa Cruz,1995,2,12.05,0.81,5.07,-51.623,-69.2168
Santa Cruz,1995,3,9.1,0.86,5.76,-51.623,-69.2168
Santa Cruz,1995,4,8.11,0.34,4.25,-51.623,-69.2168
Santa Cruz,1995,5,4.66,1.26,4.8,-51.623,-69.2168
Santa Cruz,1995,6,0.37,0.43,4.59,-51.623,-69.2168
Santa Cruz,1995,7,-0.53,1.35,5.18,-51.623,-69.2168
Santa Cruz,1995,8,0.34,1.46,4.79,-51.623,-69.2168
Santa Cruz,1995,9,3.74,0.63,5.4,-51.623,-69.2168
Santa Cruz,1995,10,6.99,0.46,4.77,-51.623,-69.2168
Santa Cruz,1995,11,9.64,0.46,5.84,-51.623,-69.2168
Santa Cruz,1995,12,12.33,1.19,5.44,-51.623,-69.2168
Santa Cruz,1996,1,10.64,1.06,5.48,-51.623,-69.2168
Santa Cruz,1996,2,10.61,1.56,5.36,-51.623,-69.2168
Santa Cruz,1996,3,9.25,1.72,5.22,-51.623,-69.2168
Santa Cruz,1996,4,6.22,2.01,4.64,-51.623,-69.2168
Santa Cruz,1996,5,5.19,1.21,5.35,-51.623,-69.2168
Santa Cruz,1996,6,1.95,0.57,4.75,-51.623,-69.2168
Santa Cruz,1996,7,1.4,0.27,4.25,-51.623,-69.2168
Santa Cruz,1996,8,2.3,0.8,4.67,-51.623,-69.2168
Santa Cruz,1996,9,5.53,0.38,4.19,-51.623,-69.2168
Santa Cruz,1996,10,7.0,0.8,4.17,-51.623,-69.2168
Santa Cruz,1996,11,9.23,0.72,5.67,-51.623,-69.2168
Santa Cruz,1996,12,10.97,1.4,5.38,-51.623,-69.2168
Santa Cruz,1997,1,12.0,0.77,5.51,-51.623,-69.2168
Santa Cruz,1997,2,10.27,1.14,5.14,-51.623,-69.2168
Santa Cruz,1997,3,10.32,0.51,4.84,-51.623,-69.2168
Santa Cruz,1997,4,6.65,1.06,5.05,-51.623,-69.2168
Santa Cruz,1997,5,2.61,1.15,3.38,-51.623,-69.2168
Santa Cruz,1997,6,1.47,1.58,3.87,-51.623,-69.2168
Santa Cruz,1997,7,0.01,1.39,4.82,-51.623,-69.2168
Santa Cruz,1997,8,1.86,0.75,5.32,-51.623,-69.2168
Santa Cruz,1997,9,3.47,1.2,4.64,-51.623,-69.2168
Santa Cruz,1997,10,6.46,0.88,4.33,-51.623,-69.2168
Santa Cruz,1997,11,9.22,0.81,4.24,-51.623,-69.2168
Santa Cruz,1997,12,10.14,1.65,5.26,-51.623,-69.2168
Santa Cruz,1998,1,11.41,1.17,5.93,-51.623,-69.2168
Santa Cruz,1998,2,12.81,1.8,4.57,-51.623,-69.2168
Santa Cruz,1998,3,10.84,0.8,4.82,-51.623,-69.2168
Santa Cruz,1998,4,7.82,0.66,3.43,-51.623,-69.2168
Santa Cruz,1998,5,4.69,2.85,3.29,-51.623,-69.2168
Santa Cruz,1998,6,2.04,0.5,3.94,-51.623,-69.2168
Santa Cruz,1998,7,3.46,0.7,6.32,-51.623,-69.2168
Santa Cruz,1998,8,3.43,0.58,6.23,-51.623,-69.2168
Santa Cruz,1998,9,4.41,0.84,4.8,-51.623,-69.2168
Santa Cruz,1998,10,7.51,0.36,6.06,-51.623,-69.2168
Santa Cruz,1998,11,10.01,1.01,6.04,-51.623,-69.2168
Santa Cruz,1998,12,11.06,1.14,5.74,-51.623,-69.2168
Santa Cruz,1999,1,12.23,1.45,5.61,-51.623,-69.2168
Santa Cruz,1999,2,11.56,0.85,6.51,-51.623,-69.2168
Santa Cruz,1999,3,9.52,0.94,4.49,-51.623,-69.2168
Santa Cruz,1999,4,7.9,0.61,5.15,-51.623,-69.2168
Santa Cruz,1999,5,4.21,0.86,5.37,-51.623,-69.2168
Santa Cruz,1999,6,0.72,0.44,3.72,-51.623,-69.2168
Santa Cruz,1999,7,1.14,0.66,4.44,-51.623,-69.2168
Santa Cruz,1999,8,2.23,1.33,4.1,-51.623,-69.2168
Santa Cruz,1999,9,3.88,1.28,4.94,-51.623,-69.2168
Santa Cruz,1999,10,8.29,0.43,4.96,-51.623,-69.2168
Santa Cruz,1999,11,11.24,0.32,4.49,-51.623,-69.2168
Santa Cruz,1999,12,11.0,0.38,6.17,-51.623,-69.2168
Santa Cruz,2000,1,11.94,0.92,6.4,-51.623,-69.2168
Santa Cruz,2000,2,11.02,2.04,4.5,-51.623,-69.2168
Santa Cruz,2000,3,9.39,2.54,4.47,-51.623,-69.2168
Santa Cruz,2000,4,6.91,1.35,4.46,-51.623,-69.2168
Santa Cruz,2000,5,4.16,1.1,3.86,-51.623,-69.2168
Santa Cruz,2000,6,0.96,1.36,4.17,-51.623,-69.2168
Santa Cruz,2000,7,0.15,0.9,4.3,-51.623,-69.2168
Santa Cruz,2000,8,1.65,0.74,5.02,-51.623,-69.2168
Santa Cruz,2000,9,1.78,0.91,4.18,-51.623,-69.2168
Santa Cruz,2000,10,6.45,0.84,4.96,-51.623,-69.2168
Santa Cruz,2000,11,8.89,0.88,5.67,-51.623,-69.2168
Santa Cruz,2000,12,9.41,1.47,6.19,-51.623,-69.2168
Santa Cruz,2001,1,11.2,1.55,5.29,-51.623,-69.2168
Santa Cruz,2001,2,10.61,1.44,5.95,-51.623,-69.2168
Santa Cruz,2001,3,8.29,0.38,5.67,-51.623,-69.2168
Santa Cruz,2001,4,6.69,1.23,5.64,-51.623,-69.2168
Santa Cruz,2001,5,3.31,1.48,4.29,-51.623,-69.2168
Santa Cruz,2001,6,1.69,0.58,4.49,-51.623,-69.2168
Santa Cruz,2001,7,-0.74,1.2,4.18,-51.623,-69.2168
Santa Cruz,2001,8,1.53,0.64,4.22,-51.623,-69.2168
Santa Cruz,2001,9,4.8,0.74,4.27,-51.623,-69.2168
Santa Cruz,2001,10,7.38,0.65,4.42,-51.623,-69.2168
Santa Cruz,2001,11,8.47,1.22,5.56,-51.623,-69.2168
Santa Cruz,2001,12,12.07,0.8,5.56,-51.623,-69.2168
Santa Cruz,2002,1,11.86,0.69,5.27,-51.623,-69.2168
Santa Cruz,2002,2,12.09,0.55,5.48,-51.623,-69.2168
Santa Cruz,2002,3,7.47,2.7,5.23,-51.623,-69.2168
Santa Cruz,2002,4,6.23,2.26,4.68,-51.623,-69.2168
Santa Cruz,2002,5,1.16,1.65,4.22,-51.623,-69.2168
Santa Cruz,2002,6,-0.86,1.2,4.64,-51.623,-69.2168
Santa Cruz,2002,7,0.2,1.11,3.88,-51.623,-69.2168
Santa Cruz,2002,8,1.44,1.46,3.86,-51.623,-69.2168
Santa Cruz,2002,9,4.67,1.11,4.19,-51.623,-69.2168
Santa Cruz,2002,10,5.9,1.59,4.33,-51.623,-69.2168
Santa Cruz,2002,11,8.3,1.18,4.77,-51.623,-69.2168
Santa Cruz,2002,12,11.75,0.8,4.88,-51.623,-69.2168
Santa Cruz,2003,1,10.85,1.22,5.98,-51.623,-69.2168
Santa Cruz,2003,2,11.27,2.19,5.18,-51.623,-69.2168
Santa Cruz,2003,3,10.05,1.66,5.22,-51.623,-69.2168
Santa Cruz,2003,4,7.06,0.76,4.32,-51.623,-69.2168
Santa Cruz,2003,5,5.08,1.34,4.82,-51.623,-69.2168
Santa Cruz,2003,6,1.22,1.46,4.38,-51.623,-69.2168
Santa Cruz,2003,7,2.7,1.76,5.18,-51.623,-69.2168
Santa Cruz,2003,8,3.16,0.73,4.43,-51.623,-69.2168
Santa Cruz,2003,9,4.67,0.62,4.29,-51.623,-69.2168
Santa Cruz,2003,10,6.77,0.83,5.0,-51.623,-69.2168
Santa Cruz,2003,11,8.37,1.48,5.31,-51.623,-69.2168
Santa Cruz,2003,12,10.14,2.2,4.7,-51.623,-69.2168
Santa Cruz,2004,1,12.68,0.64,5.75,-51.623,-69.2168
Santa Cruz,2004,2,14.41,1.45,4.38,-51.623,-69.2168
Santa Cruz,2004,3,10.84,0.49,4.47,-51.623,-69.2168
Santa Cruz,2004,4,7.31,0.94,4.59,-51.623,-69.2168
Santa Cruz,2004,5,4.54,0.35,4.04,-51.623,-69.2168
Santa Cruz,2004,6,3.14,2.08,4.26,-51.623,-69.2168
Santa Cruz,2004,7,0.6,0.95,4.67,-51.623,-69.2168
Santa Cruz,2004,8,2.24,1.56,4.6,-51.623,-69.2168
Santa Cruz,2004,9,4.89,0.4,5.51,-51.623,-69.2168
Santa Cruz,2004,10,7.3,0.34,4.27,-51.623,-69.2168
Santa Cruz,2004,11,10.39,1.48,4.64,-51.623,-69.2168
Santa Cruz,2004,12,12.24,1.08,4.53,-51.623,-69.2168
Santa Cruz,2005,1,11.36,1.06,6.05,-51.623,-69.2168
Santa Cruz,2005,2,14.01,0.2,5.05,-51.623,-69.2168
Santa Cruz,2005,3,9.03,2.66,5.15,-51.623,-69.2168
Santa Cruz,2005,4,6.57,1.06,5.36,-51.623,-69.2168
Santa Cruz,2005,5,2.81,0.98,4.12,-51.623,-69.2168
Santa Cruz,2005,6,0.22,0.75,3.64,-51.623,-69.2168
Santa Cruz,2005,7,0.8,0.87,3.75,-51.623,-69.2168
Santa Cruz,2005,8,1.67,0.94,3.95,-51.623,-69.2168
Santa Cruz,2005,9,5.54,0.28,4.06,-51.623,-69.2168
Santa Cruz,2005,10,7.01,1.24,4.19,-51.623,-69.2168
Santa Cruz,2005,11,9.62,1.38,4.36,-51.623,-69.2168
Santa Cruz,2005,12,10.88,1.48,5.24,-51.623,-69.2168
Santa Cruz,2006,1,12.92,2.08,5.05,-51.623,-69.2168
Santa Cruz,2006,2,11.89,0.94,5.08,-51.623,-69.2168
Santa Cruz,2006,3,10.05,0.88,5.46,-51.623,-69.2168
Santa Cruz,2006,4,6.67,1.0,4.99,-51.623,-69.2168
Santa Cruz,2006,5,5.06,0.34,4.61,-51.623,-69.2168
Santa Cruz,2006,6,1.02,1.1,3.93,-51.623,-69.2168
Santa Cruz,2006,7,1.16,1.32,4.29,-51.623,-69.2168
Santa Cruz,2006,8,2.2,1.15,4.54,-51.623,-69.2168
Santa Cruz,2006,9,4.51,1.37,5.0,-51.623,-69.2168
Santa Cruz,2006,10,7.89,0.52,5.05,-51.623,-69.2168
Santa Cruz,2006,11,9.63,0.53,5.52,-51.623,-69.2168
Santa Cruz,2006,12,11.02,0.77,5.32,-51.623,-69.2168
Santa Cruz,2007,1,12.41,1.11,5.32,-51.623,-69.2168
Santa Cruz,2007,2,10.69,0.96,6.39,-51.623,-69.2168
Santa Cruz,2007,3,10.23,1.2,5.47,-51.623,-69.2168
Santa Cruz,2007,4,7.28,1.37,5.37,-51.623,-69.2168
Santa Cruz,2007,5,3.08,1.67,4.74,-51.623,-69.2168
Santa Cruz,2007,6,1.61,1.18,4.6,-51.623,-69.2168
Santa Cruz,2007,7,0.51,0.43,4.16,-51.623,-69.2168
Santa Cruz,2007,8,2.48,0.69,5.03,-51.623,-69.2168
Santa Cruz,2007,9,5.5,1.1,3.62,-51.623,-69.2168
Santa Cruz,2007,10,7.05,0.76,5.11,-51.623,-69.2168
Santa Cruz,2007,11,8.52,1.0,5.54,-51.623,-69.2168
Santa Cruz,2007,12,11.65,1.33,5.42,-51.623,-69.2168
Santa Cruz,2008,1,13.23,0.76,5.06,-51.623,-69.2168
Santa Cruz,2008,2,13.88,1.25,5.01,-51.623,-69.2168
Santa Cruz,2008,3,11.54,1.64,4.37,-51.623,-69.2168
Santa Cruz,2008,4,6.5,1.64,6.21,-51.623,-69.2168
Santa Cruz,2008,5,3.03,1.02,4.36,-51.623,-69.2168
Santa Cruz,2008,6,1.48,0.78,4.12,-51.623,-69.2168
Santa Cruz,2008,7,0.67,1.04,4.28,-51.623,-69.2168
Santa Cruz,2008,8,0.74,1.93,4.31,-51.623,-69.2168
Santa Cruz,2008,9,5.45,0.28,3.12,-51.623,-69.2168
Santa Cruz,2008,10,7.86,0.43,5.41,-51.623,-69.2168
Santa Cruz,2008,11,10.15,1.06,5.5,-51.623,-69.2168
Santa Cruz,2008,12,12.82,0.71,6.08,-51.623,-69.2168
Santa Cruz,2009,1,12.6,1.2,5.74,-51.623,-69.2168
Santa Cruz,2009,2,11.48,2.05,5.28,-51.623,-69.2168
Santa Cruz,2009,3,10.39,0.83,5.53,-51.623,-69.2168
Santa Cruz,2009,4,7.04,2.22,5.33,-51.623,-69.2168
Santa Cruz,2009,5,3.53,1.23,5.03,-51.623,-69.2168
Santa Cruz,2009,6,2.62,0.8,5.38,-51.623,-69.2168
Santa Cruz,2009,7,1.54,1.02,5.05,-51.623,-69.2168
Santa Cruz,2009,8,2.22,1.84,4.58,-51.623,-69.2168
Santa Cruz,2009,9,4.6,0.91,4.63,-51.623,-69.2168
Santa Cruz,2009,10,5.96,0.26,6.21,-51.623,-69.2168
Santa Cruz,2009,11,6.51,1.02,5.15,-51.623,-69.2168
Santa Cruz,2009,12,11.03,0.3,4.88,-51.623,-69.2168
Santa Cruz,2010,1,11.57,1.13,6.28,-51.623,-69.2168
Santa Cruz,2010,2,9.44,1.66,6.05,-51.623,-69.2168
Santa Cruz,2010,3,10.11,0.88,5.0,-51.623,-69.2168
Santa Cruz,2010,4,7.11,0.42,4.62,-51.623,-69.2168
Santa Cruz,2010,5,4.18,0.72,4.76,-51.623,-69.2168
Santa Cruz,2010,6,0.98,0.77,4.78,-51.623,-69.2168
Santa Cruz,2010,7,0.6,0.64,4.06,-51.623,-69.2168
Santa Cruz,2010,8,1.63,0.8,4.55,-51.623,-69.2168
Santa Cruz,2010,9,4.65,0.65,4.55,-51.623,-69.2168
Santa Cruz,2010,10,7.82,0.89,4.51,-51.623,-69.2168
Santa Cruz,2010,11,9.59,0.79,5.32,-51.623,-69.2168
Santa Cruz,2010,12,9.91,0.56,6.54,-51.623,-69.2168
Santa Cruz,2011,1,12.57,1.13,5.04,-51.623,-69.2168
Santa Cruz,2011,2,13.09,1.2,4.36,-51.623,-69.2168
Santa Cruz,2011,3,9.98,0.7,5.08,-51.623,-69.2168
Santa Cruz,2011,4,6.7,1.65,5.68,-51.623,-69.2168
Santa Cruz,2011,5,4.36,1.0,5.08,-51.623,-69.2168
Santa Cruz,2011,6,1.1,0.97,4.18,-51.623,-69.2168
Santa Cruz,2011,7,0.82,1.72,4.02,-51.623,-69.2168
Santa Cruz,2011,8,1.54,0.95,3.81,-51.623,-69.2168
Santa Cruz,2011,9,4.28,0.79,4.58,-51.623,-69.2168
Santa Cruz,2011,10,7.59,0.55,4.57,-51.623,-69.2168
Santa Cruz,2011,11,10.23,0.57,4.73,-51.623,-69.2168
Santa Cruz,2011,12,13.67,0.53,4.89,-51.623,-69.2168
Santa Cruz,2012,1,13.79,1.11,5.26,-51.623,-69.2168
Santa Cruz,2012,2,10.05,0.57,5.35,-51.623,-69.2168
Santa Cruz,2012,3,10.51,2.07,5.49,-51.623,-69.2168
Santa Cruz,2012,4,6.28,0.77,5.48,-51.623,-69.2168
Santa Cruz,2012,5,3.36,1.06,4.89,-51.623,-69.2168
Santa Cruz,2012,6,0.87,0.75,5.71,-51.623,-69.2168
Santa Cruz,2012,7,0.8,0.94,5.48,-51.623,-69.2168
Santa Cruz,2012,8,3.25,0.31,4.43,-51.623,-69.2168
Santa Cruz,2012,9,5.6,1.76,4.88,-51.623,-69.2168
Santa Cruz,2012,10,7.05,1.26,5.45,-51.623,-69.2168
Santa Cruz,2012,11,10.18,0.45,5.38,-51.623,-69.2168
Santa Cruz,2012,12,9.89,2.99,4.62,-51.623,-69.2168
Santa Cruz,2013,1,14.13,0.72,5.44,-51.623,-69.2168
Santa Cruz,2013,2,12.13,0.95,5.25,-51.623,-69.2168
Santa Cruz,2013,3,10.44,1.2,4.04,-51.623,-69.2168
Santa Cruz,2013,4,9.07,0.98,4.36,-51.623,-69.2168
Santa Cruz,2013,5,4.45,1.29,4.83,-51.623,-69.2168
Santa Cruz,2013,6,3.01,1.43,5.57,-51.623,-69.2168
Santa Cruz,2013,7,2.14,0.62,5.51,-51.623,-69.2168
Santa Cruz,2013,8,1.51,0.38,4.92,-51.623,-69.2168
Santa Cruz,2013,9,3.94,0.51,3.95,-51.623,-69.2168
Santa Cruz,2013,10,7.67,0.41,5.4,-51.623,-69.2168
Santa Cruz,2013,11,8.75,1.01,6.24,-51.623,-69.2168
Santa Cruz,2013,12,10.03,3.77,6.27,-51.623,-69.2168
Santa Cruz,2014,1,10.04,1.21,6.09,-51.623,-69.2168
Santa Cruz,2014,2,11.59,1.69,4.8,-51.623,-69.2168
Santa Cruz,2014,3,8.94,0.88,6.25,-51.623,-69.2168
Santa Cruz,2014,4,7.15,0.81,4.01,-51.623,-69.2168
Santa Cruz,2014,5,3.55,0.76,4.43,-51.623,-69.2168
Santa Cruz,2014,6,1.11,1.6,4.07,-51.623,-69.2168
Santa Cruz,2014,7,0.77,0.68,4.55,-51.623,-69.2168
Santa Cruz,2014,8,2.96,1.76,4.14,-51.623,-69.2168
Santa Cruz,2014,9,4.45,0.8,4.43,-51.623,-69.2168
Santa Cruz,2014,10,7.11,0.67,4.86,-51.623,-69.2168
Santa Cruz,2014,11,9.16,0.78,6.06,-51.623,-69.2168
Santa Cruz,2014,12,10.6,1.71,6.26,-51.623,-69.2168
Santa Cruz,2015,1,11.68,1.09,4.85,-51.623,-69.2168
Santa Cruz,2015,2,11.46,0.66,5.96,-51.623,-69.2168
Santa Cruz,2015,3,10.62,0.68,5.58,-51.623,-69.2168
Santa Cruz,2015,4,6.91,0.93,4.78,-51.623,-69.2168
Santa Cruz,2015,5,4.33,1.21,4.61,-51.623,-69.2168
Santa Cruz,2015,6,1.65,1.84,5.12,-51.623,-69.2168
Santa Cruz,2015,7,0.86,1.32,4.45,-51.623,-69.2168
Santa Cruz,2015,8,1.69,0.77,4.73,-51.623,-69.2168
Santa Cruz,2015,9,3.64,0.43,5.88,-51.623,-69.2168
Santa Cruz,2015,10,6.93,0.42,4.42,-51.623,-69.2168
Santa Cruz,2015,11,9.37,0.55,5.34,-51.623,-69.2168
Santa Cruz,2015,12,10.61,0.77,4.54,-51.623,-69.2168
Santa Cruz,2016,1,13.04,0.38,5.52,-51.623,-69.2168
Santa Cruz,2016,2,12.21,1.52,5.5,-51.623,-69.2168
Santa Cruz,2016,3,11.5,0.65,5.34,-51.623,-69.2168
Santa Cruz,2016,4,5.73,0.3,4.62,-51.623,-69.2168
Santa Cruz,2016,5,3.14,0.11,2.93,-51.623,-69.2168
Santa Cruz,2016,6,3.41,0.73,4.25,-51.623,-69.2168
Santa Cruz,2016,7,1.94,0.88,4.01,-51.623,-69.2168
Santa Cruz,2016,8,2.11,1.06,3.93,-51.623,-69.2168
Santa Cruz,2016,9,5.64,0.2,3.65,-51.623,-69.2168
Santa Cruz,2016,10,8.62,0.5,4.42,-51.623,-69.2168
Santa Cruz,2016,11,10.7,0.76,6.21,-51.623,-69.2168
Santa Cruz,2016,12,11.6,1.92,5.45,-51.623,-69.2168
Santa Cruz,2017,1,11.62,0.72,5.98,-51.623,-69.2168
Santa Cruz,2017,2,12.36,3.18,4.65,-51.623,-69.2168
Santa Cruz,2017,3,9.91,1.89,4.03,-51.623,-69.2168
Santa Cruz,2017,4,6.77,0.77,4.23,-51.623,-69.2168
Santa Cruz,2017,5,4.15,1.97,4.09,-51.623,-69.2168
Santa Cruz,2017,6,0.37,0.77,4.58,-51.623,-69.2168
Santa Cruz,2017,7,1.89,0.65,4.76,-51.623,-69.2168
Santa Cruz,2017,8,3.32,1.32,4.99,-51.623,-69.2168
Santa Cruz,2017,9,5.27,0.69,5.47,-51.623,-69.2168
Santa Cruz,2017,10,7.22,2.19,5.07,-51.623,-69.2168
Santa Cruz,2017,11,9.6,1.51,5.65,-51.623,-69.2168
Santa Cruz,2017,12,10.74,1.44,5.84,-51.623,-69.2168
Santa Cruz,2018,1,12.83,2.0,5.42,-51.623,-69.2168
Santa Cruz,2018,2,13.37,0.56,5.0,-51.623,-69.2168
Santa Cruz,2018,3,9.37,0.85,5.14,-51.623,-69.2168
Santa Cruz,2018,4,6.3,3.12,4.68,-51.623,-69.2168
Santa Cruz,2018,5,3.84,1.67,3.88,-51.623,-69.2168
Santa Cruz,2018,6,0.81,1.08,4.32,-51.623,-69.2168
Santa Cruz,2018,7,-0.19,0.41,3.65,-51.623,-69.2168
Santa Cruz,2018,8,2.41,0.59,4.4,-51.623,-69.2168
Santa Cruz,2018,9,3.63,1.26,3.81,-51.623,-69.2168
Santa Cruz,2018,10,6.6,0.53,4.31,-51.623,-69.2168
Santa Cruz,2018,11,9.99,0.45,5.33,-51.623,-69.2168
Santa Cruz,2018,12,12.73,0.83,5.34,-51.623,-69.2168
Santa Cruz,2019,1,11.18,1.01,6.23,-51.623,-69.2168
Santa Cruz,2019,2,11.42,1.96,6.11,-51.623,-69.2168
Santa Cruz,2019,3,10.49,2.27,4.59,-51.623,-69.2168
Santa Cruz,2019,4,7.4,1.79,5.41,-51.623,-69.2168
Santa Cruz,2019,5,4.42,1.56,4.3,-51.623,-69.2168
Santa Cruz,2019,6,1.71,0.94,4.06,-51.623,-69.2168
Santa Cruz,2019,7,1.72,1.35,3.61,-51.623,-69.2168
Santa Cruz,2019,8,1.94,0.51,4.89,-51.623,-69.2168
Santa Cruz,2019,9,4.37,1.03,4.67,-51.623,-69.2168
Santa Cruz,2019,10,7.16,0.57,4.84,-51.623,-69.2168
Santa Cruz,2019,11,9.17,2.06,4.86,-51.623,-69.2168
Santa Cruz,2019,12,11.76,1.66,5.27,-51.623,-69.2168
Santa Cruz,2020,1,11.99,3.23,5.46,-51.623,-69.2168
Santa Cruz,2020,2,12.52,0.64,5.82,-51.623,-69.2168
Santa Cruz,2020,3,11.4,1.1,4.52,-51.623,-69.2168
Santa Cruz,2020,4,8.0,0.43,4.25,-51.623,-69.2168
Santa Cruz,2020,5,4.73,2.49,3.59,-51.623,-69.2168
Santa Cruz,2020,6,0.85,0.96,3.88,-51.623,-69.2168
Santa Cruz,2020,7,-1.14,1.08,3.47,-51.623,-69.2168
Santa Cruz,2020,8,1.41,0.65,5.35,-51.623,-69.2168
Santa Cruz,2020,9,4.64,2.52,5.13,-51.623,-69.2168
Santa Cruz,2020,10,7.39,2.85,4.97,-51.623,-69.2168
Santa Cruz,2020,11,10.84,1.62,5.16,-51.623,-69.2168
Santa Cruz,2020,12,11.33,1.07,5.5,-51.623,-69.2168
Santa Cruz,2021,1,11.94,1.14,5.07,-51.623,-69.2168
Santa Cruz,2021,2,13.59,0.64,4.91,-51.623,-69.2168
Santa Cruz,2021,3,10.76,0.28,5.28,-51.623,-69.2168
Santa Cruz,2021,4,8.29,0.5,4.05,-51.623,-69.2168
Santa Cruz,2021,5,4.21,0.79,3.91,-51.623,-69.2168
Santa Cruz,2021,6,1.18,0.64,3.57,-51.623,-69.2168
Santa Cruz,2021,7,2.42,0.89,4.88,-51.623,-69.2168
Santa Cruz,2021,8,3.43,0.99,4.28,-51.623,-69.2168
Santa Cruz,2021,9,5.75,0.43,3.86,-51.623,-69.2168
Santa Cruz,2021,10,7.66,0.44,5.71,-51.623,-69.2168
Santa Cruz,2021,11,10.6,0.54,5.09,-51.623,-69.2168
Santa Cruz,2021,12,12.75,0.6,5.57,-51.623,-69.2168
Santa Cruz,2022,1,12.04,1.29,5.66,-51.623,-69.2168
Santa Cruz,2022,2,12.39,1.0,5.25,-51.623,-69.2168
Santa Cruz,2022,3,9.28,1.53,5.32,-51.623,-69.2168
Santa Cruz,2022,4,6.41,1.07,4.09,-51.623,-69.2168
Santa Cruz,2022,5,4.36,0.66,4.61,-51.623,-69.2168
Santa Cruz,2022,6,1.72,0.52,4.54,-51.623,-69.2168
Santa Cruz,2022,7,-0.94,0.77,4.26,-51.623,-69.2168
Santa Cruz,2022,8,2.27,0.65,3.97,-51.623,-69.2168
Santa Cruz,2022,9,4.89,0.45,4.37,-51.623,-69.2168
Santa Cruz,2022,10,8.1,0.31,5.54,-51.623,-69.2168
Santa Cruz,2022,11,12.41,0.21,4.77,-51.623,-69.2168
Santa Cruz,2022,12,12.11,1.23,5.63,-51.623,-69.2168
Santa Cruz,2023,1,14.46,0.5,5.47,-51.623,-69.2168
Santa Cruz,2023,2,12.25,0.92,5.99,-51.623,-69.2168
Santa Cruz,2023,3,8.82,0.35,5.91,-51.623,-69.2168
Santa Cruz,2023,4,6.48,1.13,5.03,-51.623,-69.2168
Santa Cruz,2023,5,4.9,0.76,4.79,-51.623,-69.2168
Santa Cruz,2023,6,1.88,1.11,4.2,-51.623,-69.2168
Santa Cruz,2023,7,-0.89,1.24,3.64,-51.623,-69.2168
Santa Cruz,2023,8,1.84,0.56,4.75,-51.623,-69.2168
Santa Cruz,2023,9,3.3,0.53,3.96,-51.623,-69.2168
Santa Cruz,2023,10,7.47,0.38,5.8,-51.623,-69.2168
Santa Cruz,2023,11,8.68,1.0,5.15,-51.623,-69.2168
Santa Cruz,2023,12,11.45,0.75,5.66,-51.623,-69.2168
Santa Fe,1981,1,25.52,8.16,2.94,-31.6333,-60.7
Santa Fe,1981,2,24.68,7.89,2.81,-31.6333,-60.7
Santa Fe,1981,3,23.37,1.4,2.45,-31.6333,-60.7
Santa Fe,1981,4,19.97,7.36,2.08,-31.6333,-60.7
Santa Fe,1981,5,18.77,5.33,2.9,-31.6333,-60.7
Santa Fe,1981,6,10.56,0.14,2.34,-31.6333,-60.7
Santa Fe,1981,7,11.91,1.26,2.76,-31.6333,-60.7
Santa Fe,1981,8,15.22,0.73,2.78,-31.6333,-60.7
Santa Fe,1981,9,14.77,0.43,3.46,-31.6333,-60.7
Santa Fe,1981,10,19.56,3.38,2.94,-31.6333,-60.7
Santa Fe,1981,11,22.56,3.66,2.74,-31.6333,-60.7
Santa Fe,1981,12,25.26,4.43,2.57,-31.6333,-60.7
Santa Fe,1982,1,26.59,2.64,2.66,-31.6333,-60.7
Santa Fe,1982,2,24.52,3.58,2.51,-31.6333,-60.7
Santa Fe,1982,3,24.16,2.23,2.54,-31.6333,-60.7
Santa Fe,1982,4,20.51,2.82,2.14,-31.6333,-60.7
Santa Fe,1982,5,16.71,1.25,2.56,-31.6333,-60.7
Santa Fe,1982,6,12.81,2.84,2.49,-31.6333,-60.7
Santa Fe,1982,7,13.0,0.34,2.73,-31.6333,-60.7
Santa Fe,1982,8,14.98,0.21,3.2,-31.6333,-60.7
Santa Fe,1982,9,17.89,5.66,3.59,-31.6333,-60.7
Santa Fe,1982,10,19.6,2.43,2.96,-31.6333,-60.7
Santa Fe,1982,11,22.23,3.66,3.01,-31.6333,-60.7
Santa Fe,1982,12,26.37,1.5,2.77,-31.6333,-60.7
Santa Fe,1983,1,28.24,3.52,2.61,-31.6333,-60.7
Santa Fe,1983,2,24.89,8.65,2.65,-31.6333,-60.7
Santa Fe,1983,3,22.25,3.52,2.72,-31.6333,-60.7
Santa Fe,1983,4,18.92,1.83,2.41,-31.6333,-60.7
Santa Fe,1983,5,15.13,4.23,2.29,-31.6333,-60.7
Santa Fe,1983,6,9.58,1.28,2.39,-31.6333,-60.7
Santa Fe,1983,7,9.7,0.38,2.41,-31.6333,-60.7
Santa Fe,1983,8,12.41,1.64,2.67,-31.6333,-60.7
Santa Fe,1983,9,14.34,1.62,2.76,-31.6333,-60.7
Santa Fe,1983,10,20.76,3.39,3.2,-31.6333,-60.7
Santa Fe,1983,11,22.7,3.82,2.79,-31.6333,-60.7
Santa Fe,1983,12,27.57,2.41,2.9,-31.6333,-60.7
Santa Fe,1984,1,27.66,4.36,2.38,-31.6333,-60.7
Santa Fe,1984,2,25.81,11.46,2.57,-31.6333,-60.7
Santa Fe,1984,3,22.1,6.12,2.65,-31.6333,-60.7
Santa Fe,1984,4,17.6,1.5,2.73,-31.6333,-60.7
Santa Fe,1984,5,15.24,0.94,2.79,-31.6333,-60.7
Santa Fe,1984,6,9.87,0.54,2.5,-31.6333,-60.7
Santa Fe,1984,7,10.93,0.51,2.76,-31.6333,-60.7
Santa Fe,1984,8,11.4,0.58,2.45,-31.6333,-60.7
Santa Fe,1984,9,16.01,4.53,3.09,-31.6333,-60.7
Santa Fe,1984,10,20.3,6.64,3.09,-31.6333,-60.7
Santa Fe,1984,11,22.12,2.88,2.82,-31.6333,-60.7
Santa Fe,1984,12,23.28,2.78,2.56,-31.6333,-60.7
Santa Fe,1985,1,27.59,1.38,2.7,-31.6333,-60.7
Santa Fe,1985,2,25.39,4.7,2.32,-31.6333,-60.7
Santa Fe,1985,3,23.91,4.16,2.39,-31.6333,-60.7
Santa Fe,1985,4,18.24,4.62,2.53,-31.6333,-60.7
Santa Fe,1985,5,16.69,0.56,2.43,-31.6333,-60.7
Santa Fe,1985,6,13.74,1.69,2.46,-31.6333,-60.7
Santa Fe,1985,7,12.47,2.47,3.02,-31.6333,-60.7
Santa Fe,1985,8,13.36,1.15,2.63,-31.6333,-60.7
Santa Fe,1985,9,15.83,3.48,2.9,-31.6333,-60.7
Santa Fe,1985,10,19.96,4.2,2.93,-31.6333,-60.7
Santa Fe,1985,11,24.09,1.56,3.06,-31.6333,-60.7
Santa Fe,1985,12,26.62,3.43,2.71,-31.6333,-60.7
Santa Fe,1986,1,27.68,5.15,2.77,-31.6333,-60.7
Santa Fe,1986,2,25.57,1.85,2.54,-31.6333,-60.7
Santa Fe,1986,3,22.56,4.17,2.52,-31.6333,-60.7
Santa Fe,1986,4,20.31,7.14,2.61,-31.6333,-60.7
Santa Fe,1986,5,15.74,2.29,2.69,-31.6333,-60.7
Santa Fe,1986,6,14.88,1.95,2.81,-31.6333,-60.7
Santa Fe,1986,7,13.04,0.73,2.87,-31.6333,-60.7
Santa Fe,1986,8,14.53,1.79,2.65,-31.6333,-60.7
Santa Fe,1986,9,16.69,1.89,3.51,-31.6333,-60.7
Santa Fe,1986,10,19.83,3.41,2.87,-31.6333,-60.7
Santa Fe,1986,11,22.51,7.26,3.36,-31.6333,-60.7
Santa Fe,1986,12,25.39,3.75,2.69,-31.6333,-60.7
Santa Fe,1987,1,27.94,2.62,2.53,-31.6333,-60.7
Santa Fe,1987,2,26.67,3.38,2.92,-31.6333,-60.7
Santa Fe,1987,3,24.16,8.11,2.62,-31.6333,-60.7
Santa Fe,1987,4,19.88,3.21,2.34,-31.6333,-60.7
Santa Fe,1987,5,12.26,3.51,2.64,-31.6333,-60.7
Santa Fe,1987,6,11.81,0.03,2.45,-31.6333,-60.7
Santa Fe,1987,7,14.42,1.16,2.74,-31.6333,-60.7
Santa Fe,1987,8,12.76,0.72,2.92,-31.6333,-60.7
Santa Fe,1987,9,15.24,0.83,2.88,-31.6333,-60.7
Santa Fe,1987,10,20.3,2.48,2.92,-31.6333,-60.7
Santa Fe,1987,11,22.94,3.76,2.95,-31.6333,-60.7
Santa Fe,1987,12,24.27,4.21,2.89,-31.6333,-60.7
Santa Fe,1988,1,25.89,6.27,2.4,-31.6333,-60.7
Santa Fe,1988,2,25.55,2.17,2.28,-31.6333,-60.7
Santa Fe,1988,3,25.8,5.28,2.73,-31.6333,-60.7
Santa Fe,1988,4,18.32,0.87,2.59,-31.6333,-60.7
Santa Fe,1988,5,12.61,0.1,2.04,-31.6333,-60.7
Santa Fe,1988,6,10.74,0.23,2.22,-31.6333,-60.7
Santa Fe,1988,7,9.99,2.04,2.92,-31.6333,-60.7
Santa Fe,1988,8,14.09,0.8,2.84,-31.6333,-60.7
Santa Fe,1988,9,15.56,2.27,2.78,-31.6333,-60.7
Santa Fe,1988,10,19.53,2.46,3.22,-31.6333,-60.7
Santa Fe,1988,11,24.81,1.65,3.24,-31.6333,-60.7
Santa Fe,1988,12,27.71,3.85,2.49,-31.6333,-60.7
Santa Fe,1989,1,30.19,1.13,2.6,-31.6333,-60.7
Santa Fe,1989,2,28.9,2.38,2.38,-31.6333,-60.7
Santa Fe,1989,3,22.56,4.46,2.29,-31.6333,-60.7
Santa Fe,1989,4,19.85,3.02,2.36,-31.6333,-60.7
Santa Fe,1989,5,15.57,1.27,2.53,-31.6333,-60.7
Santa Fe,1989,6,14.28,1.02,2.21,-31.6333,-60.7
Santa Fe,1989,7,11.47,0.15,2.7,-31.6333,-60.7
Santa Fe,1989,8,15.29,1.81,3.44,-31.6333,-60.7
Santa Fe,1989,9,15.61,0.3,3.02,-31.6333,-60.7
Santa Fe,1989,10,19.86,3.0,3.12,-31.6333,-60.7
Santa Fe,1989,11,22.63,4.17,2.7,-31.6333,-60.7
Santa Fe,1989,12,27.6,5.07,2.49,-31.6333,-60.7
Santa Fe,1990,1,28.36,6.76,2.77,-31.6333,-60.7
Santa Fe,1990,2,24.78,7.41,2.37,-31.6333,-60.7
Santa Fe,1990,3,22.1,6.61,2.75,-31.6333,-60.7
Santa Fe,1990,4,19.15,3.29,2.32,-31.6333,-60.7
Santa Fe,1990,5,14.3,0.36,2.57,-31.6333,-60.7
Santa Fe,1990,6,10.65,0.29,2.4,-31.6333,-60.7
Santa Fe,1990,7,10.48,1.4,2.5,-31.6333,-60.7
Santa Fe,1990,8,16.5,0.4,3.04,-31.6333,-60.7
Santa Fe,1990,9,15.64,0.54,3.03,-31.6333,-60.7
Santa Fe,1990,10,21.82,3.81,2.94,-31.6333,-60.7
Santa Fe,1990,11,23.95,5.29,3.12,-31.6333,-60.7
Santa Fe,1990,12,23.9,9.08,3.31,-31.6333,-60.7
Santa Fe,1991,1,25.78,6.03,3.0,-31.6333,-60.7
Santa Fe,1991,2,26.71,0.61,2.57,-31.6333,-60.7
Santa Fe,1991,3,26.35,1.54,2.31,-31.6333,-60.7
Santa Fe,1991,4,20.64,5.38,2.31,-31.6333,-60.7
Santa Fe,1991,5,17.8,2.59,2.55,-31.6333,-60.7
Santa Fe,1991,6,12.92,4.61,2.31,-31.6333,-60.7
Santa Fe,1991,7,10.89,1.69,2.64,-31.6333,-60.7
Santa Fe,1991,8,14.26,1.78,2.92,-31.6333,-60.7
Santa Fe,1991,9,17.36,1.29,3.23,-31.6333,-60.7
Santa Fe,1991,10,18.77,2.87,3.26,-31.6333,-60.7
Santa Fe,1991,11,21.88,2.45,2.86,-31.6333,-60.7
Santa Fe,1991,12,24.14,8.54,2.49,-31.6333,-60.7
Santa Fe,1992,1,26.06,2.58,2.66,-31.6333,-60.7
Santa Fe,1992,2,26.09,3.41,2.85,-31.6333,-60.7
Santa Fe,1992,3,24.09,5.23,2.72,-31.6333,-60.7
Santa Fe,1992,4,18.15,3.07,2.56,-31.6333,-60.7
Santa Fe,1992,5,15.1,1.61,2.55,-31.6333,-60.7
Santa Fe,1992,6,14.71,0.65,2.73,-31.6333,-60.7
Santa Fe,1992,7,8.82,1.3,2.84,-31.6333,-60.7
Santa Fe,1992,8,13.03,1.95,2.69,-31.6333,-60.7
Santa Fe,1992,9,15.49,1.83,2.93,-31.6333,-60.7
Santa Fe,1992,10,19.47,3.67,3.03,-31.6333,-60.7
Santa Fe,1992,11,21.15,4.98,3.01,-31.6333,-60.7
Santa Fe,1992,12,24.41,8.97,2.84,-31.6333,-60.7
Santa Fe,1993,1,27.16,2.73,2.54,-31.6333,-60.7
Santa Fe,1993,2,24.86,1.87,2.66,-31.6333,-60.7
Santa Fe,1993,3,24.94,1.65,2.28,-31.6333,-60.7
Santa Fe,1993,4,20.12,5.39,2.76,-31.6333,-60.7
Santa Fe,1993,5,14.42,1.77,2.82,-31.6333,-60.7
Santa Fe,1993,6,11.52,1.2,2.54,-31.6333,-60.7
Santa Fe,1993,7,10.18,0.31,2.91,-31.6333,-60.7
Santa Fe,1993,8,13.12,0.69,2.65,-31.6333,-60.7
Santa Fe,1993,9,15.41,0.42,2.86,-31.6333,-60.7
Santa Fe,1993,10,20.41,10.5,3.04,-31.6333,-60.7
Santa Fe,1993,11,21.42,5.98,3.46,-31.6333,-60.7
Santa Fe,1993,12,24.65,3.72,3.01,-31.6333,-60.7
Santa Fe,1994,1,27.05,1.65,2.6,-31.6333,-60.7
Santa Fe,1994,2,25.41,2.27,2.38,-31.6333,-60.7
Santa Fe,1994,3,22.9,3.47,2.75,-31.6333,-60.7
Santa Fe,1994,4,19.09,3.41,2.55,-31.6333,-60.7
Santa Fe,1994,5,17.55,2.1,2.43,-31.6333,-60.7
Santa Fe,1994,6,14.04,0.95,2.64,-31.6333,-60.7
Santa Fe,1994,7,11.73,0.28,2.64,-31.6333,-60.7
Santa Fe,1994,8,13.42,0.64,2.91,-31.6333,-60.7
Santa Fe,1994,9,18.34,0.32,3.37,-31.6333,-60.7
Santa Fe,1994,10,20.19,4.38,3.03,-31.6333,-60.7
Santa Fe,1994,11,22.02,6.13,2.8,-31.6333,-60.7
Santa Fe,1994,12,27.84,3.57,2.8,-31.6333,-60.7
Santa Fe,1995,1,26.49,3.78,2.54,-31.6333,-60.7
Santa Fe,1995,2,24.61,3.36,2.7,-31.6333,-60.7
Santa Fe,1995,3,23.26,5.27,2.39,-31.6333,-60.7
Santa Fe,1995,4,18.85,5.04,2.78,-31.6333,-60.7
Santa Fe,1995,5,14.9,0.73,2.04,-31.6333,-60.7
Santa Fe,1995,6,12.13,0.28,2.69,-31.6333,-60.7
Santa Fe,1995,7,11.19,0.11,2.59,-31.6333,-60.7
Santa Fe,1995,8,13.43,0.01,2.48,-31.6333,-60.7
Santa Fe,1995,9,17.16,1.01,3.29,-31.6333,-60.7
Santa Fe,1995,10,18.83,5.35,2.78,-31.6333,-60.7
Santa Fe,1995,11,23.53,5.76,2.87,-31.6333,-60.7
Santa Fe,1995,12,28.13,0.77,2.65,-31.6333,-60.7
Santa Fe,1996,1,26.83,3.18,2.49,-31.6333,-60.7
Santa Fe,1996,2,25.11,6.27,2.67,-31.6333,-60.7
Santa Fe,1996,3,23.56,4.66,2.19,-31.6333,-60.7
Santa Fe,1996,4,19.36,2.77,2.73,-31.6333,-60.7
Santa Fe,1996,5,15.45,1.23,2.12,-31.6333,-60.7
Santa Fe,1996,6,10.14,0.55,2.58,-31.6333,-60.7
Santa Fe,1996,7,9.5,0.02,2.24,-31.6333,-60.7
Santa Fe,1996,8,15.65,0.17,2.73,-31.6333,-60.7
Santa Fe,1996,9,16.16,1.31,3.14,-31.6333,-60.7
Santa Fe,1996,10,20.6,2.69,2.7,-31.6333,-60.7
Santa Fe,1996,11,22.86,5.25,2.78,-31.6333,-60.7
Santa Fe,1996,12,26.05,2.66,2.5,-31.6333,-60.7
Santa Fe,1997,1,29.47,2.36,2.39,-31.6333,-60.7
Santa Fe,1997,2,24.79,3.8,2.85,-31.6333,-60.7
Santa Fe,1997,3,24.8,0.88,2.11,-31.6333,-60.7
Santa Fe,1997,4,20.65,1.2,2.26,-31.6333,-60.7
Santa Fe,1997,5,17.45,1.22,2.54,-31.6333,-60.7
Santa Fe,1997,6,12.29,2.01,2.6,-31.6333,-60.7
Santa Fe,1997,7,14.14,1.09,2.99,-31.6333,-60.7
Santa Fe,1997,8,14.8,1.42,2.98,-31.6333,-60.7
Santa Fe,1997,9,17.63,0.91,2.8,-31.6333,-60.7
Santa Fe,1997,10,20.52,3.78,3.05,-31.6333,-60.7
Santa Fe,1997,11,22.99,3.89,3.03,-31.6333,-60.7
Santa Fe,1997,12,24.97,8.12,3.11,-31.6333,-60.7
Santa Fe,1998,1,24.91,8.28,2.74,-31.6333,-60.7
Santa Fe,1998,2,23.42,2.95,2.76,-31.6333,-60.7
Santa Fe,1998,3,20.92,8.51,2.47,-31.6333,-60.7
Santa Fe,1998,4,18.17,2.15,2.87,-31.6333,-60.7
Santa Fe,1998,5,15.9,1.17,2.36,-31.6333,-60.7
Santa Fe,1998,6,12.11,0.89,2.39,-31.6333,-60.7
Santa Fe,1998,7,13.16,1.63,2.25,-31.6333,-60.7
Santa Fe,1998,8,13.34,0.76,2.33,-31.6333,-60.7
Santa Fe,1998,9,14.99,2.44,2.99,-31.6333,-60.7
Santa Fe,1998,10,20.85,1.49,2.71,-31.6333,-60.7
Santa Fe,1998,11,23.24,3.98,2.7,-31.6333,-60.7
Santa Fe,1998,12,25.46,2.82,2.85,-31.6333,-60.7
Santa Fe,1999,1,25.92,2.38,2.6,-31.6333,-60.7
Santa Fe,1999,2,26.41,2.92,2.41,-31.6333,-60.7
Santa Fe,1999,3,25.28,6.73,2.54,-31.6333,-60.7
Santa Fe,1999,4,17.51,8.16,2.76,-31.6333,-60.7
Santa Fe,1999,5,14.35,0.59,2.15,-31.6333,-60.7
Santa Fe,1999,6,11.18,1.85,2.41,-31.6333,-60.7
Santa Fe,1999,7,10.41,1.65,2.56,-31.6333,-60.7
Santa Fe,1999,8,13.72,0.25,3.23,-31.6333,-60.7
Santa Fe,1999,9,18.01,1.09,2.96,-31.6333,-60.7
Santa Fe,1999,10,20.74,1.51,2.96,-31.6333,-60.7
Santa Fe,1999,11,23.37,0.75,2.88,-31.6333,-60.7
Santa Fe,1999,12,25.41,3.25,2.68,-31.6333,-60.7
Santa Fe,2000,1,28.05,2.42,2.12,-31.6333,-60.7
Santa Fe,2000,2,25.32,6.35,2.33,-31.6333,-60.7
Santa Fe,2000,3,22.13,3.39,2.47,-31.6333,-60.7
Santa Fe,2000,4,19.21,14.81,2.51,-31.6333,-60.7
Santa Fe,2000,5,14.3,5.29,2.75,-31.6333,-60.7
Santa Fe,2000,6,12.59,0.34,2.67,-31.6333,-60.7
Santa Fe,2000,7,7.92,1.39,2.98,-31.6333,-60.7
Santa Fe,2000,8,12.69,2.48,2.6,-31.6333,-60.7
Santa Fe,2000,9,15.32,2.28,2.84,-31.6333,-60.7
Santa Fe,2000,10,19.04,6.12,3.25,-31.6333,-60.7
Santa Fe,2000,11,20.05,8.25,2.72,-31.6333,-60.7
Santa Fe,2000,12,23.97,3.22,2.32,-31.6333,-60.7
Santa Fe,2001,1,25.96,4.38,2.27,-31.6333,-60.7
Santa Fe,2001,2,26.82,3.14,2.63,-31.6333,-60.7
Santa Fe,2001,3,24.65,4.48,2.52,-31.6333,-60.7
Santa Fe,2001,4,19.22,3.42,2.67,-31.6333,-60.7
Santa Fe,2001,5,14.22,2.08,2.3,-31.6333,-60.7
Santa Fe,2001,6,12.9,2.78,2.51,-31.6333,-60.7
Santa Fe,2001,7,11.77,0.05,2.82,-31.6333,-60.7
Santa Fe,2001,8,15.87,2.56,2.85,-31.6333,-60.7
Santa Fe,2001,9,15.62,2.84,3.15,-31.6333,-60.7
Santa Fe,2001,10,19.29,5.66,3.34,-31.6333,-60.7
Santa Fe,2001,11,21.07,5.49,2.95,-31.6333,-60.7
Santa Fe,2001,12,24.71,2.22,2.29,-31.6333,-60.7
Santa Fe,2002,1,26.67,3.11,2.56,-31.6333,-60.7
Santa Fe,2002,2,25.23,1.09,2.78,-31.6333,-60.7
Santa Fe,2002,3,24.99,5.79,3.02,-31.6333,-60.7
Santa Fe,2002,4,17.7,4.65,2.48,-31.6333,-60.7
Santa Fe,2002,5,16.55,1.4,2.57,-31.6333,-60.7
Santa Fe,2002,6,10.26,0.06,2.24,-31.6333,-60.7
Santa Fe,2002,7,10.57,1.24,2.51,-31.6333,-60.7
Santa Fe,2002,8,14.29,1.12,2.98,-31.6333,-60.7
Santa Fe,2002,9,15.83,5.2,2.81,-31.6333,-60.7
Santa Fe,2002,10,20.67,5.99,3.04,-31.6333,-60.7
Santa Fe,2002,11,22.57,7.56,3.29,-31.6333,-60.7
Santa Fe,2002,12,23.77,8.72,3.03,-31.6333,-60.7
Santa Fe,2003,1,27.14,1.41,2.17,-31.6333,-60.7
Santa Fe,2003,2,25.05,10.41,2.41,-31.6333,-60.7
Santa Fe,2003,3,22.03,4.86,2.48,-31.6333,-60.7
Santa Fe,2003,4,17.58,8.62,2.51,-31.6333,-60.7
Santa Fe,2003,5,14.64,2.86,2.27,-31.6333,-60.7
Santa Fe,2003,6,13.94,0.16,2.3,-31.6333,-60.7
Santa Fe,2003,7,10.68,1.21,2.3,-31.6333,-60.7
Santa Fe,2003,8,11.02,2.65,2.96,-31.6333,-60.7
Santa Fe,2003,9,15.42,2.11,3.02,-31.6333,-60.7
Santa Fe,2003,10,19.76,3.04,3.03,-31.6333,-60.7
Santa Fe,2003,11,23.26,2.27,3.1,-31.6333,-60.7
Santa Fe,2003,12,23.87,4.4,3.15,-31.6333,-60.7
Santa Fe,2004,1,28.83,0.86,2.44,-31.6333,-60.7
Santa Fe,2004,2,25.53,1.73,2.7,-31.6333,-60.7
Santa Fe,2004,3,24.67,2.98,2.5,-31.6333,-60.7
Santa Fe,2004,4,19.76,9.86,2.42,-31.6333,-60.7
Santa Fe,2004,5,12.87,1.24,2.28,-31.6333,-60.7
Santa Fe,2004,6,13.05,0.85,2.73,-31.6333,-60.7
Santa Fe,2004,7,11.74,0.29,2.94,-31.6333,-60.7
Santa Fe,2004,8,14.05,0.04,2.82,-31.6333,-60.7
Santa Fe,2004,9,17.58,0.87,3.07,-31.6333,-60.7
Santa Fe,2004,10,20.37,2.4,3.17,-31.6333,-60.7
Santa Fe,2004,11,21.94,5.46,2.98,-31.6333,-60.7
Santa Fe,2004,12,24.87,5.58,2.64,-31.6333,-60.7
Santa Fe,2005,1,27.66,5.67,2.6,-31.6333,-60.7
Santa Fe,2005,2,25.39,2.65,2.19,-31.6333,-60.7
Santa Fe,2005,3,21.72,11.21,2.4,-31.6333,-60.7
Santa Fe,2005,4,16.95,3.86,2.39,-31.6333,-60.7
Santa Fe,2005,5,14.75,1.18,2.77,-31.6333,-60.7
Santa Fe,2005,6,14.36,2.99,2.48,-31.6333,-60.7
Santa Fe,2005,7,11.82,0.56,2.81,-31.6333,-60.7
Santa Fe,2005,8,13.44,1.23,2.87,-31.6333,-60.7
Santa Fe,2005,9,14.27,0.63,2.63,-31.6333,-60.7
Santa Fe,2005,10,18.44,2.72,2.8,-31.6333,-60.7
Santa Fe,2005,11,22.61,9.04,2.7,-31.6333,-60.7
Santa Fe,2005,12,24.13,1.16,2.58,-31.6333,-60.7
Santa Fe,2006,1,28.44,2.63,2.76,-31.6333,-60.7
Santa Fe,2006,2,26.72,3.04,2.47,-31.6333,-60.7
Santa Fe,2006,3,22.2,4.04,2.29,-31.6333,-60.7
Santa Fe,2006,4,19.77,2.74,2.31,-31.6333,-60.7
Santa Fe,2006,5,14.09,0.08,2.08,-31.6333,-60.7
Santa Fe,2006,6,13.58,2.79,2.59,-31.6333,-60.7
Santa Fe,2006,7,14.81,0.5,2.78,-31.6333,-60.7
Santa Fe,2006,8,12.52,0.4,2.46,-31.6333,-60.7
Santa Fe,2006,9,16.31,0.28,3.18,-31.6333,-60.7
Santa Fe,2006,10,22.01,2.98,3.22,-31.6333,-60.7
Santa Fe,2006,11,22.7,4.31,3.09,-31.6333,-60.7
Santa Fe,2006,12,25.74,11.03,2.4,-31.6333,-60.7
Santa Fe,2007,1,26.14,3.07,2.71,-31.6333,-60.7
Santa Fe,2007,2,25.81,4.27,2.55,-31.6333,-60.7
Santa Fe,2007,3,22.59,17.46,2.51,-31.6333,-60.7
Santa Fe,2007,4,19.21,1.95,2.55,-31.6333,-60.7
Santa Fe,2007,5,12.32,1.82,2.28,-31.6333,-60.7
Santa Fe,2007,6,9.48,0.97,1.97,-31.6333,-60.7
Santa Fe,2007,7,8.05,0.03,2.37,-31.6333,-60.7
Santa Fe,2007,8,9.25,0.67,3.01,-31.6333,-60.7
Santa Fe,2007,9,16.87,3.78,2.85,-31.6333,-60.7
Santa Fe,2007,10,19.79,3.97,2.94,-31.6333,-60.7
Santa Fe,2007,11,21.48,0.41,3.06,-31.6333,-60.7
Santa Fe,2007,12,24.71,3.45,2.5,-31.6333,-60.7
Santa Fe,2008,1,27.48,4.18,2.61,-31.6333,-60.7
Santa Fe,2008,2,25.71,3.52,2.14,-31.6333,-60.7
Santa Fe,2008,3,23.43,1.2,2.8,-31.6333,-60.7
Santa Fe,2008,4,19.8,1.49,2.12,-31.6333,-60.7
Santa Fe,2008,5,15.31,0.81,2.35,-31.6333,-60.7
Santa Fe,2008,6,10.31,0.19,2.16,-31.6333,-60.7
Santa Fe,2008,7,15.02,0.43,2.67,-31.6333,-60.7
Santa Fe,2008,8,13.82,0.04,3.01,-31.6333,-60.7
Santa Fe,2008,9,16.54,1.5,2.87,-31.6333,-60.7
Santa Fe,2008,10,20.09,3.17,2.91,-31.6333,-60.7
Santa Fe,2008,11,26.04,2.91,2.67,-31.6333,-60.7
Santa Fe,2008,12,27.49,0.77,2.65,-31.6333,-60.7
Santa Fe,2009,1,27.3,1.33,2.78,-31.6333,-60.7
Santa Fe,2009,2,25.26,5.75,2.36,-31.6333,-60.7
Santa Fe,2009,3,24.22,6.75,2.24,-31.6333,-60.7
Santa Fe,2009,4,20.71,1.94,2.08,-31.6333,-60.7
Santa Fe,2009,5,17.37,0.52,2.58,-31.6333,-60.7
Santa Fe,2009,6,11.13,0.28,2.48,-31.6333,-60.7
Santa Fe,2009,7,10.16,1.47,2.34,-31.6333,-60.7
Santa Fe,2009,8,15.15,0.13,3.06,-31.6333,-60.7
Santa Fe,2009,9,14.31,3.69,3.3,-31.6333,-60.7
Santa Fe,2009,10,19.87,2.05,3.1,-31.6333,-60.7
Santa Fe,2009,11,24.37,6.04,3.13,-31.6333,-60.7
Santa Fe,2009,12,23.92,8.98,2.97,-31.6333,-60.7
Santa Fe,2010,1,26.02,4.47,2.38,-31.6333,-60.7
Santa Fe,2010,2,24.86,10.69,2.57,-31.6333,-60.7
Santa Fe,2010,3,23.0,5.53,2.07,-31.6333,-60.7
Santa Fe,2010,4,17.12,2.95,2.37,-31.6333,-60.7
Santa Fe,2010,5,14.11,2.43,2.24,-31.6333,-60.7
Santa Fe,2010,6,11.46,0.14,2.35,-31.6333,-60.7
Santa Fe,2010,7,9.96,0.48,2.72,-31.6333,-60.7
Santa Fe,2010,8,11.6,0.2,2.53,-31.6333,-60.7
Santa Fe,2010,9,15.7,2.34,2.96,-31.6333,-60.7
Santa Fe,2010,10,18.06,1.79,2.86,-31.6333,-60.7
Santa Fe,2010,11,22.9,1.05,2.62,-31.6333,-60.7
Santa Fe,2010,12,26.33,2.41,2.66,-31.6333,-60.7
Santa Fe,2011,1,27.63,4.52,2.45,-31.6333,-60.7
Santa Fe,2011,2,24.74,4.22,2.72,-31.6333,-60.7
Santa Fe,2011,3,22.65,3.75,2.24,-31.6333,-60.7
Santa Fe,2011,4,18.97,3.21,2.25,-31.6333,-60.7
Santa Fe,2011,5,14.38,3.34,2.36,-31.6333,-60.7
Santa Fe,2011,6,10.87,1.48,2.48,-31.6333,-60.7
Santa Fe,2011,7,10.37,0.45,2.35,-31.6333,-60.7
Santa Fe,2011,8,11.57,0.95,2.82,-31.6333,-60.7
Santa Fe,2011,9,16.74,0.72,3.16,-31.6333,-60.7
Santa Fe,2011,10,18.89,4.62,2.69,-31.6333,-60.7
Santa Fe,2011,11,24.06,4.37,2.94,-31.6333,-60.7
Santa Fe,2011,12,25.73,1.48,2.86,-31.6333,-60.7
Santa Fe,2012,1,28.42,2.17,2.6,-31.6333,-60.7
Santa Fe,2012,2,26.46,6.49,2.66,-31.6333,-60.7
Santa Fe,2012,3,22.33,4.01,2.47,-31.6333,-60.7
Santa Fe,2012,4,18.74,1.55,2.07,-31.6333,-60.7
Santa Fe,2012,5,16.59,2.37,2.31,-31.6333,-60.7
Santa Fe,2012,6,11.59,0.2,2.29,-31.6333,-60.7
Santa Fe,2012,7,9.26,0.26,2.5,-31.6333,-60.7
Santa Fe,2012,8,14.01,3.92,2.77,-31.6333,-60.7
Santa Fe,2012,9,16.77,2.29,3.1,-31.6333,-60.7
Santa Fe,2012,10,19.65,8.07,3.31,-31.6333,-60.7
Santa Fe,2012,11,23.25,3.06,2.9,-31.6333,-60.7
Santa Fe,2012,12,24.94,9.02,2.92,-31.6333,-60.7
Santa Fe,2013,1,26.23,1.57,2.49,-31.6333,-60.7
Santa Fe,2013,2,25.08,3.42,2.52,-31.6333,-60.7
Santa Fe,2013,3,21.14,3.01,2.4,-31.6333,-60.7
Santa Fe,2013,4,18.94,4.27,2.25,-31.6333,-60.7
Santa Fe,2013,5,14.83,2.23,2.21,-31.6333,-60.7
Santa Fe,2013,6,12.15,1.24,1.97,-31.6333,-60.7
Santa Fe,2013,7,11.75,0.27,2.6,-31.6333,-60.7
Santa Fe,2013,8,11.82,0.13,2.88,-31.6333,-60.7
Santa Fe,2013,9,16.18,0.78,3.53,-31.6333,-60.7
Santa Fe,2013,10,20.89,4.26,2.91,-31.6333,-60.7
Santa Fe,2013,11,22.23,7.03,3.09,-31.6333,-60.7
Santa Fe,2013,12,28.95,2.47,2.41,-31.6333,-60.7
Santa Fe,2014,1,27.78,3.11,2.63,-31.6333,-60.7
Santa Fe,2014,2,24.83,7.88,2.61,-31.6333,-60.7
Santa Fe,2014,3,20.35,6.4,2.38,-31.6333,-60.7
Santa Fe,2014,4,18.28,6.49,2.42,-31.6333,-60.7
Santa Fe,2014,5,15.49,1.83,2.19,-31.6333,-60.7
Santa Fe,2014,6,11.31,0.57,2.51,-31.6333,-60.7
Santa Fe,2014,7,12.38,2.47,2.59,-31.6333,-60.7
Santa Fe,2014,8,14.65,0.01,2.85,-31.6333,-60.7
Santa Fe,2014,9,16.85,2.44,2.94,-31.6333,-60.7
Santa Fe,2014,10,21.88,2.19,3.31,-31.6333,-60.7
Santa Fe,2014,11,22.57,3.88,3.04,-31.6333,-60.7
Santa Fe,2014,12,23.81,4.3,2.65,-31.6333,-60.7
Santa Fe,2015,1,25.78,5.5,2.46,-31.6333,-60.7
Santa Fe,2015,2,25.06,6.21,2.16,-31.6333,-60.7
Santa Fe,2015,3,23.23,4.76,2.07,-31.6333,-60.7
Santa Fe,2015,4,21.04,1.31,2.08,-31.6333,-60.7
Santa Fe,2015,5,17.13,1.55,2.3,-31.6333,-60.7
Santa Fe,2015,6,13.8,1.69,2.49,-31.6333,-60.7
Santa Fe,2015,7,12.11,1.07,2.35,-31.6333,-60.7
Santa Fe,2015,8,15.57,3.75,2.77,-31.6333,-60.7
Santa Fe,2015,9,15.94,0.66,2.94,-31.6333,-60.7
Santa Fe,2015,10,18.26,3.12,3.32,-31.6333,-60.7
Santa Fe,2015,11,21.87,4.27,2.99,-31.6333,-60.7
Santa Fe,2015,12,25.68,4.3,2.67,-31.6333,-60.7
Santa Fe,2016,1,29.08,2.19,2.7,-31.6333,-60.7
Santa Fe,2016,2,26.81,9.61,2.31,-31.6333,-60.7
Santa Fe,2016,3,21.68,3.13,2.44,-31.6333,-60.7
Santa Fe,2016,4,18.26,10.12,2.9,-31.6333,-60.7
Santa Fe,2016,5,12.79,0.39,2.18,-31.6333,-60.7
Santa Fe,2016,6,9.68,1.0,2.1,-31.6333,-60.7
Santa Fe,2016,7,10.39,0.99,2.33,-31.6333,-60.7
Santa Fe,2016,8,13.84,0.17,2.56,-31.6333,-60.7
Santa Fe,2016,9,14.79,0.94,3.18,-31.6333,-60.7
Santa Fe,2016,10,18.66,9.64,2.96,-31.6333,-60.7
Santa Fe,2016,11,21.62,5.07,2.78,-31.6333,-60.7
Santa Fe,2016,12,26.07,6.87,2.57,-31.6333,-60.7
Santa Fe,2017,1,26.13,6.72,2.7,-31.6333,-60.7
Santa Fe,2017,2,25.14,5.22,2.35,-31.6333,-60.7
Santa Fe,2017,3,22.75,2.3,2.5,-31.6333,-60.7
Santa Fe,2017,4,17.96,4.68,2.66,-31.6333,-60.7
Santa Fe,2017,5,15.73,2.13,2.42,-31.6333,-60.7
Santa Fe,2017,6,13.65,0.58,2.78,-31.6333,-60.7
Santa Fe,2017,7,13.77,1.07,2.94,-31.6333,-60.7
Santa Fe,2017,8,14.72,3.63,2.94,-31.6333,-60.7
Santa Fe,2017,9,16.67,3.03,2.89,-31.6333,-60.7
Santa Fe,2017,10,18.55,3.39,3.26,-31.6333,-60.7
Santa Fe,2017,11,22.51,5.01,3.04,-31.6333,-60.7
Santa Fe,2017,12,26.72,3.31,2.69,-31.6333,-60.7
Santa Fe,2018,1,27.87,1.84,2.69,-31.6333,-60.7
Santa Fe,2018,2,27.6,0.48,2.5,-31.6333,-60.7
Santa Fe,2018,3,24.29,0.7,2.47,-31.6333,-60.7
Santa Fe,2018,4,23.16,6.04,2.45,-31.6333,-60.7
Santa Fe,2018,5,16.61,4.23,2.64,-31.6333,-60.7
Santa Fe,2018,6,10.63,0.24,2.42,-31.6333,-60.7
Santa Fe,2018,7,10.62,1.26,2.7,-31.6333,-60.7
Santa Fe,2018,8,11.35,1.3,3.14,-31.6333,-60.7
Santa Fe,2018,9,18.27,0.85,2.96,-31.6333,-60.7
Santa Fe,2018,10,19.48,2.56,3.19,-31.6333,-60.7
Santa Fe,2018,11,22.96,11.07,3.33,-31.6333,-60.7
Santa Fe,2018,12,24.31,4.99,2.77,-31.6333,-60.7
Santa Fe,2019,1,25.38,7.9,2.77,-31.6333,-60.7
Santa Fe,2019,2,23.96,6.08,2.37,-31.6333,-60.7
Santa Fe,2019,3,21.3,4.36,2.56,-31.6333,-60.7
Santa Fe,2019,4,19.36,2.75,2.39,-31.6333,-60.7
Santa Fe,2019,5,15.61,3.74,2.49,-31.6333,-60.7
Santa Fe,2019,6,14.17,1.66,2.44,-31.6333,-60.7
Santa Fe,2019,7,11.19,1.82,2.44,-31.6333,-60.7
Santa Fe,2019,8,12.56,0.64,2.92,-31.6333,-60.7
Santa Fe,2019,9,15.62,1.62,2.72,-31.6333,-60.7
Santa Fe,2019,10,19.51,2.75,3.16,-31.6333,-60.7
Santa Fe,2019,11,24.61,2.17,2.82,-31.6333,-60.7
Santa Fe,2019,12,25.01,7.66,2.65,-31.6333,-60.7
Santa Fe,2020,1,25.77,6.6,2.62,-31.6333,-60.7
Santa Fe,2020,2,25.58,1.82,2.49,-31.6333,-60.7
Santa Fe,2020,3,26.12,3.29,2.33,-31.6333,-60.7
Santa Fe,2020,4,19.17,4.67,2.39,-31.6333,-60.7
Santa Fe,2020,5,14.19,1.17,2.81,-31.6333,-60.7
Santa Fe,2020,6,12.34,1.13,2.54,-31.6333,-60.7
Santa Fe,2020,7,10.19,0.16,2.39,-31.6333,-60.7
Santa Fe,2020,8,14.92,0.15,2.82,-31.6333,-60.7
Santa Fe,2020,9,16.11,1.15,2.83,-31.6333,-60.7
Santa Fe,2020,10,20.33,2.54,3.29,-31.6333,-60.7
Santa Fe,2020,11,24.51,3.08,2.77,-31.6333,-60.7
Santa Fe,2020,12,24.99,3.33,2.54,-31.6333,-60.7
Santa Fe,2021,1,26.45,7.49,2.62,-31.6333,-60.7
Santa Fe,2021,2,25.22,1.04,2.31,-31.6333,-60.7
Santa Fe,2021,3,23.22,5.13,2.21,-31.6333,-60.7
Santa Fe,2021,4,20.11,6.4,2.32,-31.6333,-60.7
Santa Fe,2021,5,13.78,1.86,2.44,-31.6333,-60.7
Santa Fe,2021,6,11.67,1.22,2.41,-31.6333,-60.7
Santa Fe,2021,7,11.11,0.59,2.67,-31.6333,-60.7
Santa Fe,2021,8,13.66,0.4,2.51,-31.6333,-60.7
Santa Fe,2021,9,17.66,1.58,3.19,-31.6333,-60.7
Santa Fe,2021,10,20.59,2.03,2.87,-31.6333,-60.7
Santa Fe,2021,11,23.36,4.9,2.9,-31.6333,-60.7
Santa Fe,2021,12,28.25,1.49,2.64,-31.6333,-60.7
Santa Fe,2022,1,29.18,4.99,2.67,-31.6333,-60.7
Santa Fe,2022,2,25.94,3.83,2.71,-31.6333,-60.7
Santa Fe,2022,3,20.72,6.17,2.68,-31.6333,-60.7
Santa Fe,2022,4,18.16,2.39,2.29,-31.6333,-60.7
Santa Fe,2022,5,13.45,0.38,2.35,-31.6333,-60.7
Santa Fe,2022,6,10.06,0.17,2.27,-31.6333,-60.7
Santa Fe,2022,7,13.44,0.26,2.68,-31.6333,-60.7
Santa Fe,2022,8,13.29,1.17,2.87,-31.6333,-60.7
Santa Fe,2022,9,15.44,1.27,2.75,-31.6333,-60.7
Santa Fe,2022,10,19.7,0.95,3.31,-31.6333,-60.7
Santa Fe,2022,11,24.9,1.24,3.04,-31.6333,-60.7
Santa Fe,2022,12,28.34,1.95,2.69,-31.6333,-60.7
Santa Fe,2023,1,29.9,2.15,2.41,-31.6333,-60.7
Santa Fe,2023,2,27.31,1.57,2.41,-31.6333,-60.7
Santa Fe,2023,3,27.97,4.26,2.26,-31.6333,-60.7
Santa Fe,2023,4,19.71,0.6,2.46,-31.6333,-60.7
Santa Fe,2023,5,16.87,5.84,2.48,-31.6333,-60.7
Santa Fe,2023,6,14.12,0.23,2.21,-31.6333,-60.7
Santa Fe,2023,7,13.53,0.67,2.84,-31.6333,-60.7
Santa Fe,2023,8,15.65,0.03,3.0,-31.6333,-60.7
Santa Fe,2023,9,17.66,0.29,3.38,-31.6333,-60.7
Santa Fe,2023,10,20.93,2.51,3.17,-31.6333,-60.7
Santa Fe,2023,11,22.44,6.02,3.19,-31.6333,-60.7
Santa Fe,2023,12,25.02,5.92,3.23,-31.6333,-60.7
Santiago del Estero,1981,1,26.41,6.46,0.17,-27.7834,-64.2642
Santiago del Estero,1981,2,25.95,5.44,0.14,-27.7834,-64.2642
Santiago del Estero,1981,3,24.81,3.3,0.11,-27.7834,-64.2642
Santiago del Estero,1981,4,21.76,1.92,0.11,-27.7834,-64.2642
Santiago del Estero,1981,5,21.28,0.54,0.17,-27.7834,-64.2642
Santiago del Estero,1981,6,13.69,0.05,0.28,-27.7834,-64.2642
Santiago del Estero,1981,7,14.27,0.14,0.5,-27.7834,-64.2642
Santiago del Estero,1981,8,18.32,0.13,0.62,-27.7834,-64.2642
Santiago del Estero,1981,9,18.61,0.09,0.76,-27.7834,-64.2642
Santiago del Estero,1981,10,23.93,1.63,0.65,-27.7834,-64.2642
Santiago del Estero,1981,11,25.44,3.21,0.4,-27.7834,-64.2642
Santiago del Estero,1981,12,28.37,1.82,0.27,-27.7834,-64.2642
Santiago del Estero,1982,1,28.32,2.6,0.18,-27.7834,-64.2642
Santiago del Estero,1982,2,26.77,2.58,0.14,-27.7834,-64.2642
Santiago del Estero,1982,3,23.34,5.84,0.12,-27.7834,-64.2642
Santiago del Estero,1982,4,21.31,2.54,0.14,-27.7834,-64.2642
Santiago del Estero,1982,5,18.88,0.02,0.2,-27.7834,-64.2642
Santiago del Estero,1982,6,14.86,0.57,0.27,-27.7834,-64.2642
Santiago del Estero,1982,7,16.22,0.09,0.44,-27.7834,-64.2642
Santiago del Estero,1982,8,18.02,0.03,0.68,-27.7834,-64.2642
Santiago del Estero,1982,9,20.78,2.64,0.79,-27.7834,-64.2642
Santiago del Estero,1982,10,22.67,0.35,0.6,-27.7834,-64.2642
Santiago del Estero,1982,11,26.27,3.26,0.43,-27.7834,-64.2642
Santiago del Estero,1982,12,26.85,5.46,0.25,-27.7834,-64.2642
Santiago del Estero,1983,1,27.46,6.51,0.16,-27.7834,-64.2642
Santiago del Estero,1983,2,25.55,3.47,0.14,-27.7834,-64.2642
Santiago del Estero,1983,3,25.53,1.82,0.12,-27.7834,-64.2642
Santiago del Estero,1983,4,21.77,0.94,0.13,-27.7834,-64.2642
Santiago del Estero,1983,5,17.68,0.98,0.17,-27.7834,-64.2642
Santiago del Estero,1983,6,11.46,0.22,0.28,-27.7834,-64.2642
Santiago del Estero,1983,7,12.22,0.53,0.42,-27.7834,-64.2642
Santiago del Estero,1983,8,14.89,0.21,0.67,-27.7834,-64.2642
Santiago del Estero,1983,9,17.68,0.21,0.74,-27.7834,-64.2642
Santiago del Estero,1983,10,24.5,2.52,0.67,-27.7834,-64.2642
Santiago del Estero,1983,11,25.88,2.41,0.42,-27.7834,-64.2642
Santiago del Estero,1983,12,28.59,3.71,0.24,-27.7834,-64.2642
Santiago del Estero,1984,1,28.33,4.93,0.16,-27.7834,-64.2642
Santiago del Estero,1984,2,27.3,3.59,0.15,-27.7834,-64.2642
Santiago del Estero,1984,3,24.43,5.41,0.12,-27.7834,-64.2642
Santiago del Estero,1984,4,19.29,0.32,0.14,-27.7834,-64.2642
Santiago del Estero,1984,5,18.53,0.52,0.18,-27.7834,-64.2642
Santiago del Estero,1984,6,12.14,0.4,0.24,-27.7834,-64.2642
Santiago del Estero,1984,7,14.05,0.13,0.45,-27.7834,-64.2642
Santiago del Estero,1984,8,14.66,0.05,0.62,-27.7834,-64.2642
Santiago del Estero,1984,9,20.73,0.94,0.76,-27.7834,-64.2642
Santiago del Estero,1984,10,25.47,0.91,0.65,-27.7834,-64.2642
Santiago del Estero,1984,11,26.44,1.84,0.47,-27.7834,-64.2642
Santiago del Estero,1984,12,26.61,2.14,0.27,-27.7834,-64.2642
Santiago del Estero,1985,1,28.09,4.12,0.19,-27.7834,-64.2642
Santiago del Estero,1985,2,26.35,3.71,0.13,-27.7834,-64.2642
Santiago del Estero,1985,3,25.93,1.88,0.13,-27.7834,-64.2642
Santiago del Estero,1985,4,22.17,1.38,0.14,-27.7834,-64.2642
Santiago del Estero,1985,5,20.06,0.4,0.18,-27.7834,-64.2642
Santiago del Estero,1985,6,16.28,0.06,0.3,-27.7834,-64.2642
Santiago del Estero,1985,7,15.01,0.8,0.53,-27.7834,-64.2642
Santiago del Estero,1985,8,16.09,0.48,0.6,-27.7834,-64.2642
Santiago del Estero,1985,9,20.09,0.07,0.72,-27.7834,-64.2642
Santiago del Estero,1985,10,24.99,2.3,0.64,-27.7834,-64.2642
Santiago del Estero,1985,11,27.09,2.74,0.45,-27.7834,-64.2642
Santiago del Estero,1985,12,28.73,5.67,0.23,-27.7834,-64.2642
Santiago del Estero,1986,1,29.24,3.78,0.19,-27.7834,-64.2642
Santiago del Estero,1986,2,27.22,3.88,0.15,-27.7834,-64.2642
Santiago del Estero,1986,3,25.4,0.74,0.14,-27.7834,-64.2642
Santiago del Estero,1986,4,23.8,1.6,0.13,-27.7834,-64.2642
Santiago del Estero,1986,5,19.58,0.29,0.17,-27.7834,-64.2642
Santiago del Estero,1986,6,16.68,0.31,0.29,-27.7834,-64.2642
Santiago del Estero,1986,7,15.7,0.98,0.47,-27.7834,-64.2642
Santiago del Estero,1986,8,18.33,0.33,0.65,-27.7834,-64.2642
Santiago del Estero,1986,9,20.55,0.95,0.88,-27.7834,-64.2642
Santiago del Estero,1986,10,23.76,0.66,0.67,-27.7834,-64.2642
Santiago del Estero,1986,11,27.5,2.28,0.49,-27.7834,-64.2642
Santiago del Estero,1986,12,30.46,2.4,0.26,-27.7834,-64.2642
Santiago del Estero,1987,1,28.65,5.56,0.18,-27.7834,-64.2642
Santiago del Estero,1987,2,27.65,0.37,0.17,-27.7834,-64.2642
Santiago del Estero,1987,3,26.74,2.93,0.13,-27.7834,-64.2642
Santiago del Estero,1987,4,22.59,2.16,0.12,-27.7834,-64.2642
Santiago del Estero,1987,5,14.4,0.36,0.21,-27.7834,-64.2642
Santiago del Estero,1987,6,14.85,0.03,0.3,-27.7834,-64.2642
Santiago del Estero,1987,7,16.39,0.08,0.47,-27.7834,-64.2642
Santiago del Estero,1987,8,15.56,0.07,0.65,-27.7834,-64.2642
Santiago del Estero,1987,9,19.11,0.12,0.78,-27.7834,-64.2642
Santiago del Estero,1987,10,24.62,1.5,0.64,-27.7834,-64.2642
Santiago del Estero,1987,11,26.38,2.88,0.43,-27.7834,-64.2642
Santiago del Estero,1987,12,26.27,4.32,0.25,-27.7834,-64.2642
Santiago del Estero,1988,1,27.92,4.66,0.17,-27.7834,-64.2642
Santiago del Estero,1988,2,25.87,3.63,0.13,-27.7834,-64.2642
Santiago del Estero,1988,3,26.74,1.7,0.13,-27.7834,-64.2642
Santiago del Estero,1988,4,21.71,0.5,0.13,-27.7834,-64.2642
Santiago del Estero,1988,5,15.7,0.15,0.17,-27.7834,-64.2642
Santiago del Estero,1988,6,13.65,0.04,0.31,-27.7834,-64.2642
Santiago del Estero,1988,7,12.0,0.17,0.49,-27.7834,-64.2642
Santiago del Estero,1988,8,17.56,0.0,0.64,-27.7834,-64.2642
Santiago del Estero,1988,9,19.63,0.09,0.76,-27.7834,-64.2642
Santiago del Estero,1988,10,23.9,0.36,0.63,-27.7834,-64.2642
Santiago del Estero,1988,11,28.24,1.05,0.48,-27.7834,-64.2642
Santiago del Estero,1988,12,30.88,0.74,0.26,-27.7834,-64.2642
Santiago del Estero,1989,1,30.49,2.25,0.17,-27.7834,-64.2642
Santiago del Estero,1989,2,30.3,1.56,0.14,-27.7834,-64.2642
Santiago del Estero,1989,3,25.65,2.4,0.12,-27.7834,-64.2642
Santiago del Estero,1989,4,22.48,0.51,0.13,-27.7834,-64.2642
Santiago del Estero,1989,5,17.54,1.29,0.19,-27.7834,-64.2642
Santiago del Estero,1989,6,17.46,1.11,0.26,-27.7834,-64.2642
Santiago del Estero,1989,7,13.73,0.08,0.48,-27.7834,-64.2642
Santiago del Estero,1989,8,17.02,0.09,0.71,-27.7834,-64.2642
Santiago del Estero,1989,9,17.55,0.46,0.74,-27.7834,-64.2642
Santiago del Estero,1989,10,22.99,1.07,0.63,-27.7834,-64.2642
Santiago del Estero,1989,11,26.73,2.9,0.43,-27.7834,-64.2642
Santiago del Estero,1989,12,28.19,8.39,0.27,-27.7834,-64.2642
Santiago del Estero,1990,1,27.84,4.95,0.18,-27.7834,-64.2642
Santiago del Estero,1990,2,24.91,4.52,0.13,-27.7834,-64.2642
Santiago del Estero,1990,3,23.73,3.67,0.14,-27.7834,-64.2642
Santiago del Estero,1990,4,21.44,0.98,0.13,-27.7834,-64.2642
Santiago del Estero,1990,5,16.99,1.09,0.18,-27.7834,-64.2642
Santiago del Estero,1990,6,14.0,0.17,0.26,-27.7834,-64.2642
Santiago del Estero,1990,7,12.86,0.19,0.48,-27.7834,-64.2642
Santiago del Estero,1990,8,18.82,0.11,0.66,-27.7834,-64.2642
Santiago del Estero,1990,9,17.68,0.37,0.74,-27.7834,-64.2642
Santiago del Estero,1990,10,24.74,1.27,0.59,-27.7834,-64.2642
Santiago del Estero,1990,11,27.46,1.35,0.46,-27.7834,-64.2642
Santiago del Estero,1990,12,28.97,2.79,0.31,-27.7834,-64.2642
Santiago del Estero,1991,1,28.26,3.09,0.18,-27.7834,-64.2642
Santiago del Estero,1991,2,27.56,2.87,0.13,-27.7834,-64.2642
Santiago del Estero,1991,3,26.13,5.21,0.12,-27.7834,-64.2642
Santiago del Estero,1991,4,22.33,1.18,0.13,-27.7834,-64.2642
Santiago del Estero,1991,5,19.88,0.51,0.17,-27.7834,-64.2642
Santiago del Estero,1991,6,15.12,0.58,0.28,-27.7834,-64.2642
Santiago del Estero,1991,7,13.77,0.05,0.47,-27.7834,-64.2642
Santiago del Estero,1991,8,16.91,0.13,0.71,-27.7834,-64.2642
Santiago del Estero,1991,9,20.71,0.33,0.79,-27.7834,-64.2642
Santiago del Estero,1991,10,22.61,2.07,0.63,-27.7834,-64.2642
Santiago del Estero,1991,11,25.59,0.83,0.43,-27.7834,-64.2642
Santiago del Estero,1991,12,28.01,5.48,0.25,-27.7834,-64.2642
Santiago del Estero,1992,1,25.99,6.93,0.16,-27.7834,-64.2642
Santiago del Estero,1992,2,24.57,5.51,0.15,-27.7834,-64.2642
Santiago del Estero,1992,3,24.53,2.37,0.13,-27.7834,-64.2642
Santiago del Estero,1992,4,19.91,2.69,0.13,-27.7834,-64.2642
Santiago del Estero,1992,5,17.15,0.6,0.19,-27.7834,-64.2642
Santiago del Estero,1992,6,16.61,0.25,0.29,-27.7834,-64.2642
Santiago del Estero,1992,7,10.75,0.08,0.48,-27.7834,-64.2642
Santiago del Estero,1992,8,15.92,0.5,0.67,-27.7834,-64.2642
Santiago del Estero,1992,9,18.12,0.78,0.75,-27.7834,-64.2642
Santiago del Estero,1992,10,22.9,0.89,0.65,-27.7834,-64.2642
Santiago del Estero,1992,11,25.11,2.55,0.45,-27.7834,-64.2642
Santiago del Estero,1992,12,27.06,5.54,0.28,-27.7834,-64.2642
Santiago del Estero,1993,1,27.58,5.1,0.17,-27.7834,-64.2642
Santiago del Estero,1993,2,25.49,1.41,0.16,-27.7834,-64.2642
Santiago del Estero,1993,3,26.79,1.74,0.12,-27.7834,-64.2642
Santiago del Estero,1993,4,22.13,1.87,0.12,-27.7834,-64.2642
Santiago del Estero,1993,5,17.52,0.28,0.19,-27.7834,-64.2642
Santiago del Estero,1993,6,14.14,0.02,0.29,-27.7834,-64.2642
Santiago del Estero,1993,7,12.61,0.02,0.47,-27.7834,-64.2642
Santiago del Estero,1993,8,16.31,0.06,0.65,-27.7834,-64.2642
Santiago del Estero,1993,9,18.68,0.22,0.7,-27.7834,-64.2642
Santiago del Estero,1993,10,23.25,1.16,0.62,-27.7834,-64.2642
Santiago del Estero,1993,11,26.67,1.72,0.5,-27.7834,-64.2642
Santiago del Estero,1993,12,28.64,2.51,0.29,-27.7834,-64.2642
Santiago del Estero,1994,1,28.47,2.97,0.18,-27.7834,-64.2642
Santiago del Estero,1994,2,25.89,4.09,0.13,-27.7834,-64.2642
Santiago del Estero,1994,3,24.56,0.66,0.12,-27.7834,-64.2642
Santiago del Estero,1994,4,21.71,1.71,0.13,-27.7834,-64.2642
Santiago del Estero,1994,5,20.34,0.73,0.17,-27.7834,-64.2642
Santiago del Estero,1994,6,16.74,0.15,0.3,-27.7834,-64.2642
Santiago del Estero,1994,7,13.37,0.13,0.49,-27.7834,-64.2642
Santiago del Estero,1994,8,16.98,0.1,0.68,-27.7834,-64.2642
Santiago del Estero,1994,9,22.44,0.03,0.81,-27.7834,-64.2642
Santiago del Estero,1994,10,24.41,2.57,0.65,-27.7834,-64.2642
Santiago del Estero,1994,11,26.42,2.06,0.42,-27.7834,-64.2642
Santiago del Estero,1994,12,30.92,2.58,0.29,-27.7834,-64.2642
Santiago del Estero,1995,1,29.1,2.24,0.17,-27.7834,-64.2642
Santiago del Estero,1995,2,26.04,4.65,0.14,-27.7834,-64.2642
Santiago del Estero,1995,3,24.95,2.1,0.12,-27.7834,-64.2642
Santiago del Estero,1995,4,21.6,0.37,0.15,-27.7834,-64.2642
Santiago del Estero,1995,5,17.73,0.36,0.19,-27.7834,-64.2642
Santiago del Estero,1995,6,15.32,0.02,0.32,-27.7834,-64.2642
Santiago del Estero,1995,7,13.53,0.0,0.47,-27.7834,-64.2642
Santiago del Estero,1995,8,16.15,0.0,0.62,-27.7834,-64.2642
Santiago del Estero,1995,9,20.93,0.12,0.81,-27.7834,-64.2642
Santiago del Estero,1995,10,23.88,0.41,0.64,-27.7834,-64.2642
Santiago del Estero,1995,11,27.49,1.34,0.45,-27.7834,-64.2642
Santiago del Estero,1995,12,29.19,1.41,0.26,-27.7834,-64.2642
Santiago del Estero,1996,1,27.03,5.36,0.16,-27.7834,-64.2642
Santiago del Estero,1996,2,27.07,4.78,0.15,-27.7834,-64.2642
Santiago del Estero,1996,3,24.8,3.02,0.12,-27.7834,-64.2642
Santiago del Estero,1996,4,20.92,1.08,0.13,-27.7834,-64.2642
Santiago del Estero,1996,5,18.16,2.53,0.18,-27.7834,-64.2642
Santiago del Estero,1996,6,11.56,0.14,0.28,-27.7834,-64.2642
Santiago del Estero,1996,7,11.82,0.0,0.46,-27.7834,-64.2642
Santiago del Estero,1996,8,18.06,0.0,0.7,-27.7834,-64.2642
Santiago del Estero,1996,9,18.59,1.25,0.75,-27.7834,-64.2642
Santiago del Estero,1996,10,23.47,1.05,0.61,-27.7834,-64.2642
Santiago del Estero,1996,11,25.03,5.09,0.42,-27.7834,-64.2642
Santiago del Estero,1996,12,27.12,4.09,0.26,-27.7834,-64.2642
Santiago del Estero,1997,1,28.89,3.8,0.17,-27.7834,-64.2642
Santiago del Estero,1997,2,24.23,4.97,0.14,-27.7834,-64.2642
Santiago del Estero,1997,3,24.3,2.76,0.12,-27.7834,-64.2642
Santiago del Estero,1997,4,22.79,0.08,0.13,-27.7834,-64.2642
Santiago del Estero,1997,5,19.07,0.27,0.18,-27.7834,-64.2642
Santiago del Estero,1997,6,14.99,0.09,0.28,-27.7834,-64.2642
Santiago del Estero,1997,7,17.02,0.42,0.53,-27.7834,-64.2642
Santiago del Estero,1997,8,18.38,0.03,0.69,-27.7834,-64.2642
Santiago del Estero,1997,9,22.78,0.6,0.72,-27.7834,-64.2642
Santiago del Estero,1997,10,24.13,0.73,0.61,-27.7834,-64.2642
Santiago del Estero,1997,11,27.33,1.86,0.41,-27.7834,-64.2642
Santiago del Estero,1997,12,28.34,7.08,0.28,-27.7834,-64.2642
Santiago del Estero,1998,1,26.74,3.37,0.18,-27.7834,-64.2642
Santiago del Estero,1998,2,24.97,5.01,0.14,-27.7834,-64.2642
Santiago del Estero,1998,3,23.54,1.79,0.12,-27.7834,-64.2642
Santiago del Estero,1998,4,20.78,0.64,0.13,-27.7834,-64.2642
Santiago del Estero,1998,5,17.26,0.44,0.18,-27.7834,-64.2642
Santiago del Estero,1998,6,14.48,0.57,0.27,-27.7834,-64.2642
Santiago del Estero,1998,7,15.95,0.11,0.43,-27.7834,-64.2642
Santiago del Estero,1998,8,16.58,0.24,0.62,-27.7834,-64.2642
Santiago del Estero,1998,9,18.37,0.1,0.76,-27.7834,-64.2642
Santiago del Estero,1998,10,24.14,1.9,0.61,-27.7834,-64.2642
Santiago del Estero,1998,11,26.47,1.52,0.43,-27.7834,-64.2642
Santiago del Estero,1998,12,28.3,1.84,0.25,-27.7834,-64.2642
Santiago del Estero,1999,1,26.14,7.96,0.17,-27.7834,-64.2642
Santiago del Estero,1999,2,25.71,3.82,0.14,-27.7834,-64.2642
Santiago del Estero,1999,3,24.3,4.52,0.12,-27.7834,-64.2642
Santiago del Estero,1999,4,18.43,0.55,0.12,-27.7834,-64.2642
Santiago del Estero,1999,5,17.01,0.54,0.17,-27.7834,-64.2642
Santiago del Estero,1999,6,13.7,0.64,0.29,-27.7834,-64.2642
Santiago del Estero,1999,7,11.71,0.08,0.44,-27.7834,-64.2642
Santiago del Estero,1999,8,15.66,0.02,0.68,-27.7834,-64.2642
Santiago del Estero,1999,9,22.31,0.09,0.72,-27.7834,-64.2642
Santiago del Estero,1999,10,22.86,3.72,0.6,-27.7834,-64.2642
Santiago del Estero,1999,11,23.96,2.28,0.4,-27.7834,-64.2642
Santiago del Estero,1999,12,26.77,2.93,0.26,-27.7834,-64.2642
Santiago del Estero,2000,1,26.49,8.23,0.16,-27.7834,-64.2642
Santiago del Estero,2000,2,23.97,4.31,0.14,-27.7834,-64.2642
Santiago del Estero,2000,3,22.1,3.38,0.12,-27.7834,-64.2642
Santiago del Estero,2000,4,21.86,1.17,0.12,-27.7834,-64.2642
Santiago del Estero,2000,5,15.94,0.52,0.17,-27.7834,-64.2642
Santiago del Estero,2000,6,13.78,0.29,0.31,-27.7834,-64.2642
Santiago del Estero,2000,7,10.66,0.16,0.49,-27.7834,-64.2642
Santiago del Estero,2000,8,16.81,0.08,0.65,-27.7834,-64.2642
Santiago del Estero,2000,9,19.39,0.03,0.73,-27.7834,-64.2642
Santiago del Estero,2000,10,24.37,2.34,0.65,-27.7834,-64.2642
Santiago del Estero,2000,11,23.67,4.74,0.42,-27.7834,-64.2642
Santiago del Estero,2000,12,25.99,3.4,0.22,-27.7834,-64.2642
Santiago del Estero,2001,1,28.05,2.79,0.18,-27.7834,-64.2642
Santiago del Estero,2001,2,27.65,3.85,0.13,-27.7834,-64.2642
Santiago del Estero,2001,3,26.23,2.55,0.13,-27.7834,-64.2642
Santiago del Estero,2001,4,20.35,2.43,0.14,-27.7834,-64.2642
Santiago del Estero,2001,5,16.18,0.58,0.2,-27.7834,-64.2642
Santiago del Estero,2001,6,14.71,0.64,0.3,-27.7834,-64.2642
Santiago del Estero,2001,7,13.33,0.01,0.47,-27.7834,-64.2642
Santiago del Estero,2001,8,18.51,0.1,0.69,-27.7834,-64.2642
Santiago del Estero,2001,9,18.77,2.3,0.7,-27.7834,-64.2642
Santiago del Estero,2001,10,23.95,1.95,0.65,-27.7834,-64.2642
Santiago del Estero,2001,11,24.52,5.93,0.42,-27.7834,-64.2642
Santiago del Estero,2001,12,25.57,3.68,0.21,-27.7834,-64.2642
Santiago del Estero,2002,1,27.27,2.68,0.17,-27.7834,-64.2642
Santiago del Estero,2002,2,25.56,4.42,0.15,-27.7834,-64.2642
Santiago del Estero,2002,3,25.13,3.76,0.12,-27.7834,-64.2642
Santiago del Estero,2002,4,20.95,0.81,0.13,-27.7834,-64.2642
Santiago del Estero,2002,5,18.36,1.33,0.19,-27.7834,-64.2642
Santiago del Estero,2002,6,11.68,0.14,0.29,-27.7834,-64.2642
Santiago del Estero,2002,7,12.57,0.32,0.45,-27.7834,-64.2642
Santiago del Estero,2002,8,16.82,0.02,0.65,-27.7834,-64.2642
Santiago del Estero,2002,9,20.24,0.02,0.73,-27.7834,-64.2642
Santiago del Estero,2002,10,25.68,5.38,0.63,-27.7834,-64.2642
Santiago del Estero,2002,11,25.87,2.59,0.43,-27.7834,-64.2642
Santiago del Estero,2002,12,25.95,4.77,0.24,-27.7834,-64.2642
Santiago del Estero,2003,1,28.82,1.86,0.16,-27.7834,-64.2642
Santiago del Estero,2003,2,28.71,0.95,0.14,-27.7834,-64.2642
Santiago del Estero,2003,3,25.18,5.02,0.11,-27.7834,-64.2642
Santiago del Estero,2003,4,20.27,1.61,0.11,-27.7834,-64.2642
Santiago del Estero,2003,5,17.49,0.42,0.19,-27.7834,-64.2642
Santiago del Estero,2003,6,17.15,0.18,0.25,-27.7834,-64.2642
Santiago del Estero,2003,7,13.24,0.01,0.46,-27.7834,-64.2642
Santiago del Estero,2003,8,14.33,0.08,0.65,-27.7834,-64.2642
Santiago del Estero,2003,9,20.2,0.3,0.74,-27.7834,-64.2642
Santiago del Estero,2003,10,25.39,1.34,0.68,-27.7834,-64.2642
Santiago del Estero,2003,11,28.28,0.56,0.44,-27.7834,-64.2642
Santiago del Estero,2003,12,27.88,2.83,0.3,-27.7834,-64.2642
Santiago del Estero,2004,1,29.98,2.89,0.16,-27.7834,-64.2642
Santiago del Estero,2004,2,25.81,3.17,0.16,-27.7834,-64.2642
Santiago del Estero,2004,3,25.94,2.11,0.13,-27.7834,-64.2642
Santiago del Estero,2004,4,22.84,1.27,0.11,-27.7834,-64.2642
Santiago del Estero,2004,5,14.22,0.46,0.18,-27.7834,-64.2642
Santiago del Estero,2004,6,14.57,0.35,0.31,-27.7834,-64.2642
Santiago del Estero,2004,7,14.55,0.06,0.53,-27.7834,-64.2642
Santiago del Estero,2004,8,16.25,0.01,0.65,-27.7834,-64.2642
Santiago del Estero,2004,9,21.75,0.1,0.74,-27.7834,-64.2642
Santiago del Estero,2004,10,25.82,0.11,0.78,-27.7834,-64.2642
Santiago del Estero,2004,11,26.66,2.75,0.46,-27.7834,-64.2642
Santiago del Estero,2004,12,28.3,4.63,0.26,-27.7834,-64.2642
Santiago del Estero,2005,1,29.26,0.56,0.19,-27.7834,-64.2642
Santiago del Estero,2005,2,27.57,3.3,0.13,-27.7834,-64.2642
Santiago del Estero,2005,3,24.43,3.91,0.12,-27.7834,-64.2642
Santiago del Estero,2005,4,19.3,1.5,0.14,-27.7834,-64.2642
Santiago del Estero,2005,5,16.75,0.1,0.21,-27.7834,-64.2642
Santiago del Estero,2005,6,15.28,1.34,0.27,-27.7834,-64.2642
Santiago del Estero,2005,7,13.76,0.12,0.48,-27.7834,-64.2642
Santiago del Estero,2005,8,16.29,0.04,0.63,-27.7834,-64.2642
Santiago del Estero,2005,9,16.31,2.54,0.7,-27.7834,-64.2642
Santiago del Estero,2005,10,21.36,0.86,0.56,-27.7834,-64.2642
Santiago del Estero,2005,11,26.6,1.6,0.43,-27.7834,-64.2642
Santiago del Estero,2005,12,27.54,4.42,0.25,-27.7834,-64.2642
Santiago del Estero,2006,1,28.36,3.21,0.19,-27.7834,-64.2642
Santiago del Estero,2006,2,28.16,1.41,0.15,-27.7834,-64.2642
Santiago del Estero,2006,3,25.92,1.46,0.13,-27.7834,-64.2642
Santiago del Estero,2006,4,21.97,1.67,0.13,-27.7834,-64.2642
Santiago del Estero,2006,5,15.74,0.0,0.18,-27.7834,-64.2642
Santiago del Estero,2006,6,16.14,0.17,0.27,-27.7834,-64.2642
Santiago del Estero,2006,7,16.97,0.0,0.45,-27.7834,-64.2642
Santiago del Estero,2006,8,15.96,0.0,0.61,-27.7834,-64.2642
Santiago del Estero,2006,9,20.11,0.0,0.8,-27.7834,-64.2642
Santiago del Estero,2006,10,26.25,1.16,0.63,-27.7834,-64.2642
Santiago del Estero,2006,11,27.04,1.63,0.46,-27.7834,-64.2642
Santiago del Estero,2006,12,28.9,2.78,0.26,-27.7834,-64.2642
Santiago del Estero,2007,1,28.23,5.78,0.16,-27.7834,-64.2642
Santiago del Estero,2007,2,26.59,2.24,0.16,-27.7834,-64.2642
Santiago del Estero,2007,3,24.58,2.36,0.12,-27.7834,-64.2642
Santiago del Estero,2007,4,21.84,0.87,0.14,-27.7834,-64.2642
Santiago del Estero,2007,5,14.12,0.81,0.19,-27.7834,-64.2642
Santiago del Estero,2007,6,12.08,0.03,0.32,-27.7834,-64.2642
Santiago del Estero,2007,7,10.89,0.13,0.47,-27.7834,-64.2642
Santiago del Estero,2007,8,11.8,0.02,0.68,-27.7834,-64.2642
Santiago del Estero,2007,9,20.45,0.17,0.73,-27.7834,-64.2642
Santiago del Estero,2007,10,24.41,2.36,0.63,-27.7834,-64.2642
Santiago del Estero,2007,11,26.14,0.68,0.43,-27.7834,-64.2642
Santiago del Estero,2007,12,27.56,3.21,0.25,-27.7834,-64.2642
Santiago del Estero,2008,1,26.89,6.73,0.17,-27.7834,-64.2642
Santiago del Estero,2008,2,25.31,6.32,0.15,-27.7834,-64.2642
Santiago del Estero,2008,3,23.46,7.71,0.17,-27.7834,-64.2642
Santiago del Estero,2008,4,19.29,1.19,0.16,-27.7834,-64.2642
Santiago del Estero,2008,5,15.9,0.06,0.28,-27.7834,-64.2642
Santiago del Estero,2008,6,10.99,0.0,0.35,-27.7834,-64.2642
Santiago del Estero,2008,7,16.59,0.0,0.48,-27.7834,-64.2642
Santiago del Estero,2008,8,15.91,0.02,0.64,-27.7834,-64.2642
Santiago del Estero,2008,9,18.56,0.05,0.74,-27.7834,-64.2642
Santiago del Estero,2008,10,24.19,0.69,0.63,-27.7834,-64.2642
Santiago del Estero,2008,11,28.0,1.84,0.43,-27.7834,-64.2642
Santiago del Estero,2008,12,28.34,2.29,0.25,-27.7834,-64.2642
Santiago del Estero,2009,1,27.03,2.74,0.18,-27.7834,-64.2642
Santiago del Estero,2009,2,27.3,3.79,0.16,-27.7834,-64.2642
Santiago del Estero,2009,3,25.68,2.84,0.16,-27.7834,-64.2642
Santiago del Estero,2009,4,23.27,0.88,0.15,-27.7834,-64.2642
Santiago del Estero,2009,5,19.19,0.25,0.2,-27.7834,-64.2642
Santiago del Estero,2009,6,12.98,0.0,0.31,-27.7834,-64.2642
Santiago del Estero,2009,7,12.2,0.01,0.49,-27.7834,-64.2642
Santiago del Estero,2009,8,17.59,0.0,0.68,-27.7834,-64.2642
Santiago del Estero,2009,9,17.99,0.02,0.74,-27.7834,-64.2642
Santiago del Estero,2009,10,24.81,0.1,0.67,-27.7834,-64.2642
Santiago del Estero,2009,11,29.01,4.56,0.41,-27.7834,-64.2642
Santiago del Estero,2009,12,26.33,4.54,0.25,-27.7834,-64.2642
Santiago del Estero,2010,1,27.4,3.08,0.18,-27.7834,-64.2642
Santiago del Estero,2010,2,27.08,5.88,0.13,-27.7834,-64.2642
Santiago del Estero,2010,3,25.74,1.48,0.13,-27.7834,-64.2642
Santiago del Estero,2010,4,19.18,4.34,0.14,-27.7834,-64.2642
Santiago del Estero,2010,5,14.1,0.56,0.22,-27.7834,-64.2642
Santiago del Estero,2010,6,13.17,0.02,0.33,-27.7834,-64.2642
Santiago del Estero,2010,7,11.28,0.05,0.51,-27.7834,-64.2642
Santiago del Estero,2010,8,13.97,0.0,0.62,-27.7834,-64.2642
Santiago del Estero,2010,9,19.71,0.65,0.74,-27.7834,-64.2642
Santiago del Estero,2010,10,22.44,1.33,0.62,-27.7834,-64.2642
Santiago del Estero,2010,11,24.88,2.52,0.42,-27.7834,-64.2642
Santiago del Estero,2010,12,26.96,3.16,0.25,-27.7834,-64.2642
Santiago del Estero,2011,1,26.94,8.45,0.17,-27.7834,-64.2642
Santiago del Estero,2011,2,24.49,4.19,0.13,-27.7834,-64.2642
Santiago del Estero,2011,3,22.48,4.22,0.16,-27.7834,-64.2642
Santiago del Estero,2011,4,20.15,1.17,0.17,-27.7834,-64.2642
Santiago del Estero,2011,5,16.84,0.22,0.19,-27.7834,-64.2642
Santiago del Estero,2011,6,13.77,0.21,0.29,-27.7834,-64.2642
Santiago del Estero,2011,7,12.78,0.1,0.45,-27.7834,-64.2642
Santiago del Estero,2011,8,14.37,0.03,0.65,-27.7834,-64.2642
Santiago del Estero,2011,9,20.75,0.87,0.76,-27.7834,-64.2642
Santiago del Estero,2011,10,23.62,0.84,0.61,-27.7834,-64.2642
Santiago del Estero,2011,11,26.97,2.33,0.47,-27.7834,-64.2642
Santiago del Estero,2011,12,26.89,2.71,0.25,-27.7834,-64.2642
Santiago del Estero,2012,1,28.3,3.44,0.18,-27.7834,-64.2642
Santiago del Estero,2012,2,28.66,5.59,0.15,-27.7834,-64.2642
Santiago del Estero,2012,3,24.52,0.87,0.14,-27.7834,-64.2642
Santiago del Estero,2012,4,20.86,3.46,0.13,-27.7834,-64.2642
Santiago del Estero,2012,5,18.24,0.77,0.17,-27.7834,-64.2642
Santiago del Estero,2012,6,13.43,0.11,0.31,-27.7834,-64.2642
Santiago del Estero,2012,7,11.53,0.03,0.49,-27.7834,-64.2642
Santiago del Estero,2012,8,16.9,0.08,0.71,-27.7834,-64.2642
Santiago del Estero,2012,9,21.3,0.26,0.73,-27.7834,-64.2642
Santiago del Estero,2012,10,24.25,2.87,0.67,-27.7834,-64.2642
Santiago del Estero,2012,11,26.68,1.7,0.41,-27.7834,-64.2642
Santiago del Estero,2012,12,29.23,2.23,0.27,-27.7834,-64.2642
Santiago del Estero,2013,1,28.83,1.32,0.17,-27.7834,-64.2642
Santiago del Estero,2013,2,28.08,3.47,0.13,-27.7834,-64.2642
Santiago del Estero,2013,3,24.04,0.73,0.12,-27.7834,-64.2642
Santiago del Estero,2013,4,22.44,0.21,0.13,-27.7834,-64.2642
Santiago del Estero,2013,5,17.74,1.56,0.23,-27.7834,-64.2642
Santiago del Estero,2013,6,15.09,0.43,0.26,-27.7834,-64.2642
Santiago del Estero,2013,7,13.94,0.02,0.51,-27.7834,-64.2642
Santiago del Estero,2013,8,14.27,0.01,0.64,-27.7834,-64.2642
Santiago del Estero,2013,9,18.95,1.69,0.8,-27.7834,-64.2642
Santiago del Estero,2013,10,23.89,2.27,0.63,-27.7834,-64.2642
Santiago del Estero,2013,11,25.7,2.87,0.47,-27.7834,-64.2642
Santiago del Estero,2013,12,30.32,2.23,0.24,-27.7834,-64.2642
Santiago del Estero,2014,1,27.23,9.23,0.18,-27.7834,-64.2642
Santiago del Estero,2014,2,25.51,3.98,0.13,-27.7834,-64.2642
Santiago del Estero,2014,3,21.62,3.52,0.12,-27.7834,-64.2642
Santiago del Estero,2014,4,20.85,1.26,0.13,-27.7834,-64.2642
Santiago del Estero,2014,5,17.59,0.98,0.14,-27.7834,-64.2642
Santiago del Estero,2014,6,13.49,1.71,0.29,-27.7834,-64.2642
Santiago del Estero,2014,7,13.43,0.07,0.45,-27.7834,-64.2642
Santiago del Estero,2014,8,18.07,0.0,0.66,-27.7834,-64.2642
Santiago del Estero,2014,9,21.8,0.12,0.76,-27.7834,-64.2642
Santiago del Estero,2014,10,27.68,1.33,0.69,-27.7834,-64.2642
Santiago del Estero,2014,11,25.48,4.16,0.44,-27.7834,-64.2642
Santiago del Estero,2014,12,26.34,3.01,0.24,-27.7834,-64.2642
Santiago del Estero,2015,1,28.32,4.27,0.17,-27.7834,-64.2642
Santiago del Estero,2015,2,26.8,4.68,0.13,-27.7834,-64.2642
Santiago del Estero,2015,3,24.05,4.84,0.1,-27.7834,-64.2642
Santiago del Estero,2015,4,22.31,0.82,0.11,-27.7834,-64.2642
Santiago del Estero,2015,5,18.88,0.47,0.16,-27.7834,-64.2642
Santiago del Estero,2015,6,15.95,0.09,0.27,-27.7834,-64.2642
Santiago del Estero,2015,7,14.08,0.12,0.46,-27.7834,-64.2642
Santiago del Estero,2015,8,17.79,1.45,0.62,-27.7834,-64.2642
Santiago del Estero,2015,9,19.66,0.11,0.66,-27.7834,-64.2642
Santiago del Estero,2015,10,22.46,2.17,0.64,-27.7834,-64.2642
Santiago del Estero,2015,11,24.55,2.83,0.42,-27.7834,-64.2642
Santiago del Estero,2015,12,27.05,7.36,0.24,-27.7834,-64.2642
Santiago del Estero,2016,1,26.46,5.49,0.18,-27.7834,-64.2642
Santiago del Estero,2016,2,28.4,2.41,0.13,-27.7834,-64.2642
Santiago del Estero,2016,3,22.99,2.57,0.12,-27.7834,-64.2642
Santiago del Estero,2016,4,20.17,2.53,0.13,-27.7834,-64.2642
Santiago del Estero,2016,5,15.19,0.27,0.15,-27.7834,-64.2642
Santiago del Estero,2016,6,11.08,1.93,0.3,-27.7834,-64.2642
Santiago del Estero,2016,7,12.36,0.2,0.43,-27.7834,-64.2642
Santiago del Estero,2016,8,16.79,0.56,0.62,-27.7834,-64.2642
Santiago del Estero,2016,9,18.98,0.09,0.75,-27.7834,-64.2642
Santiago del Estero,2016,10,23.14,1.42,0.64,-27.7834,-64.2642
Santiago del Estero,2016,11,25.0,4.33,0.41,-27.7834,-64.2642
Santiago del Estero,2016,12,27.6,3.11,0.26,-27.7834,-64.2642
Santiago del Estero,2017,1,29.25,2.14,0.16,-27.7834,-64.2642
Santiago del Estero,2017,2,27.19,6.42,0.14,-27.7834,-64.2642
Santiago del Estero,2017,3,24.26,3.59,0.11,-27.7834,-64.2642
Santiago del Estero,2017,4,20.15,3.31,0.15,-27.7834,-64.2642
Santiago del Estero,2017,5,17.14,0.5,0.19,-27.7834,-64.2642
Santiago del Estero,2017,6,14.9,0.14,0.3,-27.7834,-64.2642
Santiago del Estero,2017,7,15.87,0.04,0.49,-27.7834,-64.2642
Santiago del Estero,2017,8,17.54,0.06,0.68,-27.7834,-64.2642
Santiago del Estero,2017,9,19.73,0.37,0.72,-27.7834,-64.2642
Santiago del Estero,2017,10,23.68,1.36,0.65,-27.7834,-64.2642
Santiago del Estero,2017,11,26.81,0.56,0.43,-27.7834,-64.2642
Santiago del Estero,2017,12,29.23,4.89,0.24,-27.7834,-64.2642
Santiago del Estero,2018,1,27.01,4.8,0.19,-27.7834,-64.2642
Santiago del Estero,2018,2,26.2,2.74,0.14,-27.7834,-64.2642
Santiago del Estero,2018,3,24.99,0.47,0.15,-27.7834,-64.2642
Santiago del Estero,2018,4,24.78,1.5,0.12,-27.7834,-64.2642
Santiago del Estero,2018,5,19.26,0.68,0.18,-27.7834,-64.2642
Santiago del Estero,2018,6,12.09,0.05,0.3,-27.7834,-64.2642
Santiago del Estero,2018,7,11.32,0.21,0.47,-27.7834,-64.2642
Santiago del Estero,2018,8,15.26,0.02,0.7,-27.7834,-64.2642
Santiago del Estero,2018,9,22.59,0.44,0.7,-27.7834,-64.2642
Santiago del Estero,2018,10,23.39,4.51,0.58,-27.7834,-64.2642
Santiago del Estero,2018,11,25.17,4.05,0.43,-27.7834,-64.2642
Santiago del Estero,2018,12,26.28,3.63,0.24,-27.7834,-64.2642
Santiago del Estero,2019,1,26.27,8.1,0.16,-27.7834,-64.2642
Santiago del Estero,2019,2,25.13,3.22,0.14,-27.7834,-64.2642
Santiago del Estero,2019,3,22.62,9.98,0.12,-27.7834,-64.2642
Santiago del Estero,2019,4,20.31,2.78,0.12,-27.7834,-64.2642
Santiago del Estero,2019,5,16.13,0.43,0.18,-27.7834,-64.2642
Santiago del Estero,2019,6,14.3,0.13,0.33,-27.7834,-64.2642
Santiago del Estero,2019,7,13.02,0.06,0.44,-27.7834,-64.2642
Santiago del Estero,2019,8,15.0,0.0,0.67,-27.7834,-64.2642
Santiago del Estero,2019,9,18.92,0.13,0.69,-27.7834,-64.2642
Santiago del Estero,2019,10,23.41,0.49,0.62,-27.7834,-64.2642
Santiago del Estero,2019,11,28.76,2.71,0.42,-27.7834,-64.2642
Santiago del Estero,2019,12,27.81,1.81,0.25,-27.7834,-64.2642
Santiago del Estero,2020,1,28.3,3.74,0.17,-27.7834,-64.2642
Santiago del Estero,2020,2,25.96,4.6,0.15,-27.7834,-64.2642
Santiago del Estero,2020,3,26.34,2.58,0.12,-27.7834,-64.2642
Santiago del Estero,2020,4,21.12,1.11,0.15,-27.7834,-64.2642
Santiago del Estero,2020,5,17.04,0.16,0.19,-27.7834,-64.2642
Santiago del Estero,2020,6,14.5,1.23,0.28,-27.7834,-64.2642
Santiago del Estero,2020,7,12.28,0.01,0.49,-27.7834,-64.2642
Santiago del Estero,2020,8,16.8,0.0,0.68,-27.7834,-64.2642
Santiago del Estero,2020,9,20.51,0.0,0.74,-27.7834,-64.2642
Santiago del Estero,2020,10,24.55,0.62,0.63,-27.7834,-64.2642
Santiago del Estero,2020,11,27.22,1.94,0.45,-27.7834,-64.2642
Santiago del Estero,2020,12,28.15,2.63,0.26,-27.7834,-64.2642
Santiago del Estero,2021,1,27.15,3.31,0.17,-27.7834,-64.2642
Santiago del Estero,2021,2,25.09,4.76,0.13,-27.7834,-64.2642
Santiago del Estero,2021,3,22.4,13.25,0.15,-27.7834,-64.2642
Santiago del Estero,2021,4,20.84,1.24,0.12,-27.7834,-64.2642
Santiago del Estero,2021,5,15.2,0.26,0.2,-27.7834,-64.2642
Santiago del Estero,2021,6,12.85,3.03,0.3,-27.7834,-64.2642
Santiago del Estero,2021,7,13.1,0.0,0.47,-27.7834,-64.2642
Santiago del Estero,2021,8,15.71,0.0,0.64,-27.7834,-64.2642
Santiago del Estero,2021,9,21.5,0.15,0.75,-27.7834,-64.2642
Santiago del Estero,2021,10,24.63,0.5,0.67,-27.7834,-64.2642
Santiago del Estero,2021,11,25.48,2.6,0.43,-27.7834,-64.2642
Santiago del Estero,2021,12,29.15,2.32,0.24,-27.7834,-64.2642
Santiago del Estero,2022,1,30.78,3.02,0.17,-27.7834,-64.2642
Santiago del Estero,2022,2,27.04,2.13,0.14,-27.7834,-64.2642
Santiago del Estero,2022,3,22.03,10.54,0.13,-27.7834,-64.2642
Santiago del Estero,2022,4,19.57,0.97,0.13,-27.7834,-64.2642
Santiago del Estero,2022,5,15.01,0.06,0.19,-27.7834,-64.2642
Santiago del Estero,2022,6,11.72,0.19,0.3,-27.7834,-64.2642
Santiago del Estero,2022,7,15.12,0.09,0.5,-27.7834,-64.2642
Santiago del Estero,2022,8,15.92,0.08,0.66,-27.7834,-64.2642
Santiago del Estero,2022,9,18.41,0.61,0.77,-27.7834,-64.2642
Santiago del Estero,2022,10,23.1,0.22,0.69,-27.7834,-64.2642
Santiago del Estero,2022,11,26.16,3.78,0.44,-27.7834,-64.2642
Santiago del Estero,2022,12,28.84,1.51,0.22,-27.7834,-64.2642
Santiago del Estero,2023,1,30.44,2.91,0.18,-27.7834,-64.2642
Santiago del Estero,2023,2,27.51,3.3,0.13,-27.7834,-64.2642
Santiago del Estero,2023,3,28.44,4.81,0.12,-27.7834,-64.2642
Santiago del Estero,2023,4,20.29,3.91,0.13,-27.7834,-64.2642
Santiago del Estero,2023,5,18.12,0.48,0.17,-27.7834,-64.2642
Santiago del Estero,2023,6,16.01,0.05,0.28,-27.7834,-64.2642
Santiago del Estero,2023,7,15.64,0.16,0.42,-27.7834,-64.2642
Santiago del Estero,2023,8,18.66,0.0,0.63,-27.7834,-64.2642
Santiago del Estero,2023,9,21.7,0.1,0.72,-27.7834,-64.2642
Santiago del Estero,2023,10,25.06,0.84,0.66,-27.7834,-64.2642
Santiago del Estero,2023,11,26.59,2.09,0.46,-27.7834,-64.2642
Santiago del Estero,2023,12,28.15,4.69,0.28,-27.7834,-64.2642
"Tierra del Fuego, Antártida e Islas del Atlántico Sur",1981,1,7.27,2.19,4.61,-54.8019,-68.303
"Tierra del Fuego, Antártida e Islas del Atlántico Sur",1981,2,7.37,2.73,4.78,-54.8019,-68.303
"Tierra del Fuego, Antártida e Islas del Atlántico Sur",1981,3,5.15,3.79,4.51,-54.8019,-68.303
"Tierra del Fuego, Antártida e Islas del Atlántico Sur",1981,4,3.45,2.0,3.59,-54.8019,-68.303
"Tierra del Fuego, Antártida e Islas del Atlántico Sur",1981,5,1.93,2.23,3.89,-54.8019,-68.303
"Tierra del Fuego, Antártida e Islas del Atlántico Sur",1981,6,-0.15,1.82,4.19,-54.8019,-68.303
"Tierra del Fuego, Antártida e Islas del Atlántico Sur",1981,7,-0.5,2.18,4.53,-54.8019,-68.303
"Tierra del Fuego, Antártida e Islas del Atlántico Sur",1981,8,-0.18,2.34,5.57,-54.8019,-68.303
"Tierra del Fuego, Antártida e Islas del Atlántico Sur",1981,9,1.04,2.09,5.0,-54.8019,-68.303
"Tierra del Fuego, Antártida e Islas del Atlántico Sur",1981,10,4.08,1.89,5.93,-54.8019,-68.303
"Tierra del Fuego, Antártida e Islas del Atlántico Sur",1981,11,5.4,1.56,5.81,-54.8019,-68.303
"Tierra del Fuego, Antártida e Islas del Atlántico Sur",1981,12,6.21,2.09,4.96,-54.8019,-68.303
"Tierra del Fuego, Antártida e Islas del Atlántico Sur",1982,1,9.28,2.69,4.03,-54.8019,-68.303
"Tierra del Fuego, Antártida e Islas del Atlántico Sur",1982,2,7.82,2.99,4.77,-54.8019,-68.303
"Tierra del Fuego, Antártida e Islas del Atlántico Sur",1982,3,6.15,1.88,5.77,-54.8019,-68.303
"Tierra del Fuego, Antártida e Islas del Atlántico Sur",1982,4,4.15,1.87,4.75,-54.8019,-68.303
"Tierra del Fuego, Antártida e Islas del Atlántico Sur",1982,5,2.6,2.16,4.21,-54.8019,-68.303
"Tierra del Fuego, Antártida e Islas del Atlántico Sur",1982,6,0.08,0.95,3.28,-54.8019,-68.303
"Tierra del Fuego, Antártida e Islas del Atlántico Sur",1982,7,-0.87,1.4,5.33,-54.8019,-68.303
"Tierra del Fuego, Antártida e Islas del Atlántico Sur",1982,8,-0.72,1.15,3.86,-54.8019,-68.303
"Tierra del Fuego, Antártida e Islas del Atlántico Sur",1982,9,1.19,0.86,4.59,-54.8019,-68.303
"Tierra del Fuego, Antártida e Islas del Atlántico Sur",1982,10,2.22,3.19,5.11,-54.8019,-68.303
"Tierra del Fuego, Antártida e Islas del Atlántico Sur",1982,11,5.01,2.34,4.08,-54.8019,-68.303
"Tierra del Fuego, Antártida e Islas del Atlántico Sur",1982,12,7.14,2.05,4.83,-54.8019,-68.303
"Tierra del Fuego, Antártida e Islas del Atlántico Sur",1983,1,8.3,2.63,4.19,-54.8019,-68.303
"Tierra del Fuego, Antártida e Islas del Atlántico Sur",1983,2,6.13,3.09,4.54,-54.8019,-68.303
"Tierra del Fuego, Antártida e Islas del Atlántico Sur",1983,3,5.77,2.41,4.17,-54.8019,-68.303
"Tierra del Fuego, Antártida e Islas del Atlántico Sur",1983,4,4.21,1.99,3.08,-54.8019,-68.303
"Tierra del Fuego, Antártida e Islas del Atlántico Sur",1983,5,2.13,1.42,3.5,-54.8019,-68.303
"Tierra del Fuego, Antártida e Islas del Atlántico Sur",1983,6,-0.84,1.63,4.41,-54.8019,-68.303
"Tierra del Fuego, Antártida e Islas del Atlántico Sur",1983,7,-0.7,1.81,4.33,-54.8019,-68.303
"Tierra del Fuego, Antártida e Islas del Atlántico Sur",1983,8,1.27,1.33,4.62,-54.8019,-68.303
"Tierra del Fuego, Antártida e Islas del Atlántico Sur",1983,9,2.13,1.34,4.61,-54.8019,-68.303
"Tierra del Fuego, Antártida e Islas del Atlántico Sur",1983,10,3.94,1.62,5.18,-54.8019,-68.303
"Tierra del Fuego, Antártida e Islas del Atlántico Sur",1983,11,5.83,1.63,6.13,-54.8019,-68.303
"Tierra del Fuego, Antártida e Islas del Atlántico Sur",1983,12,7.67,1.51,5.19,-54.8019,-68.303
"Tierra del Fuego, Antártida e Islas del Atlántico Sur",1984,1,7.08,2.77,4.96,-54.8019,-68.303
"Tierra del Fuego, Antártida e Islas del Atlántico Sur",1984,2,6.67,1.96,4.52,-54.8019,-68.303
"Tierra del Fuego, Antártida e Islas del Atlántico Sur",1984,3,6.62,1.69,3.74,-54.8019,-68.303
"Tierra del Fuego, Antártida e Islas del Atlántico Sur",1984,4,4.11,2.46,5.09,-54.8019,-68.303
"Tierra del Fuego, Antártida e Islas del Atlántico Sur",1984,5,-1.33,3.95,4.03,-54.8019,-68.303
"Tierra del Fuego, Antártida e Islas del Atlántico Sur",1984,6,-1.12,1.94,3.64,-54.8019,-68.303
"Tierra del Fuego, Antártida e Islas del Atlántico Sur",1984,7,-2.75,1.61,3.62,-54.8019,-68.303
"Tierra del Fuego, Antártida e Islas del Atlántico Sur",1984,8,-0.2,1.62,4.71,-54.8019,-68.303
"Tierra del Fuego, Antártida e Islas del Atlántico Sur",1984,9,2.12,1.06,4.11,-54.8019,-68.303
"Tierra del Fuego, Antártida e Islas del Atlántico Sur",1984,10,3.22,1.65,4.34,-54.8019,-68.303
"Tierra del Fuego, Antártida e Islas del Atlántico Sur",1984,11,6.03,1.7,5.07,-54.8019,-68.303
"Tierra del Fuego, Antártida e Islas del Atlántico Sur",1984,12,8.73,1.22,3.14,-54.8019,-68.303
"Tierra del Fuego, Antártida e Islas del Atlántico Sur",1985,1,9.39,2.4,4.4,-54.8019,-68.303
"Tierra del Fuego, Antártida e Islas del Atlántico Sur",1985,2,8.44,1.82,5.12,-54.8019,-68.303
"Tierra del Fuego, Antártida e Islas del Atlántico Sur",1985,3,4.74,1.72,4.17,-54.8019,-68.303
"Tierra del Fuego, Antártida e Islas del Atlántico Sur",1985,4,3.49,1.17,4.16,-54.8019,-68.303
"Tierra del Fuego, Antártida e Islas del Atlántico Sur",1985,5,0.72,1.64,3.51,-54.8019,-68.303
"Tierra del Fuego, Antártida e Islas del Atlántico Sur",1985,6,-0.04,0.96,3.46,-54.8019,-68.303
"Tierra del Fuego, Antártida e Islas del Atlántico Sur",1985,7,0.17,1.11,4.65,-54.8019,-68.303
"Tierra del Fuego, Antártida e Islas del Atlántico Sur",1985,8,0.98,1.61,5.99,-54.8019,-68.303
"Tierra del Fuego, Antártida e Islas del Atlántico Sur",1985,9,2.01,1.14,5.33,-54.8019,-68.303
"Tierra del Fuego, Antártida e Islas del Atlántico Sur",1985,10,4.19,0.88,4.51,-54.8019,-68.303
"Tierra del Fuego, Antártida e Islas del Atlántico Sur",1985,11,6.69,1.45,4.56,-54.8019,-68.303
"Tierra del Fuego, Antártida e Islas del Atlántico Sur",1985,12,7.27,2.77,5.62,-54.8019,-68.303
"Tierra del Fuego, Antártida e Islas del Atlántico Sur",1986,1,7.31,2.47,5.16,-54.8019,-68.303
"Tierra del Fuego, Antártida e Islas del Atlántico Sur",1986,2,6.45,2.77,5.12,-54.8019,-68.303
"Tierra del Fuego, Antártida e Islas del Atlántico Sur",1986,3,5.32,1.38,4.74,-54.8019,-68.303
"Tierra del Fuego, Antártida e Islas del Atlántico Sur",1986,4,2.96,1.67,4.28,-54.8019,-68.303
"Tierra del Fuego, Antártida e Islas del Atlántico Sur",1986,5,-0.6,2.64,3.43,-54.8019,-68.303
"Tierra del Fuego, Antártida e Islas del Atlántico Sur",1986,6,-1.33,2.35,4.94,-54.8019,-68.303
"Tierra del Fuego, Antártida e Islas del Atlántico Sur",1986,7,-0.49,2.87,5.01,-54.8019,-68.303
"Tierra del Fuego, Antártida e Islas del Atlántico Sur",1986,8,0.34,1.19,5.0,-54.8019,-68.303
"Tierra del Fuego, Antártida e Islas del Atlántico Sur",1986,9,1.14,1.99,5.3,-54.8019,-68.303
"Tierra del Fuego, Antártida e Islas del Atlántico Sur",1986,10,4.08,1.04,4.42,-54.8019,-68.303
"Tierra del Fuego, Antártida e Islas del Atlántico Sur",1986,11,4.32,2.89,4.74,-54.8019,-68.303
"Tierra del Fuego, Antártida e Islas del Atlántico Sur",1986,12,6.46,3.74,5.51,-54.8019,-68.303
"Tierra del Fuego, Antártida e Islas del Atlántico Sur",1987,1,7.19,2.7,5.04,-54.8019,-68.303
"Tierra del Fuego, Antártida e Islas del Atlántico Sur",1987,2,7.66,3.09,4.39,-54.8019,-68.303
"Tierra del Fuego, Antártida e Islas del Atlántico Sur",1987,3,6.17,1.92,5.0,-54.8019,-68.303
"Tierra del Fuego, Antártida e Islas del Atlántico Sur",1987,4,3.9,2.18,4.58,-54.8019,-68.303
"Tierra del Fuego, Antártida e Islas del Atlántico Sur",1987,5,2.39,1.67,4.0,-54.8019,-68.303
"Tierra del Fuego, Antártida e Islas del Atlántico Sur",1987,6,0.44,2.15,4.47,-54.8019,-68.303
"Tierra del Fuego, Antártida e Islas del Atlántico Sur",1987,7,-2.08,2.05,4.27,-54.8019,-68.303
"Tierra del Fuego, Antártida e Islas del Atlántico Sur",1987,8,-0.72,0.82,4.09,-54.8019,-68.303
"Tierra del Fuego, Antártida e Islas del Atlántico Sur",1987,9,1.06,1.96,5.37,-54.8019,-68.303
"Tierra del Fuego, Antártida e Islas del Atlántico Sur",1987,10,4.2,1.37,4.65,-54.8019,-68.303
"Tierra del Fuego, Antártida e Islas del Atlántico Sur",1987,11,6.28,2.05,5.79,-54.8019,-68.303
"Tierra del Fuego, Antártida e Islas del Atlántico Sur",1987,12,7.34,2.42,4.83,-54.8019,-68.303
"Tierra del Fuego, Antártida e Islas del Atlántico Sur",1988,1,6.82,3.03,4.77,-54.8019,-68.303
"Tierra del Fuego, Antártida e Islas del Atlántico Sur",1988,2,8.16,2.11,5.15,-54.8019,-68.303
"Tierra del Fuego, Antártida e Islas del Atlántico Sur",1988,3,7.21,2.52,5.11,-54.8019,-68.303
"Tierra del Fuego, Antártida e Islas del Atlántico Sur",1988,4,3.59,2.51,4.13,-54.8019,-68.303
"Tierra del Fuego, Antártida e Islas del Atlántico Sur",1988,5,2.47,2.04,3.55,-54.8019,-68.303
"Tierra del Fuego, Antártida e Islas del Atlántico Sur",1988,6,0.73,1.72,4.55,-54.8019,-68.303
"Tierra del Fuego, Antártida e Islas del Atlántico Sur",1988,7,0.16,1.82,5.4,-54.8019,-68.303
"Tierra del Fuego, Antártida e Islas del Atlántico Sur",1988,8,-1.18,2.21,4.79,-54.8019,-68.303
"Tierra del Fuego, Antártida e Islas del Atlántico Sur",1988,9,2.32,1.88,5.52,-54.8019,-68.303
"Tierra del Fuego, Antártida e Islas del Atlántico Sur",1988,10,3.21,1.48,4.48,-54.8019,-68.303
"Tierra del Fuego, Antártida e Islas del Atlántico Sur",1988,11,5.5,2.15,6.04,-54.8019,-68.303
"Tierra del Fuego, Antártida e Islas del Atlántico Sur",1988,12,6.08,2.02,5.28,-54.8019,-68.303
"Tierra del Fuego, Antártida e Islas del Atlántico Sur",1989,1,8.3,3.28,4.27,-54.8019,-68.303
"Tierra del Fuego, Antártida e Islas del Atlántico Sur",1989,2,8.42,1.46,5.33,-54.8019,-68.303
"Tierra del Fuego, Antártida e Islas del Atlántico Sur",1989,3,6.85,1.32,4.92,-54.8019,-68.303
"Tierra del Fuego, Antártida e Islas del Atlántico Sur",1989,4,3.92,2.03,3.89,-54.8019,-68.303
"Tierra del Fuego, Antártida e Islas del Atlántico Sur",1989,5,2.4,1.38,4.78,-54.8019,-68.303
"Tierra del Fuego, Antártida e Islas del Atlántico Sur",1989,6,0.16,1.69,5.2,-54.8019,-68.303
"Tierra del Fuego, Antártida e Islas del Atlántico Sur",1989,7,0.61,0.92,4.58,-54.8019,-68.303
"Tierra del Fuego, Antártida e Islas del Atlántico Sur",1989,8,0.55,1.04,4.56,-54.8019,-68.303
"Tierra del Fuego, Antártida e Islas del Atlántico Sur",1989,9,1.26,1.32,5.82,-54.8019,-68.303
"Tierra del Fuego, Antártida e Islas del Atlántico Sur",1989,10,4.01,1.62,6.7,-54.8019,-68.303
"Tierra del Fuego, Antártida e Islas del Atlántico Sur",1989,11,5.93,2.27,5.25,-54.8019,-68.303
"Tierra del Fuego, Antártida e Islas del Atlántico Sur",1989,12,7.18,2.75,4.18,-54.8019,-68.303
"Tierra del Fuego, Antártida e Islas del Atlántico Sur",1990,1,7.62,2.25,4.61,-54.8019,-68.303
"Tierra del Fuego, Antártida e Islas del Atlántico Sur",1990,2,9.0,1.57,4.33,-54.8019,-68.303
"Tierra del Fuego, Antártida e Islas del Atlántico Sur",1990,3,6.39,2.67,5.07,-54.8019,-68.303
"Tierra del Fuego, Antártida e Islas del Atlántico Sur",1990,4,2.55,3.28,4.73,-54.8019,-68.303
"Tierra del Fuego, Antártida e Islas del Atlántico Sur",1990,5,2.46,2.1,4.54,-54.8019,-68.303
"Tierra del Fuego, Antártida e Islas del Atlántico Sur",1990,6,-0.45,2.15,4.86,-54.8019,-68.303
"Tierra del Fuego, Antártida e Islas del Atlántico Sur",1990,7,0.03,1.47,4.85,-54.8019,-68.303
"Tierra del Fuego, Antártida e Islas del Atlántico Sur",1990,8,-0.07,2.24,6.27,-54.8019,-68.303
"Tierra del Fuego, Antártida e Islas del Atlántico Sur",1990,9,1.22,1.64,5.11,-54.8019,-68.303
"Tierra del Fuego, Antártida e Islas del Atlántico Sur",1990,10,3.48,1.61,5.76,-54.8019,-68.303
"Tierra del Fuego, Antártida e Islas del Atlántico Sur",1990,11,3.96,1.61,6.7,-54.8019,-68.303
"Tierra del Fuego, Antártida e Islas del Atlántico Sur",1990,12,5.7,2.01,4.75,-54.8019,-68.303
"Tierra del Fuego, Antártida e Islas del Atlántico Sur",1991,1,7.96,1.59,4.75,-54.8019,-68.303
"Tierra del Fuego, Antártida e Islas del Atlántico Sur",1991,2,7.38,2.37,4.58,-54.8019,-68.303
"Tierra del Fuego, Antártida e Islas del Atlántico Sur",1991,3,5.06,2.41,4.63,-54.8019,-68.303
"Tierra del Fuego, Antártida e Islas del Atlántico Sur",1991,4,3.67,1.51,4.27,-54.8019,-68.303
"Tierra del Fuego, Antártida e Islas del Atlántico Sur",1991,5,1.48,3.25,4.86,-54.8019,-68.303
"Tierra del Fuego, Antártida e Islas del Atlántico Sur",1991,6,-2.14,2.53,5.27,-54.8019,-68.303
"Tierra del Fuego, Antártida e Islas del Atlántico Sur",1991,7,-1.91,1.27,4.45,-54.8019,-68.303
"Tierra del Fuego, Antártida e Islas del Atlántico Sur",1991,8,-1.07,0.86,5.75,-54.8019,-68.303
"Tierra del Fuego, Antártida e Islas del Atlántico Sur",1991,9,0.84,1.35,5.18,-54.8019,-68.303
"Tierra del Fuego, Antártida e Islas del Atlántico Sur",1991,10,2.36,1.94,5.68,-54.8019,-68.303
"Tierra del Fuego, Antártida e Islas del Atlántico Sur",1991,11,4.56,1.94,4.66,-54.8019,-68.303
"Tierra del Fuego, Antártida e Islas del Atlántico Sur",1991,12,5.14,3.03,3.97,-54.8019,-68.303
"Tierra del Fuego, Antártida e Islas del Atlántico Sur",1992,1,8.8,1.56,4.69,-54.8019,-68.303
"Tierra del Fuego, Antártida e Islas del Atlántico Sur",1992,2,5.89,1.94,4.57,-54.8019,-68.303
"Tierra del Fuego, Antártida e Islas del Atlántico Sur",1992,3,4.56,4.61,4.77,-54.8019,-68.303
"Tierra del Fuego, Antártida e Islas del Atlántico Sur",1992,4,3.67,2.29,4.02,-54.8019,-68.303
"Tierra del Fuego, Antártida e Islas del Atlántico Sur",1992,5,0.68,3.34,3.92,-54.8019,-68.303
"Tierra del Fuego, Antártida e Islas del Atlántico Sur",1992,6,-2.66,2.03,4.14,-54.8019,-68.303
"Tierra del Fuego, Antártida e Islas del Atlántico Sur",1992,7,-1.87,0.9,4.16,-54.8019,-68.303
"Tierra del Fuego, Antártida e Islas del Atlántico Sur",1992,8,-0.38,0.85,4.68,-54.8019,-68.303
"Tierra del Fuego, Antártida e Islas del Atlántico Sur",1992,9,0.67,1.64,5.03,-54.8019,-68.303
"Tierra del Fuego, Antártida e Islas del Atlántico Sur",1992,10,2.41,2.03,5.38,-54.8019,-68.303
"Tierra del Fuego, Antártida e Islas del Atlántico Sur",1992,11,5.75,1.48,4.31,-54.8019,-68.303
"Tierra del Fuego, Antártida e Islas del Atlántico Sur",1992,12,8.56,2.39,4.12,-54.8019,-68.303
"Tierra del Fuego, Antártida e Islas del Atlántico Sur",1993,1,7.18,2.76,3.77,-54.8019,-68.303
"Tierra del Fuego, Antártida e Islas del Atlántico Sur",1993,2,7.83,2.18,5.51,-54.8019,-68.303
"Tierra del Fuego, Antártida e Islas del Atlántico Sur",1993,3,5.87,1.94,4.74,-54.8019,-68.303
"Tierra del Fuego, Antártida e Islas del Atlántico Sur",1993,4,2.95,1.63,4.55,-54.8019,-68.303
"Tierra del Fuego, Antártida e Islas del Atlántico Sur",1993,5,1.78,1.66,4.3,-54.8019,-68.303
"Tierra del Fuego, Antártida e Islas del Atlántico Sur",1993,6,-1.28,1.3,3.79,-54.8019,-68.303
"Tierra del Fuego, Antártida e Islas del Atlántico Sur",1993,7,0.02,1.56,4.96,-54.8019,-68.303
"Tierra del Fuego, Antártida e Islas del Atlántico Sur",1993,8,1.0,1.66,5.57,-54.8019,-68.303
"Tierra del Fuego, Antártida e Islas del Atlántico Sur",1993,9,2.1,1.89,6.2,-54.8019,-68.303
"Tierra del Fuego, Antártida e Islas del Atlántico Sur",1993,10,3.91,1.65,5.73,-54.8019,-68.303
"Tierra del Fuego, Antártida e Islas del Atlántico Sur",1993,11,5.59,1.72,5.95,-54.8019,-68.303
"Tierra del Fuego, Antártida e Islas del Atlántico Sur",1993,12,5.61,2.04,5.15,-54.8019,-68.303
"Tierra del Fuego, Antártida e Islas del Atlántico Sur",1994,1,8.21,2.17,5.22,-54.8019,-68.303
"Tierra del Fuego, Antártida e Islas del Atlántico Sur",1994,2,6.48,2.8,5.19,-54.8019,-68.303
"Tierra del Fuego, Antártida e Islas del Atlántico Sur",1994,3,5.88,2.17,4.61,-54.8019,-68.303
"Tierra del Fuego, Antártida e Islas del Atlántico Sur",1994,4,4.08,3.4,4.21,-54.8019,-68.303
"Tierra del Fuego, Antártida e Islas del Atlántico Sur",1994,5,0.5,1.75,3.69,-54.8019,-68.303
"Tierra del Fuego, Antártida e Islas del Atlántico Sur",1994,6,-0.39,1.4,3.88,-54.8019,-68.303
"Tierra del Fuego, Antártida e Islas del Atlántico Sur",1994,7,-1.3,1.32,4.37,-54.8019,-68.303
"Tierra del Fuego, Antártida e Islas del Atlántico Sur",1994,8,1.06,1.5,4.77,-54.8019,-68.303
"Tierra del Fuego, Antártida e Islas del Atlántico Sur",1994,9,0.97,1.56,6.2,-54.8019,-68.303
"Tierra del Fuego, Antártida e Islas del Atlántico Sur",1994,10,2.17,1.95,5.73,-54.8019,-68.303
"Tierra del Fuego, Antártida e Islas del Atlántico Sur",1994,11,6.15,1.51,4.64,-54.8019,-68.303
"Tierra del Fuego, Antártida e Islas del Atlántico Sur",1994,12,6.88,2.43,4.34,-54.8019,-68.303
"Tierra del Fuego, Antártida e Islas del Atlántico Sur",1995,1,8.19,2.08,4.41,-54.8019,-68.303
"Tierra del Fuego, Antártida e Islas del Atlántico Sur",1995,2,7.39,2.17,5.12,-54.8019,-68.303
"Tierra del Fuego, Antártida e Islas del Atlántico Sur",1995,3,4.75,2.16,5.41,-54.8019,-68.303
"Tierra del Fuego, Antártida e Islas del Atlántico Sur",1995,4,5.08,1.53,4.5,-54.8019,-68.303
"Tierra del Fuego, Antártida e Islas del Atlántico Sur",1995,5,2.59,2.26,4.83,-54.8019,-68.303
"Tierra del Fuego, Antártida e Islas del Atlántico Sur",1995,6,-1.3,2.94,4.79,-54.8019,-68.303
"Tierra del Fuego, Antártida e Islas del Atlántico Sur",1995,7,-3.02,2.26,4.49,-54.8019,-68.303
"Tierra del Fuego, Antártida e Islas del Atlántico Sur",1995,8,-2.27,2.4,4.66,-54.8019,-68.303
"Tierra del Fuego, Antártida e Islas del Atlántico Sur",1995,9,0.29,2.06,5.35,-54.8019,-68.303
"Tierra del Fuego, Antártida e Islas del Atlántico Sur",1995,10,3.44,2.0,5.19,-54.8019,-68.303
"Tierra del Fuego, Antártida e Islas del Atlántico Sur",1995,11,4.83,2.0,5.83,-54.8019,-68.303
"Tierra del Fuego, Antártida e Islas del Atlántico Sur",1995,12,7.02,2.04,5.75,-54.8019,-68.303
"Tierra del Fuego, Antártida e Islas del Atlántico Sur",1996,1,5.99,2.6,4.82,-54.8019,-68.303
"Tierra del Fuego, Antártida e Islas del Atlántico Sur",1996,2,6.88,2.94,4.85,-54.8019,-68.303
"Tierra del Fuego, Antártida e Islas del Atlántico Sur",1996,3,5.77,2.55,5.24,-54.8019,-68.303
"Tierra del Fuego, Antártida e Islas del Atlántico Sur",1996,4,3.16,2.71,4.12,-54.8019,-68.303
"Tierra del Fuego, Antártida e Islas del Atlántico Sur",1996,5,3.09,2.43,5.59,-54.8019,-68.303
"Tierra del Fuego, Antártida e Islas del Atlántico Sur",1996,6,-0.12,2.41,5.2,-54.8019,-68.303
"Tierra del Fuego, Antártida e Islas del Atlántico Sur",1996,7,-0.03,1.65,5.48,-54.8019,-68.303
"Tierra del Fuego, Antártida e Islas del Atlántico Sur",1996,8,0.51,1.09,5.59,-54.8019,-68.303
"Tierra del Fuego, Antártida e Islas del Atlántico Sur",1996,9,3.0,1.43,4.67,-54.8019,-68.303
"Tierra del Fuego, Antártida e Islas del Atlántico Sur",1996,10,3.63,1.28,5.06,-54.8019,-68.303
"Tierra del Fuego, Antártida e Islas del Atlántico Sur",1996,11,4.98,1.4,6.13,-54.8019,-68.303
"Tierra del Fuego, Antártida e Islas del Atlántico Sur",1996,12,6.37,2.23,5.31,-54.8019,-68.303
"Tierra del Fuego, Antártida e Islas del Atlántico Sur",1997,1,7.12,2.53,4.74,-54.8019,-68.303
"Tierra del Fuego, Antártida e Islas del Atlántico Sur",1997,2,5.92,2.97,4.59,-54.8019,-68.303
"Tierra del Fuego, Antártida e Islas del Atlántico Sur",1997,3,6.51,1.59,5.0,-54.8019,-68.303
"Tierra del Fuego, Antártida e Islas del Atlántico Sur",1997,4,3.08,2.95,4.8,-54.8019,-68.303
"Tierra del Fuego, Antártida e Islas del Atlántico Sur",1997,5,0.76,1.06,3.43,-54.8019,-68.303
"Tierra del Fuego, Antártida e Islas del Atlántico Sur",1997,6,-0.52,2.03,3.39,-54.8019,-68.303
"Tierra del Fuego, Antártida e Islas del Atlántico Sur",1997,7,-1.81,1.96,4.93,-54.8019,-68.303
"Tierra del Fuego, Antártida e Islas del Atlántico Sur",1997,8,-0.09,2.24,5.83,-54.8019,-68.303
"Tierra del Fuego, Antártida e Islas del Atlántico Sur",1997,9,0.67,1.79,5.08,-54.8019,-68.303
"Tierra del Fuego, Antártida e Islas del Atlántico Sur",1997,10,2.87,1.35,4.89,-54.8019,-68.303
"Tierra del Fuego, Antártida e Islas del Atlántico Sur",1997,11,5.39,2.37,4.26,-54.8019,-68.303
"Tierra del Fuego, Antártida e Islas del Atlántico Sur",1997,12,6.26,3.6,4.66,-54.8019,-68.303
"Tierra del Fuego, Antártida e Islas del Atlántico Sur",1998,1,7.51,3.79,5.26,-54.8019,-68.303
"Tierra del Fuego, Antártida e Islas del Atlántico Sur",1998,2,8.16,1.27,4.44,-54.8019,-68.303
"Tierra del Fuego, Antártida e Islas del Atlántico Sur",1998,3,7.15,1.36,4.37,-54.8019,-68.303
"Tierra del Fuego, Antártida e Islas del Atlántico Sur",1998,4,5.14,1.04,4.01,-54.8019,-68.303
"Tierra del Fuego, Antártida e Islas del Atlántico Sur",1998,5,2.49,0.85,3.34,-54.8019,-68.303
"Tierra del Fuego, Antártida e Islas del Atlántico Sur",1998,6,1.67,1.19,4.43,-54.8019,-68.303
"Tierra del Fuego, Antártida e Islas del Atlántico Sur",1998,7,1.53,2.02,7.31,-54.8019,-68.303
"Tierra del Fuego, Antártida e Islas del Atlántico Sur",1998,8,1.02,2.15,6.78,-54.8019,-68.303
"Tierra del Fuego, Antártida e Islas del Atlántico Sur",1998,9,1.41,1.23,6.05,-54.8019,-68.303
"Tierra del Fuego, Antártida e Islas del Atlántico Sur",1998,10,3.91,1.82,6.33,-54.8019,-68.303
"Tierra del Fuego, Antártida e Islas del Atlántico Sur",1998,11,5.62,2.09,6.24,-54.8019,-68.303
"Tierra del Fuego, Antártida e Islas del Atlántico Sur",1998,12,6.23,2.01,5.96,-54.8019,-68.303
"Tierra del Fuego, Antártida e Islas del Atlántico Sur",1999,1,7.63,2.26,5.34,-54.8019,-68.303
"Tierra del Fuego, Antártida e Islas del Atlántico Sur",1999,2,6.76,2.67,5.86,-54.8019,-68.303
"Tierra del Fuego, Antártida e Islas del Atlántico Sur",1999,3,5.93,2.15,4.85,-54.8019,-68.303
"Tierra del Fuego, Antártida e Islas del Atlántico Sur",1999,4,5.06,1.95,5.16,-54.8019,-68.303
"Tierra del Fuego, Antártida e Islas del Atlántico Sur",1999,5,2.08,2.1,4.99,-54.8019,-68.303
"Tierra del Fuego, Antártida e Islas del Atlántico Sur",1999,6,-0.28,1.08,4.37,-54.8019,-68.303
"Tierra del Fuego, Antártida e Islas del Atlántico Sur",1999,7,0.31,1.79,5.29,-54.8019,-68.303
"Tierra del Fuego, Antártida e Islas del Atlántico Sur",1999,8,-0.4,2.1,4.99,-54.8019,-68.303
"Tierra del Fuego, Antártida e Islas del Atlántico Sur",1999,9,0.84,1.74,5.08,-54.8019,-68.303
"Tierra del Fuego, Antártida e Islas del Atlántico Sur",1999,10,3.95,2.12,5.63,-54.8019,-68.303
"Tierra del Fuego, Antártida e Islas del Atlántico Sur",1999,11,6.54,1.45,5.21,-54.8019,-68.303
"Tierra del Fuego, Antártida e Islas del Atlántico Sur",1999,12,6.19,2.19,6.22,-54.8019,-68.303
"Tierra del Fuego, Antártida e Islas del Atlántico Sur",2000,1,6.62,2.31,5.99,-54.8019,-68.303
"Tierra del Fuego, Antártida e Islas del Atlántico Sur",2000,2,6.89,1.9,4.31,-54.8019,-68.303
"Tierra del Fuego, Antártida e Islas del Atlántico Sur",2000,3,5.44,2.69,4.03,-54.8019,-68.303
"Tierra del Fuego, Antártida e Islas del Atlántico Sur",2000,4,3.97,1.89,4.82,-54.8019,-68.303
"Tierra del Fuego, Antártida e Islas del Atlántico Sur",2000,5,1.77,1.8,4.11,-54.8019,-68.303
"Tierra del Fuego, Antártida e Islas del Atlántico Sur",2000,6,-0.71,1.38,4.32,-54.8019,-68.303
"Tierra del Fuego, Antártida e Islas del Atlántico Sur",2000,7,-1.13,2.1,4.58,-54.8019,-68.303
"Tierra del Fuego, Antártida e Islas del Atlántico Sur",2000,8,0.13,1.29,5.03,-54.8019,-68.303
"Tierra del Fuego, Antártida e Islas del Atlántico Sur",2000,9,-0.51,1.44,4.52,-54.8019,-68.303
"Tierra del Fuego, Antártida e Islas del Atlántico Sur",2000,10,2.95,1.59,5.46,-54.8019,-68.303
"Tierra del Fuego, Antártida e Islas del Atlántico Sur",2000,11,4.63,3.52,4.74,-54.8019,-68.303
"Tierra del Fuego, Antártida e Islas del Atlántico Sur",2000,12,5.08,2.99,5.15,-54.8019,-68.303
"Tierra del Fuego, Antártida e Islas del Atlántico Sur",2001,1,6.96,3.03,4.56,-54.8019,-68.303
"Tierra del Fuego, Antártida e Islas del Atlántico Sur",2001,2,6.01,2.86,4.88,-54.8019,-68.303
"Tierra del Fuego, Antártida e Islas del Atlántico Sur",2001,3,4.91,1.55,5.7,-54.8019,-68.303
"Tierra del Fuego, Antártida e Islas del Atlántico Sur",2001,4,3.48,3.28,5.58,-54.8019,-68.303
"Tierra del Fuego, Antártida e Islas del Atlántico Sur",2001,5,1.76,1.21,4.37,-54.8019,-68.303
"Tierra del Fuego, Antártida e Islas del Atlántico Sur",2001,6,-0.38,1.11,4.7,-54.8019,-68.303
"Tierra del Fuego, Antártida e Islas del Atlántico Sur",2001,7,-1.98,2.02,4.03,-54.8019,-68.303
"Tierra del Fuego, Antártida e Islas del Atlántico Sur",2001,8,-0.17,0.78,5.5,-54.8019,-68.303
"Tierra del Fuego, Antártida e Islas del Atlántico Sur",2001,9,2.15,1.03,5.11,-54.8019,-68.303
"Tierra del Fuego, Antártida e Islas del Atlántico Sur",2001,10,4.36,0.91,5.69,-54.8019,-68.303
"Tierra del Fuego, Antártida e Islas del Atlántico Sur",2001,11,4.64,1.56,5.97,-54.8019,-68.303
"Tierra del Fuego, Antártida e Islas del Atlántico Sur",2001,12,7.14,1.53,6.19,-54.8019,-68.303
"Tierra del Fuego, Antártida e Islas del Atlántico Sur",2002,1,7.05,1.55,4.9,-54.8019,-68.303
"Tierra del Fuego, Antártida e Islas del Atlántico Sur",2002,2,7.66,2.03,5.24,-54.8019,-68.303
"Tierra del Fuego, Antártida e Islas del Atlántico Sur",2002,3,3.98,1.4,4.49,-54.8019,-68.303
"Tierra del Fuego, Antártida e Islas del Atlántico Sur",2002,4,3.54,2.41,4.58,-54.8019,-68.303
"Tierra del Fuego, Antártida e Islas del Atlántico Sur",2002,5,-0.44,2.03,4.0,-54.8019,-68.303
"Tierra del Fuego, Antártida e Islas del Atlántico Sur",2002,6,-2.07,2.22,4.8,-54.8019,-68.303
"Tierra del Fuego, Antártida e Islas del Atlántico Sur",2002,7,-1.19,1.5,4.62,-54.8019,-68.303
"Tierra del Fuego, Antártida e Islas del Atlántico Sur",2002,8,-0.24,1.1,4.57,-54.8019,-68.303
"Tierra del Fuego, Antártida e Islas del Atlántico Sur",2002,9,2.05,1.08,4.3,-54.8019,-68.303
"Tierra del Fuego, Antártida e Islas del Atlántico Sur",2002,10,2.21,2.41,4.4,-54.8019,-68.303
"Tierra del Fuego, Antártida e Islas del Atlántico Sur",2002,11,4.31,2.23,4.38,-54.8019,-68.303
"Tierra del Fuego, Antártida e Islas del Atlántico Sur",2002,12,7.66,2.07,4.76,-54.8019,-68.303
"Tierra del Fuego, Antártida e Islas del Atlántico Sur",2003,1,6.69,3.3,4.88,-54.8019,-68.303
"Tierra del Fuego, Antártida e Islas del Atlántico Sur",2003,2,7.53,1.86,4.96,-54.8019,-68.303
"Tierra del Fuego, Antártida e Islas del Atlántico Sur",2003,3,6.19,2.8,4.52,-54.8019,-68.303
"Tierra del Fuego, Antártida e Islas del Atlántico Sur",2003,4,4.73,2.12,4.48,-54.8019,-68.303
"Tierra del Fuego, Antártida e Islas del Atlántico Sur",2003,5,3.32,1.79,4.97,-54.8019,-68.303
"Tierra del Fuego, Antártida e Islas del Atlántico Sur",2003,6,-1.07,2.37,4.33,-54.8019,-68.303
"Tierra del Fuego, Antártida e Islas del Atlántico Sur",2003,7,1.4,2.06,5.76,-54.8019,-68.303
"Tierra del Fuego, Antártida e Islas del Atlántico Sur",2003,8,0.92,1.23,5.75,-54.8019,-68.303
"Tierra del Fuego, Antártida e Islas del Atlántico Sur",2003,9,2.08,1.65,5.41,-54.8019,-68.303
"Tierra del Fuego, Antártida e Islas del Atlántico Sur",2003,10,3.51,1.58,5.45,-54.8019,-68.303
"Tierra del Fuego, Antártida e Islas del Atlántico Sur",2003,11,4.2,2.68,5.44,-54.8019,-68.303
"Tierra del Fuego, Antártida e Islas del Atlántico Sur",2003,12,6.0,2.89,3.92,-54.8019,-68.303
"Tierra del Fuego, Antártida e Islas del Atlántico Sur",2004,1,8.09,2.4,5.77,-54.8019,-68.303
"Tierra del Fuego, Antártida e Islas del Atlántico Sur",2004,2,9.72,1.97,4.21,-54.8019,-68.303
"Tierra del Fuego, Antártida e Islas del Atlántico Sur",2004,3,6.72,1.91,4.43,-54.8019,-68.303
"Tierra del Fuego, Antártida e Islas del Atlántico Sur",2004,4,4.34,2.22,4.22,-54.8019,-68.303
"Tierra del Fuego, Antártida e Islas del Atlántico Sur",2004,5,2.27,1.46,4.96,-54.8019,-68.303
"Tierra del Fuego, Antártida e Islas del Atlántico Sur",2004,6,1.23,1.73,4.44,-54.8019,-68.303
"Tierra del Fuego, Antártida e Islas del Atlántico Sur",2004,7,-0.55,1.87,5.15,-54.8019,-68.303
"Tierra del Fuego, Antártida e Islas del Atlántico Sur",2004,8,0.73,1.8,5.43,-54.8019,-68.303
"Tierra del Fuego, Antártida e Islas del Atlántico Sur",2004,9,1.19,1.88,6.11,-54.8019,-68.303
"Tierra del Fuego, Antártida e Islas del Atlántico Sur",2004,10,3.76,2.42,4.45,-54.8019,-68.303
"Tierra del Fuego, Antártida e Islas del Atlántico Sur",2004,11,6.35,1.71,4.93,-54.8019,-68.303
"Tierra del Fuego, Antártida e Islas del Atlántico Sur",2004,12,7.43,2.78,4.38,-54.8019,-68.303
"Tierra del Fuego, Antártida e Islas del Atlántico Sur",2005,1,7.11,2.4,5.2,-54.8019,-68.303
"Tierra del Fuego, Antártida e Islas del Atlántico Sur",2005,2,8.71,0.96,5.5,-54.8019,-68.303
"Tierra del Fuego, Antártida e Islas del Atlántico Sur",2005,3,5.8,1.96,4.72,-54.8019,-68.303
"Tierra del Fuego, Antártida e Islas del Atlántico Sur",2005,4,3.73,3.08,5.43,-54.8019,-68.303
"Tierra del Fuego, Antártida e Islas del Atlántico Sur",2005,5,1.2,1.95,3.44,-54.8019,-68.303
"Tierra del Fuego, Antártida e Islas del Atlántico Sur",2005,6,-1.22,1.25,3.41,-54.8019,-68.303
"Tierra del Fuego, Antártida e Islas del Atlántico Sur",2005,7,-0.24,1.55,4.6,-54.8019,-68.303
"Tierra del Fuego, Antártida e Islas del Atlántico Sur",2005,8,0.25,0.96,4.71,-54.8019,-68.303
"Tierra del Fuego, Antártida e Islas del Atlántico Sur",2005,9,3.0,1.39,4.69,-54.8019,-68.303
"Tierra del Fuego, Antártida e Islas del Atlántico Sur",2005,10,3.64,1.32,4.56,-54.8019,-68.303
"Tierra del Fuego, Antártida e Islas del Atlántico Sur",2005,11,5.79,3.45,4.08,-54.8019,-68.303
"Tierra del Fuego, Antártida e Islas del Atlántico Sur",2005,12,6.17,2.7,4.84,-54.8019,-68.303
"Tierra del Fuego, Antártida e Islas del Atlántico Sur",2006,1,7.95,3.01,4.14,-54.8019,-68.303
"Tierra del Fuego, Antártida e Islas del Atlántico Sur",2006,2,8.01,2.39,4.82,-54.8019,-68.303
"Tierra del Fuego, Antártida e Islas del Atlántico Sur",2006,3,6.54,1.65,5.32,-54.8019,-68.303
"Tierra del Fuego, Antártida e Islas del Atlántico Sur",2006,4,3.6,2.19,5.13,-54.8019,-68.303
"Tierra del Fuego, Antártida e Islas del Atlántico Sur",2006,5,2.96,1.67,5.52,-54.8019,-68.303
"Tierra del Fuego, Antártida e Islas del Atlántico Sur",2006,6,-0.28,2.06,4.38,-54.8019,-68.303
"Tierra del Fuego, Antártida e Islas del Atlántico Sur",2006,7,-0.2,1.87,4.66,-54.8019,-68.303
"Tierra del Fuego, Antártida e Islas del Atlántico Sur",2006,8,0.45,1.99,4.46,-54.8019,-68.303
"Tierra del Fuego, Antártida e Islas del Atlántico Sur",2006,9,1.09,1.56,4.63,-54.8019,-68.303
"Tierra del Fuego, Antártida e Islas del Atlántico Sur",2006,10,4.46,1.08,4.9,-54.8019,-68.303
"Tierra del Fuego, Antártida e Islas del Atlántico Sur",2006,11,5.05,2.28,5.66,-54.8019,-68.303
"Tierra del Fuego, Antártida e Islas del Atlántico Sur",2006,12,6.62,2.31,4.88,-54.8019,-68.303
"Tierra del Fuego, Antártida e Islas del Atlántico Sur",2007,1,7.9,2.02,5.3,-54.8019,-68.303
"Tierra del Fuego, Antártida e Islas del Atlántico Sur",2007,2,6.24,3.52,5.67,-54.8019,-68.303
"Tierra del Fuego, Antártida e Islas del Atlántico Sur",2007,3,5.93,2.71,5.04,-54.8019,-68.303
"Tierra del Fuego, Antártida e Islas del Atlántico Sur",2007,4,3.2,3.04,4.41,-54.8019,-68.303
"Tierra del Fuego, Antártida e Islas del Atlántico Sur",2007,5,1.05,2.28,4.49,-54.8019,-68.303
"Tierra del Fuego, Antártida e Islas del Atlántico Sur",2007,6,-0.08,2.69,4.54,-54.8019,-68.303
"Tierra del Fuego, Antártida e Islas del Atlántico Sur",2007,7,-1.37,1.85,4.61,-54.8019,-68.303
"Tierra del Fuego, Antártida e Islas del Atlántico Sur",2007,8,0.71,1.32,5.94,-54.8019,-68.303
"Tierra del Fuego, Antártida e Islas del Atlántico Sur",2007,9,2.81,2.05,4.5,-54.8019,-68.303
"Tierra del Fuego, Antártida e Islas del Atlántico Sur",2007,10,3.33,1.86,5.48,-54.8019,-68.303
"Tierra del Fuego, Antártida e Islas del Atlántico Sur",2007,11,3.91,2.9,5.23,-54.8019,-68.303
"Tierra del Fuego, Antártida e Islas del Atlántico Sur",2007,12,6.59,2.54,5.15,-54.8019,-68.303
"Tierra del Fuego, Antártida e Islas del Atlántico Sur",2008,1,8.03,1.48,4.94,-54.8019,-68.303
"Tierra del Fuego, Antártida e Islas del Atlántico Sur",2008,2,8.29,1.76,5.14,-54.8019,-68.303
"Tierra del Fuego, Antártida e Islas del Atlántico Sur",2008,3,7.15,2.41,4.48,-54.8019,-68.303
"Tierra del Fuego, Antártida e Islas del Atlántico Sur",2008,4,3.18,4.04,5.48,-54.8019,-68.303
"Tierra del Fuego, Antártida e Islas del Atlántico Sur",2008,5,1.08,1.71,4.72,-54.8019,-68.303
"Tierra del Fuego, Antártida e Islas del Atlántico Sur",2008,6,0.2,1.4,3.89,-54.8019,-68.303
"Tierra del Fuego, Antártida e Islas del Atlántico Sur",2008,7,-0.37,1.76,5.03,-54.8019,-68.303
"Tierra del Fuego, Antártida e Islas del Atlántico Sur",2008,8,-0.87,2.09,5.44,-54.8019,-68.303
"Tierra del Fuego, Antártida e Islas del Atlántico Sur",2008,9,2.73,0.37,3.91,-54.8019,-68.303
"Tierra del Fuego, Antártida e Islas del Atlántico Sur",2008,10,4.35,1.3,5.75,-54.8019,-68.303
"Tierra del Fuego, Antártida e Islas del Atlántico Sur",2008,11,5.46,2.36,5.55,-54.8019,-68.303
"Tierra del Fuego, Antártida e Islas del Atlántico Sur",2008,12,7.31,2.82,5.92,-54.8019,-68.303
"Tierra del Fuego, Antártida e Islas del Atlántico Sur",2009,1,7.9,2.44,5.37,-54.8019,-68.303
"Tierra del Fuego, Antártida e Islas del Atlántico Sur",2009,2,6.83,1.66,4.66,-54.8019,-68.303
"Tierra del Fuego, Antártida e Islas del Atlántico Sur",2009,3,6.32,2.71,5.47,-54.8019,-68.303
"Tierra del Fuego, Antártida e Islas del Atlántico Sur",2009,4,3.8,2.78,5.23,-54.8019,-68.303
"Tierra del Fuego, Antártida e Islas del Atlántico Sur",2009,5,0.95,2.03,4.89,-54.8019,-68.303
"Tierra del Fuego, Antártida e Islas del Atlántico Sur",2009,6,0.38,2.23,5.47,-54.8019,-68.303
"Tierra del Fuego, Antártida e Islas del Atlántico Sur",2009,7,-0.95,2.31,5.2,-54.8019,-68.303
"Tierra del Fuego, Antártida e Islas del Atlántico Sur",2009,8,-0.6,2.02,4.35,-54.8019,-68.303
"Tierra del Fuego, Antártida e Islas del Atlántico Sur",2009,9,1.94,1.38,5.54,-54.8019,-68.303
"Tierra del Fuego, Antártida e Islas del Atlántico Sur",2009,10,2.6,1.64,6.29,-54.8019,-68.303
"Tierra del Fuego, Antártida e Islas del Atlántico Sur",2009,11,2.01,1.99,5.03,-54.8019,-68.303
"Tierra del Fuego, Antártida e Islas del Atlántico Sur",2009,12,6.21,1.49,4.97,-54.8019,-68.303
"Tierra del Fuego, Antártida e Islas del Atlántico Sur",2010,1,6.88,4.19,5.06,-54.8019,-68.303
"Tierra del Fuego, Antártida e Islas del Atlántico Sur",2010,2,5.63,2.85,5.08,-54.8019,-68.303
"Tierra del Fuego, Antártida e Islas del Atlántico Sur",2010,3,5.81,1.99,4.98,-54.8019,-68.303
"Tierra del Fuego, Antártida e Islas del Atlántico Sur",2010,4,4.31,1.64,4.72,-54.8019,-68.303
"Tierra del Fuego, Antártida e Islas del Atlántico Sur",2010,5,2.59,1.83,5.37,-54.8019,-68.303
"Tierra del Fuego, Antártida e Islas del Atlántico Sur",2010,6,-0.67,2.02,5.02,-54.8019,-68.303
"Tierra del Fuego, Antártida e Islas del Atlántico Sur",2010,7,-0.75,1.36,4.71,-54.8019,-68.303
"Tierra del Fuego, Antártida e Islas del Atlántico Sur",2010,8,0.46,1.17,5.88,-54.8019,-68.303
"Tierra del Fuego, Antártida e Islas del Atlántico Sur",2010,9,1.84,1.18,4.86,-54.8019,-68.303
"Tierra del Fuego, Antártida e Islas del Atlántico Sur",2010,10,4.15,0.75,5.32,-54.8019,-68.303
"Tierra del Fuego, Antártida e Islas del Atlántico Sur",2010,11,5.63,0.97,5.46,-54.8019,-68.303
"Tierra del Fuego, Antártida e Islas del Atlántico Sur",2010,12,4.96,2.66,6.22,-54.8019,-68.303
"Tierra del Fuego, Antártida e Islas del Atlántico Sur",2011,1,7.13,2.96,4.77,-54.8019,-68.303
"Tierra del Fuego, Antártida e Islas del Atlántico Sur",2011,2,8.16,1.26,4.41,-54.8019,-68.303
"Tierra del Fuego, Antártida e Islas del Atlántico Sur",2011,3,6.28,1.16,4.59,-54.8019,-68.303
"Tierra del Fuego, Antártida e Islas del Atlántico Sur",2011,4,2.56,1.92,5.13,-54.8019,-68.303
"Tierra del Fuego, Antártida e Islas del Atlántico Sur",2011,5,1.86,1.81,5.12,-54.8019,-68.303
"Tierra del Fuego, Antártida e Islas del Atlántico Sur",2011,6,0.12,1.23,5.21,-54.8019,-68.303
"Tierra del Fuego, Antártida e Islas del Atlántico Sur",2011,7,-0.84,1.15,4.12,-54.8019,-68.303
"Tierra del Fuego, Antártida e Islas del Atlántico Sur",2011,8,-1.53,1.5,3.82,-54.8019,-68.303
"Tierra del Fuego, Antártida e Islas del Atlántico Sur",2011,9,1.15,1.16,4.83,-54.8019,-68.303
"Tierra del Fuego, Antártida e Islas del Atlántico Sur",2011,10,3.91,0.72,5.63,-54.8019,-68.303
"Tierra del Fuego, Antártida e Islas del Atlántico Sur",2011,11,5.94,1.44,5.0,-54.8019,-68.303
"Tierra del Fuego, Antártida e Islas del Atlántico Sur",2011,12,8.58,1.9,5.17,-54.8019,-68.303
"Tierra del Fuego, Antártida e Islas del Atlántico Sur",2012,1,7.91,1.95,5.12,-54.8019,-68.303
"Tierra del Fuego, Antártida e Islas del Atlántico Sur",2012,2,4.96,1.92,5.34,-54.8019,-68.303
"Tierra del Fuego, Antártida e Islas del Atlántico Sur",2012,3,6.22,2.16,5.05,-54.8019,-68.303
"Tierra del Fuego, Antártida e Islas del Atlántico Sur",2012,4,3.08,2.34,4.88,-54.8019,-68.303
"Tierra del Fuego, Antártida e Islas del Atlántico Sur",2012,5,0.78,1.48,4.79,-54.8019,-68.303
"Tierra del Fuego, Antártida e Islas del Atlántico Sur",2012,6,-1.42,2.41,6.1,-54.8019,-68.303
"Tierra del Fuego, Antártida e Islas del Atlántico Sur",2012,7,-1.4,1.96,5.52,-54.8019,-68.303
"Tierra del Fuego, Antártida e Islas del Atlántico Sur",2012,8,0.81,0.77,5.43,-54.8019,-68.303
"Tierra del Fuego, Antártida e Islas del Atlántico Sur",2012,9,2.42,2.37,4.73,-54.8019,-68.303
"Tierra del Fuego, Antártida e Islas del Atlántico Sur",2012,10,3.27,1.33,5.72,-54.8019,-68.303
"Tierra del Fuego, Antártida e Islas del Atlántico Sur",2012,11,5.3,2.55,5.38,-54.8019,-68.303
"Tierra del Fuego, Antártida e Islas del Atlántico Sur",2012,12,5.06,3.45,4.15,-54.8019,-68.303
"Tierra del Fuego, Antártida e Islas del Atlántico Sur",2013,1,8.46,2.41,5.27,-54.8019,-68.303
"Tierra del Fuego, Antártida e Islas del Atlántico Sur",2013,2,7.08,2.75,4.83,-54.8019,-68.303
"Tierra del Fuego, Antártida e Islas del Atlántico Sur",2013,3,6.71,1.75,4.1,-54.8019,-68.303
"Tierra del Fuego, Antártida e Islas del Atlántico Sur",2013,4,5.66,1.19,4.51,-54.8019,-68.303
"Tierra del Fuego, Antártida e Islas del Atlántico Sur",2013,5,1.7,1.49,4.9,-54.8019,-68.303
"Tierra del Fuego, Antártida e Islas del Atlántico Sur",2013,6,0.49,1.86,5.24,-54.8019,-68.303
"Tierra del Fuego, Antártida e Islas del Atlántico Sur",2013,7,0.75,1.71,6.56,-54.8019,-68.303
"Tierra del Fuego, Antártida e Islas del Atlántico Sur",2013,8,-1.23,1.82,5.59,-54.8019,-68.303
"Tierra del Fuego, Antártida e Islas del Atlántico Sur",2013,9,1.34,0.76,4.52,-54.8019,-68.303
"Tierra del Fuego, Antártida e Islas del Atlántico Sur",2013,10,3.7,1.32,5.84,-54.8019,-68.303
"Tierra del Fuego, Antártida e Islas del Atlántico Sur",2013,11,4.29,2.23,6.11,-54.8019,-68.303
"Tierra del Fuego, Antártida e Islas del Atlántico Sur",2013,12,4.93,2.85,5.28,-54.8019,-68.303
"Tierra del Fuego, Antártida e Islas del Atlántico Sur",2014,1,5.64,2.78,5.07,-54.8019,-68.303
"Tierra del Fuego, Antártida e Islas del Atlántico Sur",2014,2,6.61,2.51,4.41,-54.8019,-68.303
"Tierra del Fuego, Antártida e Islas del Atlántico Sur",2014,3,4.24,4.03,5.45,-54.8019,-68.303
"Tierra del Fuego, Antártida e Islas del Atlántico Sur",2014,4,3.87,1.62,3.99,-54.8019,-68.303
"Tierra del Fuego, Antártida e Islas del Atlántico Sur",2014,5,1.63,1.29,4.52,-54.8019,-68.303
"Tierra del Fuego, Antártida e Islas del Atlántico Sur",2014,6,0.21,1.49,4.21,-54.8019,-68.303
"Tierra del Fuego, Antártida e Islas del Atlántico Sur",2014,7,-0.41,1.33,5.07,-54.8019,-68.303
"Tierra del Fuego, Antártida e Islas del Atlántico Sur",2014,8,0.34,1.49,4.28,-54.8019,-68.303
"Tierra del Fuego, Antártida e Islas del Atlántico Sur",2014,9,1.51,1.69,4.79,-54.8019,-68.303
"Tierra del Fuego, Antártida e Islas del Atlántico Sur",2014,10,3.33,1.25,5.33,-54.8019,-68.303
"Tierra del Fuego, Antártida e Islas del Atlántico Sur",2014,11,4.42,1.8,5.89,-54.8019,-68.303
"Tierra del Fuego, Antártida e Islas del Atlántico Sur",2014,12,5.91,2.64,5.16,-54.8019,-68.303
"Tierra del Fuego, Antártida e Islas del Atlántico Sur",2015,1,6.87,1.7,4.83,-54.8019,-68.303
"Tierra del Fuego, Antártida e Islas del Atlántico Sur",2015,2,6.58,2.69,5.19,-54.8019,-68.303
"Tierra del Fuego, Antártida e Islas del Atlántico Sur",2015,3,6.43,1.82,5.16,-54.8019,-68.303
"Tierra del Fuego, Antártida e Islas del Atlántico Sur",2015,4,3.54,1.92,4.45,-54.8019,-68.303
"Tierra del Fuego, Antártida e Islas del Atlántico Sur",2015,5,1.48,2.17,4.58,-54.8019,-68.303
"Tierra del Fuego, Antártida e Islas del Atlántico Sur",2015,6,-0.87,2.54,5.23,-54.8019,-68.303
"Tierra del Fuego, Antártida e Islas del Atlántico Sur",2015,7,-2.06,1.75,4.36,-54.8019,-68.303
"Tierra del Fuego, Antártida e Islas del Atlántico Sur",2015,8,-1.13,1.45,5.45,-54.8019,-68.303
"Tierra del Fuego, Antártida e Islas del Atlántico Sur",2015,9,0.11,1.86,6.41,-54.8019,-68.303
"Tierra del Fuego, Antártida e Islas del Atlántico Sur",2015,10,3.11,1.13,5.02,-54.8019,-68.303
"Tierra del Fuego, Antártida e Islas del Atlántico Sur",2015,11,4.87,1.64,5.61,-54.8019,-68.303
"Tierra del Fuego, Antártida e Islas del Atlántico Sur",2015,12,5.53,1.9,4.49,-54.8019,-68.303
"Tierra del Fuego, Antártida e Islas del Atlántico Sur",2016,1,7.05,1.71,5.89,-54.8019,-68.303
"Tierra del Fuego, Antártida e Islas del Atlántico Sur",2016,2,6.71,2.62,5.04,-54.8019,-68.303
"Tierra del Fuego, Antártida e Islas del Atlántico Sur",2016,3,6.83,1.85,5.35,-54.8019,-68.303
"Tierra del Fuego, Antártida e Islas del Atlántico Sur",2016,4,2.76,1.97,4.97,-54.8019,-68.303
"Tierra del Fuego, Antártida e Islas del Atlántico Sur",2016,5,2.07,0.76,3.56,-54.8019,-68.303
"Tierra del Fuego, Antártida e Islas del Atlántico Sur",2016,6,2.21,1.64,4.78,-54.8019,-68.303
"Tierra del Fuego, Antártida e Islas del Atlántico Sur",2016,7,-0.14,1.36,5.09,-54.8019,-68.303
"Tierra del Fuego, Antártida e Islas del Atlántico Sur",2016,8,-0.18,1.43,4.79,-54.8019,-68.303
"Tierra del Fuego, Antártida e Islas del Atlántico Sur",2016,9,3.32,0.67,4.94,-54.8019,-68.303
"Tierra del Fuego, Antártida e Islas del Atlántico Sur",2016,10,4.85,0.83,4.68,-54.8019,-68.303
"Tierra del Fuego, Antártida e Islas del Atlántico Sur",2016,11,5.86,2.27,5.48,-54.8019,-68.303
"Tierra del Fuego, Antártida e Islas del Atlántico Sur",2016,12,6.47,2.61,4.36,-54.8019,-68.303
"Tierra del Fuego, Antártida e Islas del Atlántico Sur",2017,1,6.74,2.67,4.87,-54.8019,-68.303
"Tierra del Fuego, Antártida e Islas del Atlántico Sur",2017,2,8.15,2.09,4.31,-54.8019,-68.303
"Tierra del Fuego, Antártida e Islas del Atlántico Sur",2017,3,6.46,1.44,3.7,-54.8019,-68.303
"Tierra del Fuego, Antártida e Islas del Atlántico Sur",2017,4,4.77,1.61,4.29,-54.8019,-68.303
"Tierra del Fuego, Antártida e Islas del Atlántico Sur",2017,5,2.44,2.45,4.47,-54.8019,-68.303
"Tierra del Fuego, Antártida e Islas del Atlántico Sur",2017,6,-0.51,2.76,4.73,-54.8019,-68.303
"Tierra del Fuego, Antártida e Islas del Atlántico Sur",2017,7,1.14,1.32,5.77,-54.8019,-68.303
"Tierra del Fuego, Antártida e Islas del Atlántico Sur",2017,8,0.61,1.61,5.18,-54.8019,-68.303
"Tierra del Fuego, Antártida e Islas del Atlántico Sur",2017,9,1.67,1.32,6.17,-54.8019,-68.303
"Tierra del Fuego, Antártida e Islas del Atlántico Sur",2017,10,3.43,1.17,5.11,-54.8019,-68.303
"Tierra del Fuego, Antártida e Islas del Atlántico Sur",2017,11,5.87,2.73,5.08,-54.8019,-68.303
"Tierra del Fuego, Antártida e Islas del Atlántico Sur",2017,12,6.11,2.04,5.63,-54.8019,-68.303
"Tierra del Fuego, Antártida e Islas del Atlántico Sur",2018,1,7.84,2.38,4.75,-54.8019,-68.303
"Tierra del Fuego, Antártida e Islas del Atlántico Sur",2018,2,8.23,1.66,5.26,-54.8019,-68.303
"Tierra del Fuego, Antártida e Islas del Atlántico Sur",2018,3,5.73,1.42,5.1,-54.8019,-68.303
"Tierra del Fuego, Antártida e Islas del Atlántico Sur",2018,4,3.23,1.66,4.26,-54.8019,-68.303
"Tierra del Fuego, Antártida e Islas del Atlántico Sur",2018,5,2.09,1.62,4.21,-54.8019,-68.303
"Tierra del Fuego, Antártida e Islas del Atlántico Sur",2018,6,-0.22,1.86,4.34,-54.8019,-68.303
"Tierra del Fuego, Antártida e Islas del Atlántico Sur",2018,7,-1.04,1.24,4.68,-54.8019,-68.303
"Tierra del Fuego, Antártida e Islas del Atlántico Sur",2018,8,0.61,1.4,5.41,-54.8019,-68.303
"Tierra del Fuego, Antártida e Islas del Atlántico Sur",2018,9,0.83,1.91,4.67,-54.8019,-68.303
"Tierra del Fuego, Antártida e Islas del Atlántico Sur",2018,10,2.87,2.11,4.73,-54.8019,-68.303
"Tierra del Fuego, Antártida e Islas del Atlántico Sur",2018,11,5.59,1.4,5.95,-54.8019,-68.303
"Tierra del Fuego, Antártida e Islas del Atlántico Sur",2018,12,7.43,1.96,5.58,-54.8019,-68.303
"Tierra del Fuego, Antártida e Islas del Atlántico Sur",2019,1,6.64,2.23,5.4,-54.8019,-68.303
"Tierra del Fuego, Antártida e Islas del Atlántico Sur",2019,2,6.57,2.81,5.23,-54.8019,-68.303
"Tierra del Fuego, Antártida e Islas del Atlántico Sur",2019,3,6.4,2.84,4.57,-54.8019,-68.303
"Tierra del Fuego, Antártida e Islas del Atlántico Sur",2019,4,3.45,2.49,4.85,-54.8019,-68.303
"Tierra del Fuego, Antártida e Islas del Atlántico Sur",2019,5,2.11,1.57,4.66,-54.8019,-68.303
"Tierra del Fuego, Antártida e Islas del Atlántico Sur",2019,6,-0.14,2.2,3.93,-54.8019,-68.303
"Tierra del Fuego, Antártida e Islas del Atlántico Sur",2019,7,-0.71,1.57,4.01,-54.8019,-68.303
"Tierra del Fuego, Antártida e Islas del Atlántico Sur",2019,8,-0.05,1.67,5.3,-54.8019,-68.303
"Tierra del Fuego, Antártida e Islas del Atlántico Sur",2019,9,1.69,2.01,4.92,-54.8019,-68.303
"Tierra del Fuego, Antártida e Islas del Atlántico Sur",2019,10,3.61,1.76,5.7,-54.8019,-68.303
"Tierra del Fuego, Antártida e Islas del Atlántico Sur",2019,11,5.47,1.9,4.47,-54.8019,-68.303
"Tierra del Fuego, Antártida e Islas del Atlántico Sur",2019,12,7.28,2.0,5.11,-54.8019,-68.303
"Tierra del Fuego, Antártida e Islas del Atlántico Sur",2020,1,8.0,3.34,4.88,-54.8019,-68.303
"Tierra del Fuego, Antártida e Islas del Atlántico Sur",2020,2,8.73,7.28,4.53,-54.8019,-68.303
"Tierra del Fuego, Antártida e Islas del Atlántico Sur",2020,3,7.14,2.19,4.78,-54.8019,-68.303
"Tierra del Fuego, Antártida e Islas del Atlántico Sur",2020,4,4.89,1.09,4.5,-54.8019,-68.303
"Tierra del Fuego, Antártida e Islas del Atlántico Sur",2020,5,2.86,1.67,3.64,-54.8019,-68.303
"Tierra del Fuego, Antártida e Islas del Atlántico Sur",2020,6,0.21,1.75,4.07,-54.8019,-68.303
"Tierra del Fuego, Antártida e Islas del Atlántico Sur",2020,7,-2.61,1.0,3.45,-54.8019,-68.303
"Tierra del Fuego, Antártida e Islas del Atlántico Sur",2020,8,-0.93,2.08,4.99,-54.8019,-68.303
"Tierra del Fuego, Antártida e Islas del Atlántico Sur",2020,9,1.51,1.84,5.4,-54.8019,-68.303
"Tierra del Fuego, Antártida e Islas del Atlántico Sur",2020,10,3.74,1.47,5.56,-54.8019,-68.303
"Tierra del Fuego, Antártida e Islas del Atlántico Sur",2020,11,6.88,1.26,5.29,-54.8019,-68.303
"Tierra del Fuego, Antártida e Islas del Atlántico Sur",2020,12,7.14,2.09,5.08,-54.8019,-68.303
"Tierra del Fuego, Antártida e Islas del Atlántico Sur",2021,1,7.57,1.46,4.96,-54.8019,-68.303
"Tierra del Fuego, Antártida e Islas del Atlántico Sur",2021,2,8.52,1.95,4.99,-54.8019,-68.303
"Tierra del Fuego, Antártida e Islas del Atlántico Sur",2021,3,6.48,4.42,5.69,-54.8019,-68.303
"Tierra del Fuego, Antártida e Islas del Atlántico Sur",2021,4,4.29,1.99,4.08,-54.8019,-68.303
"Tierra del Fuego, Antártida e Islas del Atlántico Sur",2021,5,2.17,1.71,4.53,-54.8019,-68.303
"Tierra del Fuego, Antártida e Islas del Atlántico Sur",2021,6,0.43,1.03,3.65,-54.8019,-68.303
"Tierra del Fuego, Antártida e Islas del Atlántico Sur",2021,7,0.27,1.83,4.81,-54.8019,-68.303
"Tierra del Fuego, Antártida e Islas del Atlántico Sur",2021,8,0.35,1.52,5.5,-54.8019,-68.303
"Tierra del Fuego, Antártida e Islas del Atlántico Sur",2021,9,2.74,0.77,4.72,-54.8019,-68.303
"Tierra del Fuego, Antártida e Islas del Atlántico Sur",2021,10,4.0,1.08,6.19,-54.8019,-68.303
"Tierra del Fuego, Antártida e Islas del Atlántico Sur",2021,11,5.79,10.46,5.35,-54.8019,-68.303
"Tierra del Fuego, Antártida e Islas del Atlántico Sur",2021,12,7.55,1.26,5.46,-54.8019,-68.303
"Tierra del Fuego, Antártida e Islas del Atlántico Sur",2022,1,7.09,2.7,5.37,-54.8019,-68.303
"Tierra del Fuego, Antártida e Islas del Atlántico Sur",2022,2,7.17,1.37,4.87,-54.8019,-68.303
"Tierra del Fuego, Antártida e Islas del Atlántico Sur",2022,3,5.48,2.63,4.4,-54.8019,-68.303
"Tierra del Fuego, Antártida e Islas del Atlántico Sur",2022,4,3.26,1.48,4.16,-54.8019,-68.303
"Tierra del Fuego, Antártida e Islas del Atlántico Sur",2022,5,2.75,1.44,5.02,-54.8019,-68.303
"Tierra del Fuego, Antártida e Islas del Atlántico Sur",2022,6,0.55,1.61,4.95,-54.8019,-68.303
"Tierra del Fuego, Antártida e Islas del Atlántico Sur",2022,7,-1.12,1.34,4.98,-54.8019,-68.303
"Tierra del Fuego, Antártida e Islas del Atlántico Sur",2022,8,0.36,1.26,4.23,-54.8019,-68.303
"Tierra del Fuego, Antártida e Islas del Atlántico Sur",2022,9,2.32,0.86,5.4,-54.8019,-68.303
"Tierra del Fuego, Antártida e Islas del Atlántico Sur",2022,10,4.14,1.15,5.85,-54.8019,-68.303
"Tierra del Fuego, Antártida e Islas del Atlántico Sur",2022,11,7.43,0.71,5.52,-54.8019,-68.303
"Tierra del Fuego, Antártida e Islas del Atlántico Sur",2022,12,6.98,1.99,5.56,-54.8019,-68.303
"Tierra del Fuego, Antártida e Islas del Atlántico Sur",2023,1,8.72,1.4,5.39,-54.8019,-68.303
"Tierra del Fuego, Antártida e Islas del Atlántico Sur",2023,2,7.13,2.43,5.21,-54.8019,-68.303
"Tierra del Fuego, Antártida e Islas del Atlántico Sur",2023,3,4.43,2.4,5.45,-54.8019,-68.303
"Tierra del Fuego, Antártida e Islas del Atlántico Sur",2023,4,3.22,1.58,5.03,-54.8019,-68.303
"Tierra del Fuego, Antártida e Islas del Atlántico Sur",2023,5,2.57,0.98,5.19,-54.8019,-68.303
"Tierra del Fuego, Antártida e Islas del Atlántico Sur",2023,6,0.31,0.92,4.5,-54.8019,-68.303
"Tierra del Fuego, Antártida e Islas del Atlántico Sur",2023,7,-1.34,1.03,4.07,-54.8019,-68.303
"Tierra del Fuego, Antártida e Islas del Atlántico Sur",2023,8,-0.59,1.52,4.95,-54.8019,-68.303
"Tierra del Fuego, Antártida e Islas del Atlántico Sur",2023,9,0.73,1.02,4.4,-54.8019,-68.303
"Tierra del Fuego, Antártida e Islas del Atlántico Sur",2023,10,3.67,1.32,6.57,-54.8019,-68.303
"Tierra del Fuego, Antártida e Islas del Atlántico Sur",2023,11,4.28,2.39,4.83,-54.8019,-68.303
"Tierra del Fuego, Antártida e Islas del Atlántico Sur",2023,12,6.49,1.73,5.78,-54.8019,-68.303
Tucumán,1981,1,26.18,6.41,2.76,-26.8241,-65.2226
Tucumán,1981,2,25.05,6.24,2.51,-26.8241,-65.2226
Tucumán,1981,3,24.66,4.32,2.28,-26.8241,-65.2226
Tucumán,1981,4,22.28,2.33,2.34,-26.8241,-65.2226
Tucumán,1981,5,21.53,0.21,2.0,-26.8241,-65.2226
Tucumán,1981,6,14.76,0.09,1.96,-26.8241,-65.2226
Tucumán,1981,7,15.49,0.2,2.46,-26.8241,-65.2226
Tucumán,1981,8,19.76,0.35,2.32,-26.8241,-65.2226
Tucumán,1981,9,19.52,0.29,2.65,-26.8241,-65.2226
Tucumán,1981,10,24.25,1.99,3.17,-26.8241,-65.2226
Tucumán,1981,11,25.39,4.73,2.74,-26.8241,-65.2226
Tucumán,1981,12,27.41,4.41,2.87,-26.8241,-65.2226
Tucumán,1982,1,27.07,3.52,2.63,-26.8241,-65.2226
Tucumán,1982,2,25.86,5.52,2.56,-26.8241,-65.2226
Tucumán,1982,3,22.64,6.37,2.25,-26.8241,-65.2226
Tucumán,1982,4,21.48,2.0,2.24,-26.8241,-65.2226
Tucumán,1982,5,19.4,0.09,1.98,-26.8241,-65.2226
Tucumán,1982,6,15.28,0.6,1.81,-26.8241,-65.2226
Tucumán,1982,7,17.26,0.19,2.04,-26.8241,-65.2226
Tucumán,1982,8,19.27,0.26,2.45,-26.8241,-65.2226
Tucumán,1982,9,21.71,1.89,3.11,-26.8241,-65.2226
Tucumán,1982,10,23.76,1.08,2.81,-26.8241,-65.2226
Tucumán,1982,11,26.39,4.7,2.9,-26.8241,-65.2226
Tucumán,1982,12,25.98,6.37,2.42,-26.8241,-65.2226
Tucumán,1983,1,26.53,10.51,2.36,-26.8241,-65.2226
Tucumán,1983,2,24.92,7.54,2.13,-26.8241,-65.2226
Tucumán,1983,3,24.83,1.58,2.59,-26.8241,-65.2226
Tucumán,1983,4,22.29,2.51,2.17,-26.8241,-65.2226
Tucumán,1983,5,18.04,0.98,1.97,-26.8241,-65.2226
Tucumán,1983,6,12.12,0.46,1.68,-26.8241,-65.2226
Tucumán,1983,7,12.96,0.82,1.79,-26.8241,-65.2226
Tucumán,1983,8,15.8,0.46,2.21,-26.8241,-65.2226
Tucumán,1983,9,18.9,0.08,2.76,-26.8241,-65.2226
Tucumán,1983,10,25.48,2.07,3.12,-26.8241,-65.2226
Tucumán,1983,11,25.72,3.99,2.78,-26.8241,-65.2226
Tucumán,1983,12,28.31,6.17,2.62,-26.8241,-65.2226
Tucumán,1984,1,26.42,7.38,2.0,-26.8241,-65.2226
Tucumán,1984,2,25.95,6.53,2.38,-26.8241,-65.2226
Tucumán,1984,3,23.26,9.46,2.44,-26.8241,-65.2226
Tucumán,1984,4,19.19,1.29,2.04,-26.8241,-65.2226
Tucumán,1984,5,18.03,0.46,1.58,-26.8241,-65.2226
Tucumán,1984,6,12.53,0.62,1.83,-26.8241,-65.2226
Tucumán,1984,7,14.83,0.33,1.81,-26.8241,-65.2226
Tucumán,1984,8,15.42,0.26,2.14,-26.8241,-65.2226
Tucumán,1984,9,22.28,0.34,3.04,-26.8241,-65.2226
Tucumán,1984,10,26.65,0.69,3.07,-26.8241,-65.2226
Tucumán,1984,11,27.09,1.89,3.33,-26.8241,-65.2226
Tucumán,1984,12,26.02,6.36,3.1,-26.8241,-65.2226
Tucumán,1985,1,27.06,4.06,2.73,-26.8241,-65.2226
Tucumán,1985,2,25.57,6.95,2.35,-26.8241,-65.2226
Tucumán,1985,3,25.22,4.46,2.02,-26.8241,-65.2226
Tucumán,1985,4,22.23,2.74,2.16,-26.8241,-65.2226
Tucumán,1985,5,20.36,0.53,1.74,-26.8241,-65.2226
Tucumán,1985,6,16.98,0.32,1.76,-26.8241,-65.2226
Tucumán,1985,7,15.45,0.75,2.48,-26.8241,-65.2226
Tucumán,1985,8,17.14,1.05,2.17,-26.8241,-65.2226
Tucumán,1985,9,21.01,0.07,2.76,-26.8241,-65.2226
Tucumán,1985,10,25.29,3.46,2.85,-26.8241,-65.2226
Tucumán,1985,11,26.89,3.88,2.9,-26.8241,-65.2226
Tucumán,1985,12,28.06,7.19,2.43,-26.8241,-65.2226
Tucumán,1986,1,28.09,4.87,2.56,-26.8241,-65.2226
Tucumán,1986,2,26.79,4.7,2.4,-26.8241,-65.2226
Tucumán,1986,3,24.91,2.79,2.39,-26.8241,-65.2226
Tucumán,1986,4,23.79,2.32,1.94,-26.8241,-65.2226
Tucumán,1986,5,20.16,0.58,1.98,-26.8241,-65.2226
Tucumán,1986,6,17.15,0.69,1.83,-26.8241,-65.2226
Tucumán,1986,7,16.84,0.64,2.04,-26.8241,-65.2226
Tucumán,1986,8,18.79,1.02,2.37,-26.8241,-65.2226
Tucumán,1986,9,21.0,1.02,3.14,-26.8241,-65.2226
Tucumán,1986,10,24.06,1.72,2.9,-26.8241,-65.2226
Tucumán,1986,11,26.62,5.21,3.18,-26.8241,-65.2226
Tucumán,1986,12,28.93,4.95,2.8,-26.8241,-65.2226
Tucumán,1987,1,26.94,8.82,2.39,-26.8241,-65.2226
Tucumán,1987,2,25.86,3.04,2.75,-26.8241,-65.2226
Tucumán,1987,3,26.31,2.91,2.46,-26.8241,-65.2226
Tucumán,1987,4,22.83,2.26,2.35,-26.8241,-65.2226
Tucumán,1987,5,15.27,0.58,2.29,-26.8241,-65.2226
Tucumán,1987,6,16.03,0.23,1.78,-26.8241,-65.2226
Tucumán,1987,7,18.33,0.17,2.19,-26.8241,-65.2226
Tucumán,1987,8,16.96,0.18,2.52,-26.8241,-65.2226
Tucumán,1987,9,19.95,0.64,2.81,-26.8241,-65.2226
Tucumán,1987,10,25.19,0.92,3.04,-26.8241,-65.2226
Tucumán,1987,11,26.89,3.4,2.87,-26.8241,-65.2226
Tucumán,1987,12,26.12,8.32,2.72,-26.8241,-65.2226
Tucumán,1988,1,26.89,8.77,2.35,-26.8241,-65.2226
Tucumán,1988,2,24.59,6.13,2.03,-26.8241,-65.2226
Tucumán,1988,3,25.53,4.05,2.3,-26.8241,-65.2226
Tucumán,1988,4,21.37,1.77,2.01,-26.8241,-65.2226
Tucumán,1988,5,15.73,1.15,1.86,-26.8241,-65.2226
Tucumán,1988,6,14.41,0.11,1.71,-26.8241,-65.2226
Tucumán,1988,7,12.31,0.5,2.01,-26.8241,-65.2226
Tucumán,1988,8,18.24,0.0,2.15,-26.8241,-65.2226
Tucumán,1988,9,20.28,0.1,2.62,-26.8241,-65.2226
Tucumán,1988,10,25.09,0.14,3.02,-26.8241,-65.2226
Tucumán,1988,11,28.98,1.04,3.23,-26.8241,-65.2226
Tucumán,1988,12,30.62,1.74,2.93,-26.8241,-65.2226
Tucumán,1989,1,29.56,4.09,2.43,-26.8241,-65.2226
Tucumán,1989,2,30.3,1.95,2.54,-26.8241,-65.2226
Tucumán,1989,3,25.58,4.49,2.47,-26.8241,-65.2226
Tucumán,1989,4,22.32,1.01,2.24,-26.8241,-65.2226
Tucumán,1989,5,18.19,0.57,2.34,-26.8241,-65.2226
Tucumán,1989,6,18.01,0.87,1.9,-26.8241,-65.2226
Tucumán,1989,7,15.05,0.05,2.32,-26.8241,-65.2226
Tucumán,1989,8,19.2,0.02,2.61,-26.8241,-65.2226
Tucumán,1989,9,19.13,0.28,2.81,-26.8241,-65.2226
Tucumán,1989,10,23.47,2.0,2.9,-26.8241,-65.2226
Tucumán,1989,11,27.28,1.9,2.98,-26.8241,-65.2226
Tucumán,1989,12,28.78,5.32,2.79,-26.8241,-65.2226
Tucumán,1990,1,28.51,4.81,2.51,-26.8241,-65.2226
Tucumán,1990,2,24.95,6.1,2.04,-26.8241,-65.2226
Tucumán,1990,3,24.01,5.81,2.07,-26.8241,-65.2226
Tucumán,1990,4,21.37,3.62,1.89,-26.8241,-65.2226
Tucumán,1990,5,17.61,0.97,1.8,-26.8241,-65.2226
Tucumán,1990,6,14.79,0.45,1.8,-26.8241,-65.2226
Tucumán,1990,7,13.56,0.33,2.18,-26.8241,-65.2226
Tucumán,1990,8,19.76,0.22,2.26,-26.8241,-65.2226
Tucumán,1990,9,18.63,0.51,2.64,-26.8241,-65.2226
Tucumán,1990,10,25.14,2.29,2.64,-26.8241,-65.2226
Tucumán,1990,11,27.06,3.53,3.01,-26.8241,-65.2226
Tucumán,1990,12,28.15,4.46,3.27,-26.8241,-65.2226
Tucumán,1991,1,27.13,4.95,2.77,-26.8241,-65.2226
Tucumán,1991,2,26.24,5.81,2.45,-26.8241,-65.2226
Tucumán,1991,3,24.86,7.18,2.41,-26.8241,-65.2226
Tucumán,1991,4,22.01,2.2,2.2,-26.8241,-65.2226
Tucumán,1991,5,20.19,0.57,1.89,-26.8241,-65.2226
Tucumán,1991,6,15.78,0.34,1.84,-26.8241,-65.2226
Tucumán,1991,7,15.08,0.2,2.05,-26.8241,-65.2226
Tucumán,1991,8,18.17,0.49,2.75,-26.8241,-65.2226
Tucumán,1991,9,21.6,0.27,2.98,-26.8241,-65.2226
Tucumán,1991,10,23.56,2.77,2.75,-26.8241,-65.2226
Tucumán,1991,11,25.87,0.7,3.38,-26.8241,-65.2226
Tucumán,1991,12,28.53,4.44,2.97,-26.8241,-65.2226
Tucumán,1992,1,25.91,8.21,2.45,-26.8241,-65.2226
Tucumán,1992,2,24.3,6.98,2.62,-26.8241,-65.2226
Tucumán,1992,3,24.47,3.01,2.25,-26.8241,-65.2226
Tucumán,1992,4,20.81,2.3,2.11,-26.8241,-65.2226
Tucumán,1992,5,17.98,0.37,1.83,-26.8241,-65.2226
Tucumán,1992,6,17.0,0.28,1.74,-26.8241,-65.2226
Tucumán,1992,7,11.58,0.24,2.15,-26.8241,-65.2226
Tucumán,1992,8,17.33,0.82,2.55,-26.8241,-65.2226
Tucumán,1992,9,18.76,2.45,2.63,-26.8241,-65.2226
Tucumán,1992,10,23.45,2.57,2.89,-26.8241,-65.2226
Tucumán,1992,11,24.61,3.5,2.91,-26.8241,-65.2226
Tucumán,1992,12,27.08,5.21,3.15,-26.8241,-65.2226
Tucumán,1993,1,26.23,10.84,2.17,-26.8241,-65.2226
Tucumán,1993,2,24.92,1.86,2.05,-26.8241,-65.2226
Tucumán,1993,3,26.36,3.17,2.5,-26.8241,-65.2226
Tucumán,1993,4,22.49,1.1,2.27,-26.8241,-65.2226
Tucumán,1993,5,18.4,0.49,2.3,-26.8241,-65.2226
Tucumán,1993,6,15.57,0.17,1.8,-26.8241,-65.2226
Tucumán,1993,7,13.91,0.09,1.98,-26.8241,-65.2226
Tucumán,1993,8,17.92,0.02,2.2,-26.8241,-65.2226
Tucumán,1993,9,19.82,0.35,2.56,-26.8241,-65.2226
Tucumán,1993,10,23.56,2.99,2.68,-26.8241,-65.2226
Tucumán,1993,11,26.68,1.78,3.26,-26.8241,-65.2226
Tucumán,1993,12,28.8,3.72,3.13,-26.8241,-65.2226
Tucumán,1994,1,27.53,5.42,2.58,-26.8241,-65.2226
Tucumán,1994,2,24.11,9.99,2.27,-26.8241,-65.2226
Tucumán,1994,3,23.82,0.92,2.19,-26.8241,-65.2226
Tucumán,1994,4,22.09,1.08,2.5,-26.8241,-65.2226
Tucumán,1994,5,21.02,1.15,1.95,-26.8241,-65.2226
Tucumán,1994,6,17.49,0.34,1.94,-26.8241,-65.2226
Tucumán,1994,7,14.48,0.33,1.96,-26.8241,-65.2226
Tucumán,1994,8,18.3,0.08,2.53,-26.8241,-65.2226
Tucumán,1994,9,23.48,0.06,2.97,-26.8241,-65.2226
Tucumán,1994,10,25.01,2.53,2.97,-26.8241,-65.2226
Tucumán,1994,11,26.65,1.96,2.88,-26.8241,-65.2226
Tucumán,1994,12,30.76,3.01,3.24,-26.8241,-65.2226
Tucumán,1995,1,28.31,3.71,2.58,-26.8241,-65.2226
Tucumán,1995,2,26.38,3.29,2.29,-26.8241,-65.2226
Tucumán,1995,3,25.62,2.72,2.5,-26.8241,-65.2226
Tucumán,1995,4,22.85,0.75,2.33,-26.8241,-65.2226
Tucumán,1995,5,18.33,2.19,1.83,-26.8241,-65.2226
Tucumán,1995,6,16.06,0.13,1.79,-26.8241,-65.2226
Tucumán,1995,7,14.78,0.03,1.88,-26.8241,-65.2226
Tucumán,1995,8,17.24,0.03,2.12,-26.8241,-65.2226
Tucumán,1995,9,21.4,0.26,2.95,-26.8241,-65.2226
Tucumán,1995,10,24.76,0.51,2.98,-26.8241,-65.2226
Tucumán,1995,11,27.82,2.31,3.1,-26.8241,-65.2226
Tucumán,1995,12,29.62,0.68,2.69,-26.8241,-65.2226
Tucumán,1996,1,26.43,7.76,2.3,-26.8241,-65.2226
Tucumán,1996,2,26.21,4.93,2.62,-26.8241,-65.2226
Tucumán,1996,3,24.68,2.67,1.9,-26.8241,-65.2226
Tucumán,1996,4,21.55,1.06,2.43,-26.8241,-65.2226
Tucumán,1996,5,19.24,1.29,2.32,-26.8241,-65.2226
Tucumán,1996,6,12.41,0.44,1.9,-26.8241,-65.2226
Tucumán,1996,7,13.35,0.0,1.98,-26.8241,-65.2226
Tucumán,1996,8,19.77,0.0,2.57,-26.8241,-65.2226
Tucumán,1996,9,19.8,0.96,2.82,-26.8241,-65.2226
Tucumán,1996,10,24.17,2.87,2.77,-26.8241,-65.2226
Tucumán,1996,11,25.15,4.02,2.86,-26.8241,-65.2226
Tucumán,1996,12,26.94,5.25,2.68,-26.8241,-65.2226
Tucumán,1997,1,27.62,9.26,2.45,-26.8241,-65.2226
Tucumán,1997,2,23.36,6.91,2.35,-26.8241,-65.2226
Tucumán,1997,3,23.93,2.89,2.27,-26.8241,-65.2226
Tucumán,1997,4,23.49,0.16,2.15,-26.8241,-65.2226
Tucumán,1997,5,19.96,0.1,2.38,-26.8241,-65.2226
Tucumán,1997,6,16.47,0.13,1.8,-26.8241,-65.2226
Tucumán,1997,7,18.14,0.13,2.28,-26.8241,-65.2226
Tucumán,1997,8,19.12,0.34,2.49,-26.8241,-65.2226
Tucumán,1997,9,23.73,0.26,2.74,-26.8241,-65.2226
Tucumán,1997,10,25.16,0.64,2.94,-26.8241,-65.2226
Tucumán,1997,11,27.34,4.67,2.83,-26.8241,-65.2226
Tucumán,1997,12,27.64,5.91,2.82,-26.8241,-65.2226
Tucumán,1998,1,26.75,4.91,2.49,-26.8241,-65.2226
Tucumán,1998,2,25.02,3.89,2.59,-26.8241,-65.2226
Tucumán,1998,3,23.59,3.27,2.5,-26.8241,-65.2226
Tucumán,1998,4,20.94,1.85,2.32,-26.8241,-65.2226
Tucumán,1998,5,17.51,0.87,2.03,-26.8241,-65.2226
Tucumán,1998,6,14.78,1.06,2.0,-26.8241,-65.2226
Tucumán,1998,7,16.16,0.33,2.0,-26.8241,-65.2226
Tucumán,1998,8,16.83,0.78,2.21,-26.8241,-65.2226
Tucumán,1998,9,18.55,0.78,2.79,-26.8241,-65.2226
Tucumán,1998,10,24.15,3.18,2.85,-26.8241,-65.2226
Tucumán,1998,11,25.76,2.87,3.04,-26.8241,-65.2226
Tucumán,1998,12,28.34,2.42,2.69,-26.8241,-65.2226
Tucumán,1999,1,25.92,8.26,2.33,-26.8241,-65.2226
Tucumán,1999,2,25.63,5.27,2.19,-26.8241,-65.2226
Tucumán,1999,3,24.02,5.99,2.46,-26.8241,-65.2226
Tucumán,1999,4,18.86,0.66,2.08,-26.8241,-65.2226
Tucumán,1999,5,17.4,1.11,2.2,-26.8241,-65.2226
Tucumán,1999,6,14.48,0.58,1.91,-26.8241,-65.2226
Tucumán,1999,7,12.65,0.36,1.91,-26.8241,-65.2226
Tucumán,1999,8,17.27,0.1,2.37,-26.8241,-65.2226
Tucumán,1999,9,23.15,0.64,2.59,-26.8241,-65.2226
Tucumán,1999,10,23.36,3.67,2.79,-26.8241,-65.2226
Tucumán,1999,11,24.19,2.55,2.59,-26.8241,-65.2226
Tucumán,1999,12,26.9,4.61,2.62,-26.8241,-65.2226
Tucumán,2000,1,25.9,9.22,1.94,-26.8241,-65.2226
Tucumán,2000,2,23.31,6.93,2.23,-26.8241,-65.2226
Tucumán,2000,3,21.77,3.75,2.27,-26.8241,-65.2226
Tucumán,2000,4,21.72,2.25,2.2,-26.8241,-65.2226
Tucumán,2000,5,15.84,0.42,2.14,-26.8241,-65.2226
Tucumán,2000,6,14.16,0.32,1.91,-26.8241,-65.2226
Tucumán,2000,7,11.79,0.39,2.05,-26.8241,-65.2226
Tucumán,2000,8,17.63,0.02,2.37,-26.8241,-65.2226
Tucumán,2000,9,20.59,0.07,2.74,-26.8241,-65.2226
Tucumán,2000,10,25.24,2.07,3.11,-26.8241,-65.2226
Tucumán,2000,11,24.2,5.71,2.95,-26.8241,-65.2226
Tucumán,2000,12,25.9,3.56,2.28,-26.8241,-65.2226
Tucumán,2001,1,26.44,9.08,2.42,-26.8241,-65.2226
Tucumán,2001,2,25.9,5.54,1.94,-26.8241,-65.2226
Tucumán,2001,3,24.67,5.05,2.23,-26.8241,-65.2226
Tucumán,2001,4,20.31,2.49,2.18,-26.8241,-65.2226
Tucumán,2001,5,16.18,1.49,1.87,-26.8241,-65.2226
Tucumán,2001,6,15.15,1.03,1.73,-26.8241,-65.2226
Tucumán,2001,7,13.95,0.03,1.82,-26.8241,-65.2226
Tucumán,2001,8,19.14,0.17,2.42,-26.8241,-65.2226
Tucumán,2001,9,19.7,1.38,2.77,-26.8241,-65.2226
Tucumán,2001,10,24.78,1.82,3.13,-26.8241,-65.2226
Tucumán,2001,11,25.3,4.96,2.94,-26.8241,-65.2226
Tucumán,2001,12,25.4,5.84,2.2,-26.8241,-65.2226
Tucumán,2002,1,27.4,3.72,2.41,-26.8241,-65.2226
Tucumán,2002,2,24.88,8.4,2.2,-26.8241,-65.2226
Tucumán,2002,3,24.31,5.0,1.92,-26.8241,-65.2226
Tucumán,2002,4,20.91,0.56,2.16,-26.8241,-65.2226
Tucumán,2002,5,18.67,1.04,1.98,-26.8241,-65.2226
Tucumán,2002,6,12.47,0.25,1.77,-26.8241,-65.2226
Tucumán,2002,7,13.69,0.18,1.88,-26.8241,-65.2226
Tucumán,2002,8,18.33,0.0,2.32,-26.8241,-65.2226
Tucumán,2002,9,22.12,0.07,2.9,-26.8241,-65.2226
Tucumán,2002,10,26.54,3.89,2.92,-26.8241,-65.2226
Tucumán,2002,11,26.55,3.1,2.85,-26.8241,-65.2226
Tucumán,2002,12,25.41,6.06,2.64,-26.8241,-65.2226
Tucumán,2003,1,27.72,3.75,2.37,-26.8241,-65.2226
Tucumán,2003,2,27.89,2.61,2.53,-26.8241,-65.2226
Tucumán,2003,3,25.14,4.39,2.45,-26.8241,-65.2226
Tucumán,2003,4,21.09,2.61,1.96,-26.8241,-65.2226
Tucumán,2003,5,18.46,0.48,1.93,-26.8241,-65.2226
Tucumán,2003,6,17.85,0.22,1.8,-26.8241,-65.2226
Tucumán,2003,7,14.48,0.04,2.05,-26.8241,-65.2226
Tucumán,2003,8,15.94,0.02,2.4,-26.8241,-65.2226
Tucumán,2003,9,21.55,0.32,2.69,-26.8241,-65.2226
Tucumán,2003,10,26.34,2.15,3.37,-26.8241,-65.2226
Tucumán,2003,11,28.24,1.11,2.89,-26.8241,-65.2226
Tucumán,2003,12,27.73,4.31,3.38,-26.8241,-65.2226
Tucumán,2004,1,29.02,3.85,2.2,-26.8241,-65.2226
Tucumán,2004,2,25.68,3.62,2.3,-26.8241,-65.2226
Tucumán,2004,3,26.17,2.86,2.89,-26.8241,-65.2226
Tucumán,2004,4,21.92,3.97,2.19,-26.8241,-65.2226
Tucumán,2004,5,14.05,1.65,1.7,-26.8241,-65.2226
Tucumán,2004,6,14.72,0.14,1.71,-26.8241,-65.2226
Tucumán,2004,7,14.58,0.0,2.15,-26.8241,-65.2226
Tucumán,2004,8,17.06,0.03,2.31,-26.8241,-65.2226
Tucumán,2004,9,22.43,0.29,2.57,-26.8241,-65.2226
Tucumán,2004,10,26.4,0.18,3.77,-26.8241,-65.2226
Tucumán,2004,11,26.22,3.89,3.21,-26.8241,-65.2226
Tucumán,2004,12,26.66,6.03,2.83,-26.8241,-65.2226
Tucumán,2005,1,28.14,2.19,2.6,-26.8241,-65.2226
Tucumán,2005,2,27.52,3.23,2.4,-26.8241,-65.2226
Tucumán,2005,3,24.96,4.37,2.55,-26.8241,-65.2226
Tucumán,2005,4,19.21,3.26,2.04,-26.8241,-65.2226
Tucumán,2005,5,16.88,0.41,1.88,-26.8241,-65.2226
Tucumán,2005,6,15.75,1.22,1.72,-26.8241,-65.2226
Tucumán,2005,7,14.56,0.04,2.0,-26.8241,-65.2226
Tucumán,2005,8,17.37,0.13,2.17,-26.8241,-65.2226
Tucumán,2005,9,17.5,1.21,2.8,-26.8241,-65.2226
Tucumán,2005,10,22.56,0.73,2.7,-26.8241,-65.2226
Tucumán,2005,11,26.75,3.68,3.05,-26.8241,-65.2226
Tucumán,2005,12,27.46,3.87,3.03,-26.8241,-65.2226
Tucumán,2006,1,27.07,7.48,2.66,-26.8241,-65.2226
Tucumán,2006,2,26.59,4.11,2.23,-26.8241,-65.2226
Tucumán,2006,3,25.29,3.41,2.42,-26.8241,-65.2226
Tucumán,2006,4,21.69,2.32,2.27,-26.8241,-65.2226
Tucumán,2006,5,16.23,0.01,1.82,-26.8241,-65.2226
Tucumán,2006,6,16.84,0.18,1.89,-26.8241,-65.2226
Tucumán,2006,7,18.18,0.01,1.89,-26.8241,-65.2226
Tucumán,2006,8,17.36,0.0,2.25,-26.8241,-65.2226
Tucumán,2006,9,21.23,0.0,3.1,-26.8241,-65.2226
Tucumán,2006,10,26.54,3.23,3.04,-26.8241,-65.2226
Tucumán,2006,11,25.84,2.67,3.08,-26.8241,-65.2226
Tucumán,2006,12,26.96,7.21,2.84,-26.8241,-65.2226
Tucumán,2007,1,25.77,10.84,2.07,-26.8241,-65.2226
Tucumán,2007,2,24.74,5.27,2.34,-26.8241,-65.2226
Tucumán,2007,3,23.4,4.28,2.08,-26.8241,-65.2226
Tucumán,2007,4,21.66,0.82,2.03,-26.8241,-65.2226
Tucumán,2007,5,14.54,1.07,1.8,-26.8241,-65.2226
Tucumán,2007,6,13.18,0.1,1.63,-26.8241,-65.2226
Tucumán,2007,7,12.2,0.2,1.86,-26.8241,-65.2226
Tucumán,2007,8,12.9,0.01,2.42,-26.8241,-65.2226
Tucumán,2007,9,21.68,0.14,2.7,-26.8241,-65.2226
Tucumán,2007,10,24.44,3.28,2.76,-26.8241,-65.2226
Tucumán,2007,11,26.19,1.55,3.07,-26.8241,-65.2226
Tucumán,2007,12,26.9,5.88,2.56,-26.8241,-65.2226
Tucumán,2008,1,26.52,8.28,2.66,-26.8241,-65.2226
Tucumán,2008,2,24.53,6.41,2.09,-26.8241,-65.2226
Tucumán,2008,3,22.88,7.86,2.03,-26.8241,-65.2226
Tucumán,2008,4,19.58,2.33,1.63,-26.8241,-65.2226
Tucumán,2008,5,16.44,0.36,1.61,-26.8241,-65.2226
Tucumán,2008,6,12.03,0.01,1.59,-26.8241,-65.2226
Tucumán,2008,7,17.1,0.0,1.92,-26.8241,-65.2226
Tucumán,2008,8,17.44,0.11,2.23,-26.8241,-65.2226
Tucumán,2008,9,19.86,0.13,2.81,-26.8241,-65.2226
Tucumán,2008,10,24.52,1.32,2.99,-26.8241,-65.2226
Tucumán,2008,11,27.59,3.89,2.97,-26.8241,-65.2226
Tucumán,2008,12,26.75,5.07,2.27,-26.8241,-65.2226
Tucumán,2009,1,26.57,3.09,2.26,-26.8241,-65.2226
Tucumán,2009,2,27.09,3.64,2.27,-26.8241,-65.2226
Tucumán,2009,3,25.06,5.59,1.8,-26.8241,-65.2226
Tucumán,2009,4,23.62,1.1,1.99,-26.8241,-65.2226
Tucumán,2009,5,19.45,0.68,1.81,-26.8241,-65.2226
Tucumán,2009,6,14.22,0.0,1.86,-26.8241,-65.2226
Tucumán,2009,7,13.66,0.0,2.05,-26.8241,-65.2226
Tucumán,2009,8,19.0,0.0,2.51,-26.8241,-65.2226
Tucumán,2009,9,18.89,0.04,2.84,-26.8241,-65.2226
Tucumán,2009,10,26.01,0.0,3.23,-26.8241,-65.2226
Tucumán,2009,11,29.32,3.89,2.75,-26.8241,-65.2226
Tucumán,2009,12,26.25,5.11,2.74,-26.8241,-65.2226
Tucumán,2010,1,27.11,4.56,2.41,-26.8241,-65.2226
Tucumán,2010,2,27.05,7.12,2.48,-26.8241,-65.2226
Tucumán,2010,3,25.19,2.58,2.26,-26.8241,-65.2226
Tucumán,2010,4,19.86,2.73,2.05,-26.8241,-65.2226
Tucumán,2010,5,15.25,0.75,2.08,-26.8241,-65.2226
Tucumán,2010,6,14.12,0.17,1.82,-26.8241,-65.2226
Tucumán,2010,7,12.08,0.46,2.14,-26.8241,-65.2226
Tucumán,2010,8,15.04,0.01,2.39,-26.8241,-65.2226
Tucumán,2010,9,20.67,0.99,2.73,-26.8241,-65.2226
Tucumán,2010,10,22.86,1.24,3.02,-26.8241,-65.2226
Tucumán,2010,11,25.69,2.49,2.98,-26.8241,-65.2226
Tucumán,2010,12,26.7,4.28,2.28,-26.8241,-65.2226
Tucumán,2011,1,25.52,9.86,2.05,-26.8241,-65.2226
Tucumán,2011,2,23.2,8.93,1.88,-26.8241,-65.2226
Tucumán,2011,3,21.34,4.09,1.91,-26.8241,-65.2226
Tucumán,2011,4,20.16,1.62,1.88,-26.8241,-65.2226
Tucumán,2011,5,17.17,0.14,1.99,-26.8241,-65.2226
Tucumán,2011,6,14.18,0.6,1.92,-26.8241,-65.2226
Tucumán,2011,7,13.26,0.31,1.92,-26.8241,-65.2226
Tucumán,2011,8,15.61,0.02,2.32,-26.8241,-65.2226
Tucumán,2011,9,21.9,0.81,2.74,-26.8241,-65.2226
Tucumán,2011,10,24.25,1.06,2.82,-26.8241,-65.2226
Tucumán,2011,11,28.19,1.27,3.37,-26.8241,-65.2226
Tucumán,2011,12,26.66,4.53,2.49,-26.8241,-65.2226
Tucumán,2012,1,28.27,2.24,2.72,-26.8241,-65.2226
Tucumán,2012,2,28.06,5.11,2.8,-26.8241,-65.2226
Tucumán,2012,3,25.05,2.29,2.62,-26.8241,-65.2226
Tucumán,2012,4,20.71,4.16,2.09,-26.8241,-65.2226
Tucumán,2012,5,18.67,0.29,2.02,-26.8241,-65.2226
Tucumán,2012,6,14.36,0.04,1.74,-26.8241,-65.2226
Tucumán,2012,7,12.7,0.13,1.89,-26.8241,-65.2226
Tucumán,2012,8,17.98,0.02,2.49,-26.8241,-65.2226
Tucumán,2012,9,22.45,0.4,2.83,-26.8241,-65.2226
Tucumán,2012,10,25.15,2.08,3.03,-26.8241,-65.2226
Tucumán,2012,11,26.49,2.25,2.93,-26.8241,-65.2226
Tucumán,2012,12,29.36,2.63,3.08,-26.8241,-65.2226
Tucumán,2013,1,27.62,4.12,2.38,-26.8241,-65.2226
Tucumán,2013,2,27.2,5.72,2.43,-26.8241,-65.2226
Tucumán,2013,3,23.31,1.59,2.13,-26.8241,-65.2226
Tucumán,2013,4,22.31,0.88,2.15,-26.8241,-65.2226
Tucumán,2013,5,18.1,2.25,1.76,-26.8241,-65.2226
Tucumán,2013,6,15.66,0.63,1.6,-26.8241,-65.2226
Tucumán,2013,7,14.46,0.03,2.12,-26.8241,-65.2226
Tucumán,2013,8,15.57,0.0,2.2,-26.8241,-65.2226
Tucumán,2013,9,18.97,1.87,2.75,-26.8241,-65.2226
Tucumán,2013,10,24.73,1.63,3.24,-26.8241,-65.2226
Tucumán,2013,11,26.57,1.6,3.33,-26.8241,-65.2226
Tucumán,2013,12,29.26,5.78,2.55,-26.8241,-65.2226
Tucumán,2014,1,27.34,6.79,2.81,-26.8241,-65.2226
Tucumán,2014,2,25.59,6.43,2.65,-26.8241,-65.2226
Tucumán,2014,3,21.78,4.24,2.03,-26.8241,-65.2226
Tucumán,2014,4,21.39,0.76,2.48,-26.8241,-65.2226
Tucumán,2014,5,18.21,1.75,2.07,-26.8241,-65.2226
Tucumán,2014,6,14.01,1.04,1.89,-26.8241,-65.2226
Tucumán,2014,7,14.29,0.09,1.93,-26.8241,-65.2226
Tucumán,2014,8,19.25,0.0,2.37,-26.8241,-65.2226
Tucumán,2014,9,22.89,0.35,2.96,-26.8241,-65.2226
Tucumán,2014,10,28.11,1.39,3.26,-26.8241,-65.2226
Tucumán,2014,11,26.01,2.91,3.12,-26.8241,-65.2226
Tucumán,2014,12,26.68,4.1,2.77,-26.8241,-65.2226
Tucumán,2015,1,27.79,7.13,2.52,-26.8241,-65.2226
Tucumán,2015,2,26.38,6.01,2.36,-26.8241,-65.2226
Tucumán,2015,3,24.09,4.69,2.13,-26.8241,-65.2226
Tucumán,2015,4,22.99,0.84,2.33,-26.8241,-65.2226
Tucumán,2015,5,19.27,0.45,2.09,-26.8241,-65.2226
Tucumán,2015,6,16.66,0.1,1.82,-26.8241,-65.2226
Tucumán,2015,7,15.39,0.22,2.02,-26.8241,-65.2226
Tucumán,2015,8,18.64,2.52,2.21,-26.8241,-65.2226
Tucumán,2015,9,20.24,0.32,2.35,-26.8241,-65.2226
Tucumán,2015,10,23.39,1.24,3.19,-26.8241,-65.2226
Tucumán,2015,11,24.37,3.38,2.93,-26.8241,-65.2226
Tucumán,2015,12,27.13,7.24,2.69,-26.8241,-65.2226
Tucumán,2016,1,26.29,6.83,2.54,-26.8241,-65.2226
Tucumán,2016,2,27.49,4.94,2.47,-26.8241,-65.2226
Tucumán,2016,3,23.3,2.15,2.38,-26.8241,-65.2226
Tucumán,2016,4,20.33,3.54,2.1,-26.8241,-65.2226
Tucumán,2016,5,15.24,0.59,2.02,-26.8241,-65.2226
Tucumán,2016,6,12.01,1.34,1.84,-26.8241,-65.2226
Tucumán,2016,7,13.29,0.17,1.81,-26.8241,-65.2226
Tucumán,2016,8,18.13,0.44,2.03,-26.8241,-65.2226
Tucumán,2016,9,20.79,0.14,2.77,-26.8241,-65.2226
Tucumán,2016,10,23.98,1.31,3.11,-26.8241,-65.2226
Tucumán,2016,11,25.05,13.28,2.94,-26.8241,-65.2226
Tucumán,2016,12,26.71,3.76,2.59,-26.8241,-65.2226
Tucumán,2017,1,29.02,2.67,2.3,-26.8241,-65.2226
Tucumán,2017,2,26.82,9.04,2.13,-26.8241,-65.2226
Tucumán,2017,3,23.72,5.78,2.47,-26.8241,-65.2226
Tucumán,2017,4,19.83,12.15,2.12,-26.8241,-65.2226
Tucumán,2017,5,16.5,0.51,1.86,-26.8241,-65.2226
Tucumán,2017,6,14.46,0.27,1.7,-26.8241,-65.2226
Tucumán,2017,7,15.75,0.12,2.03,-26.8241,-65.2226
Tucumán,2017,8,17.96,0.05,2.4,-26.8241,-65.2226
Tucumán,2017,9,20.34,0.34,2.46,-26.8241,-65.2226
Tucumán,2017,10,24.53,2.9,2.93,-26.8241,-65.2226
Tucumán,2017,11,26.72,1.45,2.97,-26.8241,-65.2226
Tucumán,2017,12,28.61,3.94,2.63,-26.8241,-65.2226
Tucumán,2018,1,26.7,10.51,2.42,-26.8241,-65.2226
Tucumán,2018,2,24.68,3.85,1.84,-26.8241,-65.2226
Tucumán,2018,3,24.05,0.98,2.01,-26.8241,-65.2226
Tucumán,2018,4,24.96,1.25,2.23,-26.8241,-65.2226
Tucumán,2018,5,19.85,0.8,2.05,-26.8241,-65.2226
Tucumán,2018,6,13.08,0.14,1.73,-26.8241,-65.2226
Tucumán,2018,7,12.24,0.28,2.02,-26.8241,-65.2226
Tucumán,2018,8,16.72,0.02,2.46,-26.8241,-65.2226
Tucumán,2018,9,23.64,0.42,2.54,-26.8241,-65.2226
Tucumán,2018,10,24.06,3.25,2.76,-26.8241,-65.2226
Tucumán,2018,11,25.99,3.49,3.02,-26.8241,-65.2226
Tucumán,2018,12,26.27,5.62,2.51,-26.8241,-65.2226
Tucumán,2019,1,26.33,6.68,2.22,-26.8241,-65.2226
Tucumán,2019,2,25.53,3.19,2.11,-26.8241,-65.2226
Tucumán,2019,3,22.73,8.16,2.31,-26.8241,-65.2226
Tucumán,2019,4,20.55,3.65,1.8,-26.8241,-65.2226
Tucumán,2019,5,16.32,0.83,1.63,-26.8241,-65.2226
Tucumán,2019,6,14.55,0.29,1.76,-26.8241,-65.2226
Tucumán,2019,7,13.6,0.01,1.89,-26.8241,-65.2226
Tucumán,2019,8,16.06,0.0,2.29,-26.8241,-65.2226
Tucumán,2019,9,20.27,0.11,2.7,-26.8241,-65.2226
Tucumán,2019,10,24.56,0.51,2.82,-26.8241,-65.2226
Tucumán,2019,11,28.32,4.0,2.88,-26.8241,-65.2226
Tucumán,2019,12,27.82,1.87,2.91,-26.8241,-65.2226
Tucumán,2020,1,27.39,7.44,2.29,-26.8241,-65.2226
Tucumán,2020,2,25.16,6.52,2.26,-26.8241,-65.2226
Tucumán,2020,3,26.8,2.43,2.63,-26.8241,-65.2226
Tucumán,2020,4,21.9,1.31,2.3,-26.8241,-65.2226
Tucumán,2020,5,18.34,0.06,1.98,-26.8241,-65.2226
Tucumán,2020,6,14.83,5.71,1.87,-26.8241,-65.2226
Tucumán,2020,7,12.76,0.0,1.81,-26.8241,-65.2226
Tucumán,2020,8,17.23,0.0,2.29,-26.8241,-65.2226
Tucumán,2020,9,21.39,0.0,2.75,-26.8241,-65.2226
Tucumán,2020,10,25.54,0.35,2.93,-26.8241,-65.2226
Tucumán,2020,11,27.04,2.93,3.15,-26.8241,-65.2226
Tucumán,2020,12,28.1,6.3,3.15,-26.8241,-65.2226
Tucumán,2021,1,26.02,4.97,2.3,-26.8241,-65.2226
Tucumán,2021,2,24.49,5.96,2.19,-26.8241,-65.2226
Tucumán,2021,3,22.43,26.4,2.13,-26.8241,-65.2226
Tucumán,2021,4,21.26,0.91,2.52,-26.8241,-65.2226
Tucumán,2021,5,16.41,0.5,1.77,-26.8241,-65.2226
Tucumán,2021,6,13.69,0.67,1.89,-26.8241,-65.2226
Tucumán,2021,7,14.97,0.0,1.88,-26.8241,-65.2226
Tucumán,2021,8,17.5,0.0,2.22,-26.8241,-65.2226
Tucumán,2021,9,23.09,0.12,2.96,-26.8241,-65.2226
Tucumán,2021,10,25.56,0.74,3.37,-26.8241,-65.2226
Tucumán,2021,11,25.15,4.5,3.13,-26.8241,-65.2226
Tucumán,2021,12,28.51,3.06,2.83,-26.8241,-65.2226
Tucumán,2022,1,30.46,3.74,2.61,-26.8241,-65.2226
Tucumán,2022,2,26.65,3.66,2.5,-26.8241,-65.2226
Tucumán,2022,3,22.58,7.62,2.05,-26.8241,-65.2226
Tucumán,2022,4,20.36,2.82,1.97,-26.8241,-65.2226
Tucumán,2022,5,16.0,0.03,1.7,-26.8241,-65.2226
Tucumán,2022,6,12.6,0.11,1.9,-26.8241,-65.2226
Tucumán,2022,7,16.19,0.08,2.06,-26.8241,-65.2226
Tucumán,2022,8,17.68,0.09,2.51,-26.8241,-65.2226
Tucumán,2022,9,19.39,0.73,2.94,-26.8241,-65.2226
Tucumán,2022,10,23.89,0.35,3.42,-26.8241,-65.2226
Tucumán,2022,11,26.68,3.09,3.19,-26.8241,-65.2226
Tucumán,2022,12,28.55,2.31,2.6,-26.8241,-65.2226
Tucumán,2023,1,29.69,4.66,2.85,-26.8241,-65.2226
Tucumán,2023,2,27.38,3.48,2.4,-26.8241,-65.2226
Tucumán,2023,3,28.33,5.08,2.62,-26.8241,-65.2226
Tucumán,2023,4,20.87,4.55,2.05,-26.8241,-65.2226
Tucumán,2023,5,18.76,0.59,1.87,-26.8241,-65.2226
Tucumán,2023,6,16.44,0.07,1.7,-26.8241,-65.2226
Tucumán,2023,7,16.23,0.34,1.99,-26.8241,-65.2226
Tucumán,2023,8,20.03,0.05,2.27,-26.8241,-65.2226
Tucumán,2023,9,22.88,0.17,2.71,-26.8241,-65.2226
Tucumán,2023,10,25.9,1.24,3.21,-26.8241,-65.2226
Tucumán,2023,11,27.29,1.8,3.29,-26.8241,-65.2226
Tucumán,2023,12,28.2,4.96,3.16,-26.8241,-65.2226
