country,year,iso_code,population,gdp,cement_co2,cement_co2_per_capita,co2,co2_growth_abs,co2_growth_prct,co2_including_luc,co2_including_luc_growth_abs,co2_including_luc_growth_prct,co2_including_luc_per_capita,co2_including_luc_per_gdp,co2_including_luc_per_unit_energy,co2_per_capita,co2_per_gdp,co2_per_unit_energy,coal_co2,coal_co2_per_capita,consumption_co2,consumption_co2_per_capita,consumption_co2_per_gdp,cumulative_cement_co2,cumulative_co2,cumulative_co2_including_luc,cumulative_coal_co2,cumulative_flaring_co2,cumulative_gas_co2,cumulative_luc_co2,cumulative_oil_co2,cumulative_other_co2,energy_per_capita,energy_per_gdp,flaring_co2,flaring_co2_per_capita,gas_co2,gas_co2_per_capita,ghg_excluding_lucf_per_capita,ghg_per_capita,land_use_change_co2,land_use_change_co2_per_capita,methane,methane_per_capita,nitrous_oxide,nitrous_oxide_per_capita,oil_co2,oil_co2_per_capita,other_co2_per_capita,other_industry_co2,primary_energy_consumption,share_global_cement_co2,share_global_co2,share_global_co2_including_luc,share_global_coal_co2,share_global_cumulative_cement_co2,share_global_cumulative_co2,share_global_cumulative_co2_including_luc,share_global_cumulative_coal_co2,share_global_cumulative_flaring_co2,share_global_cumulative_gas_co2,share_global_cumulative_luc_co2,share_global_cumulative_oil_co2,share_global_cumulative_other_co2,share_global_flaring_co2,share_global_gas_co2,share_global_luc_co2,share_global_oil_co2,share_global_other_co2,share_of_temperature_change_from_ghg,temperature_change_from_ch4,temperature_change_from_co2,temperature_change_from_ghg,temperature_change_from_n2o,total_ghg,total_ghg_excluding_lucf,trade_co2,trade_co2_share
Argentina,1850,ARG,1088372.0,2193400000.0,,,,,,,,,,,,,,,,,,,,,,,,,,10.886878967285156,,,,,,,,,0.5736425518989563,16.210081100463867,10.886878967285156,10.002902030944824,4.249197959899902,3.904177665710449,0.7253519892692566,0.6664559841156006,,,,,,,,,,,,,,,,0.4011344313621521,,,,,0.4011344313621521,,,,,,,,17.642597198486328,0.6243364810943604,,
Argentina,1851,ARG,1115018.0,,,,,,,,,,,,,,,,,,,,,,,,,,,22.279207229614254,,,,,,,,,0.5698634386062622,16.354694366455078,11.392329216003418,10.217170715332031,4.367058753967285,3.916581630706787,0.7370052337646484,0.6609805822372437,,,,,,,,,,,,,,,,0.4025303721427917,,,,,0.4038734138011932,,,0.5351995825767517,3.783351758102072e-06,5.913572294957703e-06,1.0028817996499129e-05,3.318937444873882e-07,18.235780715942383,0.6354079842567444,,
Argentina,1852,ARG,1138141.0,,,,,,,,,,,,,,,,,,,,,,,,,,,33.580413818359375,,,,,,,,,0.5679957270622253,16.310401916503906,11.301204681396484,9.929530143737791,4.484927654266357,3.940572738647461,0.7484406232833862,0.6575992107391357,,,,,,,,,,,,,,,,0.3973006904125213,,,,,0.3873790800571441,,,0.5336918830871582,7.66869470680831e-06,1.191651426779572e-05,2.0254146875231527e-05,6.689371616630524e-07,18.56353759765625,0.64645916223526,,
Argentina,1853,ARG,1157536.0,,,,,,,,,,,,,,,,,,,,,,,,,,,45.005279541015625,,,,,,,,,0.5679947733879089,16.387178421020508,11.424864768981934,9.869986534118652,4.602802753448486,3.9763801097869873,0.7595233917236328,0.6561552882194519,,,,,,,,,,,,,,,,0.3952133655548095,,,,,0.3892031908035278,,,0.5359358191490173,1.165604862762848e-05,1.8043860109173693e-05,3.071088212891482e-05,1.010971459436405e-06,18.96875,0.6574743986129761,,
Argentina,1854,ARG,1177263.0,,,,,,,,,,,,,,,,,,,,,,,,,,,56.46524429321289,,,,,,,,,0.5677893161773682,16.42346954345703,11.459966659545898,9.734415054321287,4.720687389373779,4.009883880615234,0.7701185941696167,0.6541602611541748,,,,,,,,,,,,,,,,0.3931258022785187,,,,,0.385136604309082,,,0.5366019606590271,1.574543239257764e-05,2.427816616545897e-05,4.13813759223558e-05,1.3577770232586772e-06,19.334741592407227,0.6684373021125793,,
Argentina,1855,ARG,1197325.0,,,,,,,,,,,,,,,,,,,,,,,,,,,68.02963256835938,,,,,,,,,0.5673749446868896,16.47041893005371,11.564390182495115,9.65852165222168,4.838581085205078,4.041159152984619,0.7800917029380798,0.6515287756919861,,,,,,,,,,,,,,,,0.3911779522895813,,,,,0.3819378614425659,,,0.5378908514976501,1.993686964851804e-05,3.062858013436198e-05,5.227452493272722e-05,1.709073785605142e-06,19.720443725585938,0.6793321967124939,,
Argentina,1856,ARG,1217730.0,,,,0.0166510008275508,,,11.730643272399902,,,9.63320541381836,,,0.0136738028377294,,,0.0166510008275508,0.0136738028377294,,,,,0.0166510008275508,11.730643272399902,0.0166510008275508,,,79.74362182617188,,,,,,,,,0.5811082720756531,16.539220809936523,11.71399211883545,9.619531631469728,4.957324028015137,4.0709547996521,0.7893077731132507,0.6481795907020569,,,,,,,0.0059842807240784,0.3531078398227691,0.0059851482510566,,0.000269128504442,0.0532029941678047,0.0002691318513825,,,0.3902337253093719,,,,,0.3848390281200409,,,0.540123701095581,2.423209298285656e-05,3.711045064846985e-05,6.340706022456288e-05,2.0645209133363096e-06,20.14030647277832,0.7076330184936523,,
Argentina,1857,ARG,1238482.0,,,,0.0407570004463195,0.0241059996187686,144.77207946777344,11.837738037109377,0.1070950031280517,0.9129524230957032,9.558263778686523,,,0.0329088345170021,,,0.0407570004463195,0.0329088345170021,,,,,0.0574080012738704,23.56838035583496,0.0574080012738704,,,91.54061126708984,,,,,,,,,0.6002032160758972,16.582550048828125,11.79698085784912,9.525355339050291,5.07612943649292,4.098670482635498,0.7976319789886475,0.644040048122406,,,,,,,0.0144949313253164,0.3509698808193207,0.0144975753501057,,0.0008875437779352,0.0927096679806709,0.0008875612984411,,,0.3890953660011291,,,,,0.3815714418888092,,,0.5425148010253906,2.863123154384084e-05,4.371379327494651e-05,7.476873724954203e-05,2.4237165234808344e-06,20.537187576293945,0.7433408498764038,,
Argentina,1858,ARG,1259588.0,,,,0.0527679994702339,0.0120109999552369,29.46978759765625,12.05141544342041,0.2136770039796829,1.8050551414489744,9.567743301391602,,,0.0418930649757385,,,0.0527679994702339,0.0418930649757385,,,,,0.110175997018814,35.61979675292969,0.110175997018814,,,103.53925323486328,,,,,,,,,0.6079534888267517,16.649002075195312,11.99864673614502,9.525850296020508,5.1938796043396,4.123475074768066,0.8049296140670776,0.6390420198440552,,,,,,,0.0184795297682285,0.3546651601791382,0.0184835623949766,,0.0016313339583575,0.1235954165458679,0.0016313799424096,,,0.3886762857437134,,,,,0.3855084478855133,,,0.5455480217933655,3.313213892397471e-05,5.045613215770573e-05,8.637447172077373e-05,2.7861983653565403e-06,20.97088432312012,0.7657709121704102,,
Argentina,1859,ARG,1285058.0,,,,0.0338249988853931,-0.0189430005848407,-35.898651123046875,12.227176666259766,0.1757619976997375,1.458430290222168,9.514883041381836,,,0.0263217687606811,,,0.0338249988853931,0.0263217687606811,,,,,0.1440010070800781,47.84697341918945,0.1440010070800781,,,115.73260498046876,,,,,,,,,0.5891660451889038,16.62053871154785,12.193351745605469,9.488561630249023,5.311639785766602,4.133385181427002,0.8110658526420593,0.6311511397361755,,,,,,,0.0111791510134935,0.3535414040088653,0.0111811822280287,,0.0020407412666827,0.1482332795858383,0.0020408120471984,,,0.3884314894676208,,,,,0.3863652646541595,,,0.5481740832328796,3.7734844227088615e-05,5.731716373702511e-05,9.820345439948142e-05,3.1514437068835832e-06,21.35835647583008,0.7571125626564026,,
Argentina,1860,ARG,1315097.0,,,,0.0415219999849796,0.0076970001682639,22.755359649658203,12.85702133178711,0.6298440098762512,5.151176452636719,9.776480674743652,,,0.031573336571455,,,0.0415219999849796,0.031573336571455,,,,,0.1855230033397674,60.7039909362793,0.1855230033397674,,,128.54811096191406,,,,,,,,,0.5897353887557983,16.814128875732422,12.815499305725098,9.74490737915039,5.430026054382324,4.128992557525635,0.8159058690071106,0.6204149723052979,,,,,,,0.012495394796133,0.3982628583908081,0.0125056840479373,,0.0025109334383159,0.170966163277626,0.0025111096911132,,,0.3932237327098846,,,,,0.442527711391449,,,0.5549005270004272,4.244062438374385e-05,6.446218321798369e-05,0.0001104216789826,3.518868425089749e-06,22.11220932006836,0.7755592465400696,,
Argentina,1861,ARG,1349915.0,,,,0.050365000963211,0.0088430000469088,21.29714584350586,13.39732837677002,0.5403069853782654,4.202425479888916,9.924571990966797,,,0.0373097583651542,,,0.050365000963211,0.0373097583651542,,,,,0.2358880043029785,74.101318359375,0.2358880043029785,,,141.8950653076172,,,,,,,,,0.5915535688400269,16.95888328552246,13.346962928771973,9.887261390686035,5.611148357391357,4.156668186187744,0.8199312090873718,0.6073946952819824,,,,,,,0.0144233740866184,0.4299798905849457,0.0144623452797532,,0.0030485161114484,0.1918618083000183,0.0030490914359688,,,0.400184154510498,,,,,0.4824297130107879,,,0.56373131275177,4.733885725727305e-05,7.18754599802196e-05,0.0001231024216394,3.8881062209839e-06,22.893049240112305,0.798547089099884,,
Argentina,1862,ARG,1389733.0,,,,0.0414909981191158,-0.0088740000501275,-17.61937713623047,13.75543975830078,0.3581120073795318,2.673006057739258,9.89790153503418,,,0.0298553742468357,,,0.0414909981191158,0.0298553742468357,,,,,0.2773790061473846,87.85675811767578,0.2773790061473846,,,155.60902404785156,,,,,,,,,0.5784032344818115,16.911630630493164,13.713949203491213,9.868045806884766,5.792304992675781,4.167926788330078,0.8237488865852356,0.592738926410675,,,,,,,0.0116550680249929,0.4512570798397064,0.0117010390385985,,0.0034270603209733,0.2108369171619415,0.0034282710403203,,,0.4078904986381531,,,,,0.5093846321105957,,,0.5734900236129761,5.242962288320996e-05,7.947996346047148e-05,0.0001361686445306,4.259062734490726e-06,23.50265121459961,0.8038260340690613,,
Argentina,1863,ARG,1434777.0,,,,0.0610830001533031,0.0195920001715421,47.21988296508789,14.09295654296875,0.3375169932842254,2.453696727752685,9.822402000427246,,,0.0425731651484966,,,0.0610830001533031,0.0425731651484966,,,,,0.3384619951248169,101.94972229003906,0.3384619951248169,,,169.64089965820312,,,,,,,,,0.5837765336036682,16.794082641601562,14.03187370300293,9.779829025268556,5.973498821258545,4.163363933563232,0.8274121880531311,0.5766834616661072,,,,,,,0.016094172373414,0.4632246494293213,0.0161491930484771,,0.0039944425225257,0.2280099242925644,0.0039964001625776,,,0.4156588613986969,,,,,0.5269545912742615,,,0.5831086039543152,5.771299765910953e-05,8.726830856176093e-05,0.0001496129843872,4.631669526133919e-06,24.09576416015625,0.8375892043113708,,
Argentina,1864,ARG,1481281.0,,,,0.0519529990851879,-0.0091300001367926,-14.94687843322754,14.29443359375,0.2014770060777664,1.4296293258666992,9.650049209594728,,,0.0350730195641517,,,0.0519529990851879,0.0350730195641517,,,,,0.3904150128364563,116.24414825439452,0.3904150128364563,,,183.8833770751953,,,,,,,,,0.5688706636428833,16.616039276123047,14.242481231689451,9.614975929260254,6.154732704162598,4.155006408691406,0.8309746384620667,0.5609837770462036,,,,,,,0.0126861482858657,0.4616963863372803,0.0127206230536103,,0.0043951552361249,0.2431432902812957,0.0043977601453661,,,0.4227293729782104,,,,,0.5301416516304016,,,0.5919607877731323,6.318907253444195e-05,9.520637831883504e-05,0.0001634013315197,5.005880211683689e-06,24.61302375793457,0.8426573276519775,,
Argentina,1865,ARG,1529293.0,,,,0.0891679972410202,0.0372149981558322,71.63204956054688,14.38422679901123,0.0897929966449737,0.6281733512878418,9.405801773071287,,,0.0583066828548908,,,0.0891679972410202,0.0583066828548908,,,,,0.4795829951763153,130.62838745117188,0.4795829951763153,,,198.17843627929688,,,,,,,,,0.5846986174583435,16.42166519165039,14.295059204101562,9.347495079040527,6.3360772132873535,4.143141269683838,0.834489643573761,0.545670211315155,,,,,,,0.0205053985118865,0.472678542137146,0.0205678194761276,,0.0051470105536282,0.2568793296813965,0.0051506482996046,,,0.4298195838928222,,,,,0.5480647087097168,,,0.6011967658996582,6.885806942591444e-05,0.0001032865911838,0.000177526337211,5.381673872761894e-06,25.11353874206543,0.8941754698753357,,
Argentina,1866,ARG,1578860.0,,,,0.1414230018854141,0.0522550009191036,58.60285949707031,14.68640422821045,0.3021770119667053,2.1007537841796875,9.30190372467041,,,0.0895728543400764,,,0.1414230018854141,0.0895728543400764,,,,,0.6210060119628906,145.31478881835938,0.6210060119628906,,,212.7234039306641,,,,,,,,,0.6085923910140991,16.282548904418945,14.544981002807615,9.21233081817627,6.517568588256836,4.128021717071533,0.8380106091499329,0.530769407749176,,,,,,,0.0314926281571388,0.4783788323402405,0.0316301025450229,,0.0063583580777049,0.2694903314113617,0.006363917607814,,,0.4365498125553131,,,,,0.5549466609954834,,,0.6100792288780212,7.472030119970441e-05,0.000111551133159,0.0001920304785016,5.7590527831052896e-06,25.70786476135254,0.9608821868896484,,
Argentina,1867,ARG,1630034.0,,,,0.1017989963293075,-0.0396239981055259,-28.018075942993164,14.820123672485352,0.1337199956178665,0.910496711730957,9.091911315917969,,,0.0624520704150199,,,0.1017989963293075,0.0624520704150199,,,,,0.7228050231933594,160.13491821289062,0.7228050231933594,,,227.44174194335935,,,,,,,,,0.5740732550621033,16.061809539794922,14.718324661254885,9.029458999633787,6.699102878570557,4.109793663024902,0.8415910601615906,0.516302764415741,,,,,,,0.0211722254753112,0.4849796295166015,0.0212599858641624,,0.0070534204132854,0.2810474038124084,0.0070606665685772,,,0.4433274269104004,,,,,0.5715831518173218,,,0.6190207004547119,8.077585516730323e-05,0.0001199455073219,0.0002068594039883,6.138044682302279e-06,26.181293487548828,0.9357589483261108,,
Argentina,1868,ARG,1682867.0,,,,0.1506229937076568,0.0488240011036396,47.96117401123047,14.960329055786133,0.1402049958705902,0.946044921875,8.889786720275879,,,0.0895038023591041,,,0.1506229937076568,0.0895038023591041,,,,,0.8734279870986938,175.09523010253906,0.8734279870986938,,,242.25143432617188,,,,,,,,,0.5933564305305481,15.870131492614746,14.80970573425293,8.800283432006836,6.8800787925720215,4.088307857513428,0.8452842831611633,0.5022882223129272,,,,,,,0.0304600540548563,0.4892586469650268,0.0306016765534877,,0.0081309061497449,0.2916520535945892,0.0081406105309724,,,0.4497248232364654,,,,,0.5777681469917297,,,0.627895712852478,8.70235962793231e-05,0.0001284936006413,0.0002220359019702,6.51869913781411e-06,26.707319259643555,0.998539924621582,,
Argentina,1869,ARG,1737244.0,,,,0.1747549921274185,0.0241320002824068,16.021453857421875,15.05678653717041,0.0964580029249191,0.6447553634643555,8.66705322265625,,,0.1005932390689849,,,0.1747549921274185,0.1005932390689849,,,,,1.0481829643249512,190.15203857421875,1.0481829643249512,,,257.13348388671875,,,,,,,,,0.5968406200408936,15.659193992614746,14.88203239440918,8.566460609436035,7.061263084411621,4.064635276794434,0.8491438031196594,0.4887878894805908,,,,,,,0.0333037264645099,0.4887455105781555,0.0334704630076885,,0.0093032848089933,0.3012721836566925,0.0093160346150398,,,0.4557280838489532,,,,,0.5822460055351257,,,0.6364642977714539,9.346396836917847e-05,0.0001371819671476,0.0002375470212427,6.90109209244838e-06,27.203840255737305,1.036857843399048,,
Argentina,1870,ARG,1793208.0,4202640000.0,,,0.1604460030794143,-0.014309000223875,-8.188033103942871,15.968188285827637,0.9114009737968444,6.05309009552002,8.904816627502441,3.799561262130737,,0.0894742831587791,0.0381774306297302,,0.1604460030794143,0.0894742831587791,,,,,1.2086290121078491,206.1202087402344,1.2086290121078491,,,272.94122314453125,,,,,,,,,0.5783728957176208,15.73606014251709,15.80774211883545,8.81534194946289,7.242827892303467,4.039033889770508,0.8532230854034424,0.4758082032203674,,,,,,,0.0299270711839199,0.463174968957901,0.0301029775291681,,0.0102400761097669,0.3096576035022735,0.0102561982348561,,,0.4600081741809845,,,,,0.5429551601409912,,,0.6429470777511597,0.0001000980118988,0.0001462434447603,0.0002536267857067,7.28532177163288e-06,28.2180290222168,1.037142992019653,,
Argentina,1871,ARG,1850807.0,,,,0.1735090017318725,0.0130629995837807,8.141684532165527,16.67938804626465,0.711201012134552,4.453861713409424,9.011955261230469,,,0.0937477573752403,,,0.1735090017318725,0.0937477573752403,,,,,1.3821380138397217,222.7996063232422,1.3821380138397217,,,289.4471130371094,,,,,,,,,0.5802685618400574,15.774937629699709,16.50588035583496,8.918207168579102,7.559106826782227,4.084221839904785,0.8642770051956177,0.4669730365276336,,,,,,,0.0304521080106496,0.4676265120506286,0.0306285247206687,,0.0111708622425794,0.317691832780838,0.0111906100064516,,,0.4643707573413849,,,,,0.550739049911499,,,0.6493447422981262,0.0001071509323082,0.0001555980998091,0.0002704235666897,7.674530024814885e-06,29.19636344909668,1.073965072631836,,
Argentina,1872,ARG,1910088.0,,,,0.1692080050706863,-0.0043009999208152,-2.478832006454468,17.0369815826416,0.3575929999351501,2.1439194679260254,8.919474601745605,,,0.0885864943265914,,,0.1692080050706863,0.0885864943265914,,,,,1.551345944404602,239.83657836914065,1.551345944404602,,,306.3148803710937,,,,,,,,,0.5726915001869202,15.703673362731934,16.867773056030273,8.830888748168945,7.874379634857178,4.122521877288818,0.8871930837631226,0.4644775986671448,,,,,,,0.0268174856901168,0.4496707916259765,0.026975579559803,,0.0119300652295351,0.3244564533233642,0.0119535354897379,,,0.4677359759807586,,,,,0.5341610908508301,,,0.6546422243118286,0.0001146206559496,0.0001651602651691,0.0002878549857996,8.074057404883206e-06,29.995397567749023,1.093891143798828,,
Argentina,1873,ARG,1971098.0,,,,0.1877969950437545,0.0185889992862939,10.98588752746582,17.21935272216797,0.1823699921369552,1.0704398155212402,8.735918998718262,,,0.0952753201127052,,,0.1877969950437545,0.0952753201127052,,,,,1.7391430139541626,257.0559387207031,1.7391430139541626,,,323.346435546875,,,,,,,,,0.5772770047187805,15.586889266967772,17.031553268432617,8.640643119812012,8.189682006835938,4.15488338470459,0.9192238450050354,0.466351181268692,,,,,,,0.0280098710209131,0.4438372254371643,0.0282487161457538,,0.0127184884622693,0.3304096758365631,0.0127475745975971,,,0.4706778824329376,,,,,0.530712366104126,,,0.6598376035690308,0.0001225072337547,0.0001748938229866,0.0003058890579268,8.488008461426944e-06,30.723285675048828,1.1378695964813232,,
Argentina,1874,ARG,2034058.0,,,,0.2228170037269592,0.035020001232624,18.647789001464844,17.62571907043457,0.4063679873943329,2.359950542449951,8.665298461914062,,,0.1095430925488472,,,0.2228170037269592,0.1095430925488472,,,,,1.961959958076477,274.6816711425781,1.961959958076477,,,340.7492980957031,,,,,,,,,0.5895200967788696,15.509820938110352,17.402902603149414,8.555754661560059,8.50503158569336,4.181312561035156,0.957621693611145,0.4707936942577362,,,,,,,0.035443041473627,0.4474265575408935,0.0357984900474548,,0.0137173179537057,0.3360492885112762,0.0137533219531178,,,0.4732056260108948,,,,,0.5256574153900146,,,0.665619432926178,0.0001308107457589,0.000184839402209,0.0003245694097131,8.919252650230192e-06,31.547876358032227,1.1991181373596191,,
Argentina,1875,ARG,2099028.0,,,,0.1298760026693344,-0.0929410010576248,-41.71180725097656,17.6389217376709,0.0132020004093647,0.0748991966247558,8.403376579284668,,,0.0618743523955345,,,0.1298760026693344,0.0618743523955345,,,,,2.0918359756469727,292.3205871582031,2.0918359756469727,,,358.25836181640625,,,,,,,,,0.539735734462738,15.315160751342772,17.50904655456543,8.34150218963623,8.82044792175293,4.202158451080322,0.9996392130851746,0.4762390851974487,,,,,,,0.0190700218081474,0.4395146667957306,0.0192347876727581,,0.0139606101438403,0.340891569852829,0.0140010481700301,,,0.475516140460968,,,,,0.5254461169242859,,,0.6711558103561401,0.0001395313156535,0.0001948938006535,0.0003437945269979,9.369417057314422e-06,32.14695358276367,1.1329203844070437,,
Argentina,1876,ARG,2166073.0,,,,0.127019003033638,-0.0028570001013576,-2.199792861938477,17.86704444885254,0.2281219959259033,1.2932896614074707,8.248588562011719,,,0.0586402229964733,,,0.127019003033638,0.0586402229964733,,,,,2.2188549041748047,310.1876220703125,2.2188549041748047,,,375.9984130859375,,,,,,,,,0.5340245962142944,15.178682327270508,17.740026473999023,8.189948081970215,9.1356840133667,4.217625141143799,1.0425286293029783,0.481298953294754,,,,,,,0.0183930229395627,0.4381220638751983,0.0185687150806188,,0.0141558926552534,0.3453056216239929,0.0142010217532515,,,0.4775888919830322,,,,,0.523688554763794,,,0.6768103837966919,0.0001486669352743,0.0002051162009593,0.0003636220353655,9.838896403380204e-06,32.878135681152344,1.1567363739013672,,
Argentina,1877,ARG,2235260.0,,,,0.1004730015993118,-0.026545999571681,-20.89923667907715,18.006879806518555,0.1398359984159469,0.7826447486877441,8.055832862854004,,,0.0449491329491138,,,0.1004730015993118,0.0449491329491138,,,,,2.3193280696868896,328.1944885253906,2.3193280696868896,,,393.90478515625,,,,,,,,,0.5174718499183655,15.01339626312256,17.90640640258789,8.010882377624512,9.45097541809082,4.228132247924805,1.0835425853729248,0.4847501516342163,,,,,,,0.0142710674554109,0.430715262889862,0.0144521575421094,,0.01416084356606,0.3491038382053375,0.0142117189243435,,,0.4791730344295501,,,,,0.5150462985038757,,,0.6822295188903809,0.0001582176191732,0.000215484687942,0.0003840291465166,1.032684576784959e-05,33.55884552001953,1.156684160232544,,
Argentina,1878,ARG,2306657.0,,,,0.0808729976415634,-0.0196000002324581,-19.50773048400879,18.27787208557129,0.2709920108318329,1.5049338340759275,7.923965930938721,,,0.0350606963038444,,,0.0808729976415634,0.0350606963038444,,,,,2.4002010822296143,346.4723815917969,2.4002010822296143,,,412.1017761230469,,,,,,,,,0.5042107105255127,14.86690616607666,18.19700050354004,7.888906002044678,9.766303062438965,4.233964443206787,1.1199334859848022,0.4855223298072815,,,,,,,0.011396188288927,0.4309653341770172,0.0115596959367394,,0.014046031050384,0.3526374995708465,0.0141027029603719,,,0.4806601703166961,,,,,0.5152771472930908,,,0.6877260208129883,0.000168185448274,0.0002260253386339,0.0004050419665873,1.0831182407855522e-05,34.29285430908203,1.1630412340164185,,
Argentina,1879,ARG,2380335.0,,,,0.1916500031948089,0.1107769981026649,136.97650146484375,18.39158058166504,0.11370799690485,0.622105598449707,7.726467132568359,,,0.0805138796567916,,,0.1916500031948089,0.0805138796567916,,,,,2.591850996017456,364.8639526367188,2.591850996017456,,,430.3017272949219,,,,,,,,,0.5456783771514893,14.718960762023926,18.19993019104004,7.645953178405762,10.081668853759766,4.23539924621582,1.1489537954330444,0.4826857149600982,,,,,,,0.0252239294350147,0.4229503571987152,0.0256512258201837,,0.014521881006658,0.3556175231933594,0.0145883541554212,,,0.4817247688770294,,,,,0.5071585774421692,,,0.6930086612701416,0.0001785704953363,0.0002367455745115,0.0004266646574251,1.1348587577231228e-05,35.03605651855469,1.298897385597229,,
Argentina,1880,ARG,2456365.0,,,,0.1940959990024566,0.0024459999985992,1.2762904167175293,18.59917449951172,0.2075939923524856,1.1287450790405271,7.571828365325928,,,0.0790175721049308,,,0.1940959990024566,0.0790175721049308,,,,,2.78594708442688,383.463134765625,2.78594708442688,,,448.7068176269531,,,,,,,,,0.5395040512084961,14.548529624938965,18.405078887939453,7.4928107261657715,10.397089004516602,4.232713222503662,1.167855739593506,0.4754406213760376,,,,,,,0.0226159077137708,0.4150362610816955,0.023032771423459,,0.0148932291194796,0.3581041693687439,0.0149707468226552,,,0.4827486276626587,,,,,0.5079911947250366,,,0.6978439688682556,0.0001893716398626,0.0002476306981407,0.0004488768463488,1.187450561701553e-05,35.73649978637695,1.3252187967300415,,
Argentina,1881,ARG,2534824.0,,,,0.3082379996776581,0.1141420006752014,58.80698013305664,19.10613441467285,0.5069599747657776,2.725708484649658,7.537459850311279,,,0.1216013431549072,,,0.3082379996776581,0.1216013431549072,,,,,3.094184875488281,402.5692443847656,3.094184875488281,,,467.5046997070313,,,,,,,,,0.5770089030265808,14.437744140625,18.797895431518555,7.415858268737793,10.712733268737791,4.226223468780518,1.1799625158309937,0.4655007719993591,,,,,,,0.0347047448158264,0.4253718852996826,0.0354001149535179,,0.0157912466675043,0.3608121573925018,0.0158839095383882,,,0.4842009842395782,,,,,0.5216626524925232,,,0.7028210759162903,0.0002004696580115,0.0002587557828519,0.0004716312978416,1.2405875168042256e-05,36.59714126586914,1.462615966796875,,
Argentina,1882,ARG,2615789.0,,,,0.3440960049629211,0.0358580015599727,11.633216857910156,19.51645278930664,0.410317987203598,2.1475672721862797,7.461019039154053,,,0.1315457820892334,,,0.3440960049629211,0.1315457820892334,,,,,3.4382810592651367,422.0857238769531,3.4382810592651367,,,486.6770629882813,,,,,,,,,0.5816867351531982,14.2907075881958,19.17235565185547,7.329473495483398,11.028396606445312,4.21608829498291,1.190622329711914,0.4551675915718078,,,,,,,0.0366778261959552,0.42226642370224,0.0374511033296585,,0.0167455859482288,0.3632566034793854,0.0168553218245506,,,0.4855338037014007,,,,,0.5204680562019348,,,0.707279622554779,0.0002118645061273,0.0002700871264096,0.0004948936984874,1.2942045032104945e-05,37.38147735595703,1.5215697288513184,,
Argentina,1883,ARG,2699340.0,,,,0.4814049899578094,0.1373089998960495,39.904273986816406,19.705791473388672,0.1893399953842163,0.970160961151123,7.300226211547852,,,0.1783417463302612,,,0.4814049899578094,0.1783417463302612,,,,,3.919686079025269,441.79150390625,3.919686079025269,,,505.90142822265625,,,,,,,,,0.6231268644332886,14.131247520446776,19.22438621520996,7.121883869171143,11.34426212310791,4.202605724334717,1.20012629032135,0.4445998966693878,,,,,,,0.048243623226881,0.4155570268630981,0.0490911193192005,,0.0182054191827774,0.3653073608875274,0.0183339212089777,,,0.4865390360355377,,,,,0.5134504437446594,,,0.7113538980484009,0.0002235565189039,0.0002816157939378,0.0005186548223719,1.3482494978234172e-05,38.14503860473633,1.6820313930511477,,
Argentina,1884,ARG,2785560.0,,,,0.657414972782135,0.1760099977254867,36.56172943115234,20.02788352966309,0.3220919966697693,1.634502410888672,7.189895153045654,,,0.2360081970691681,,,0.657414972782135,0.2360081970691681,,,,,4.57710075378418,461.81939697265625,4.57710075378418,,,525.2719116210938,,,,,,,,,0.6753177046775818,13.994058609008787,19.37046813964844,6.95388650894165,11.660178184509276,4.18593692779541,1.2087652683258057,0.4339397549629211,,,,,,,0.0651059374213218,0.4208369553089142,0.0664097145199775,,0.0203064922243356,0.3674097955226898,0.0204614773392677,,,0.4875867962837219,,,,,0.5166425108909607,,,0.7156935930252075,0.0002355457254452,0.0002933749055955,0.0005429474986158,1.4026834833202884e-05,38.98128890991211,1.88113796710968,,
Argentina,1885,ARG,2874534.0,,,,0.7615399956703186,0.1041250005364418,15.83855152130127,20.14516258239746,0.1172780022025108,0.5855679512023926,7.008148670196533,,,0.2649264335632324,,,0.7615399956703186,0.2649264335632324,,,,,5.338641166687012,481.9645385742188,5.338641166687012,,,544.6555786132812,,,,,,,,,0.6986661553382874,13.808008193969728,19.383621215820312,6.743222236633301,11.97614574432373,4.166291236877441,1.2168300151824951,0.4233138263225555,,,,,,,0.0748450234532356,0.4220981299877167,0.0765772461891174,,0.0226620975881814,0.3694102764129638,0.0228500254452228,,,0.4885502159595489,,,,,0.5161896347999573,,,0.7201998233795166,0.0002478320384398,0.0003053079708479,0.0005677148001268,1.4574807210010476e-05,39.69158935546875,2.0083396434783936,,
Argentina,1886,ARG,2966350.0,,,,0.7844390273094177,0.0228989999741315,3.0069351196289062,20.43560791015625,0.290446013212204,1.4417648315429688,6.8891425132751465,,,0.2644458711147308,,,0.7844390273094177,0.2644458711147308,,,,,6.123079776763916,502.400146484375,6.123079776763916,,,564.3067016601562,,,,,,,,,0.6926230192184448,13.625239372253418,19.651168823242188,6.624696254730225,12.292394638061523,4.143946170806885,1.224611520767212,0.4128344655036926,,,,,,,0.075938880443573,0.4272479712963104,0.0782001912593841,,0.0249001197516918,0.3714556992053985,0.0251286290585994,,,0.489704430103302,,,,,0.5240183472633362,,,0.7248581051826477,0.000260415719822,0.0003174218873027,0.0005929638864472,1.5126283869904e-05,40.41722869873047,2.054562330245972,,
Argentina,1887,ARG,3061098.0,,,,1.207669019699097,0.4232299923896789,53.95320510864258,21.15334701538086,0.717739999294281,3.5122036933898926,6.910379409790039,,,0.3945215046405792,,,1.207669019699097,0.3945215046405792,,,,,7.330749034881592,523.5535278320312,7.330749034881592,,0.0,584.25244140625,0.0,,,,,,0.0,0.0,0.8212094902992249,13.57693099975586,19.945680618286133,6.515858173370361,12.621331214904783,4.123138427734375,1.232400894165039,0.4026009440422058,0.0,0.0,,,,,0.1113794669508934,0.4323089122772217,0.1151849776506424,,0.0285522602498531,0.3735803365707397,0.0288437195122241,,0.0,0.4907911717891693,0.0,,,0.0,0.5236700177192688,0.0,,0.7293782234191895,0.0002733225701376,0.0003298989031463,0.0006189027335494,1.568126754136756e-05,41.5603141784668,2.5138027667999268,,
Argentina,1888,ARG,3158873.0,,,,1.1986490488052368,-0.0090199997648596,-0.7468938827514648,20.984027862548828,-0.1693200021982193,-0.8004426956176758,6.642884254455566,,,0.379454642534256,,,1.1986490488052368,0.379454642534256,,,,,8.529397964477539,544.5375366210938,8.529397964477539,,0.0,604.0377807617188,0.0,,,,,,0.0,0.0,0.7996925711631775,13.320544242858888,19.78537940979004,6.263430118560791,12.93556308746338,4.094993114471436,1.2404890060424805,0.3926998674869537,0.0,0.0,,,,,0.0997758582234382,0.4195314347743988,0.1033809259533882,,0.0317358896136283,0.3751638233661651,0.0320957452058792,,0.0,0.4917136430740356,0.0,,,0.0,0.5206082463264465,0.0,,0.7332919239997864,0.0002865236310753,0.0003424638998694,0.0006452274392358,1.623989373911172e-05,42.07790756225586,2.526127338409424,,
Argentina,1889,ARG,3260729.0,,,,1.9675350189208984,0.7688859701156616,64.14605712890625,22.03782844543457,1.0537999868392944,5.021917819976807,6.758558750152588,,,0.6034033894538879,,,1.9675350189208984,0.6034033894538879,,,,,10.496932983398438,566.5753784179688,10.496932983398438,,0.0,624.1080322265625,0.0,,,,,,0.0,0.0,1.0208921432495115,13.3601655960083,20.070293426513672,6.155155658721924,13.262216567993164,4.06725549697876,1.2491666078567505,0.3830942809581756,0.0,0.0,,,,,0.1636751592159271,0.4375074207782745,0.1694858372211456,,0.0373845212161541,0.377254843711853,0.0378462336957454,,0.0,0.4926710426807403,0.0,,,0.0,0.5233405232429504,0.0,,0.7376784086227417,0.0003000438737217,0.0003555470320861,0.0006723933620378,1.68024271260947e-05,43.56388092041016,3.328852415084839,,
Argentina,1890,ARG,3366831.0,13000976000.0,,,1.4525799751281738,-0.5149549841880798,-26.172595977783203,23.20050811767578,1.1626800298690796,5.275833606719971,6.890903472900391,1.7845205068588257,,0.4314383566379547,0.1117285341024398,,1.4525799751281738,0.4314383566379547,,,,,11.94951343536377,589.77587890625,11.94951343536377,,0.0,645.8560180664062,0.0,,,,,,0.0,0.0,0.8433563709259033,13.43830108642578,21.74792861938477,6.459465503692627,13.575360298156738,4.032088279724121,1.6142548322677612,0.4794582426548004,0.0,0.0,,,,,0.1111167594790458,0.4277684986591339,0.115260861814022,,0.0406645983457565,0.3790154755115509,0.0412109084427356,,0.0,0.4937933385372162,0.0,,,0.0,0.5283293724060059,0.0,,0.7410170435905457,0.0003138550382573,0.0003690815647132,0.0007004659855738,1.7529371689306572e-05,45.24448776245117,2.839438199996948,,
Argentina,1891,ARG,3477345.0,,,,1.0835230350494385,-0.3690569996833801,-25.406997680664062,24.19980812072754,0.9993000030517578,4.307234287261963,6.959277153015137,,,0.3115949034690857,,,1.0835230350494385,0.3115949034690857,,,,,13.033036231994627,613.9757080078125,13.033036231994627,,0.0,668.9722900390625,0.0,,,,,,0.0,0.0,0.719794750213623,13.459267616271973,23.11628532409668,6.6476826667785645,14.122594833374023,4.061315536499023,1.634429097175598,0.4700221419334411,0.0,0.0,,,,,0.0791124701499939,0.4340199828147888,0.0821387097239494,,0.042376771569252,0.3809182345867157,0.0429918467998504,,0.0,0.4955315589904785,0.0,,,0.0,0.5495846271514893,0.0,,0.74448162317276,0.0003281765384599,0.0003830622008536,0.000729504157789,1.8265400285599757e-05,46.80251693725586,2.50297474861145,,
Argentina,1892,ARG,3592446.0,,,,1.6849809885025024,0.6014580130577087,55.50948333740234,25.708803176879883,1.5089960098266602,6.235575675964356,7.156351089477539,,,0.4690344631671905,,,1.6849809885025024,0.4690344631671905,,,,,14.718016624450684,639.6844482421875,14.718016624450684,,0.0,692.99609375,0.0,,,,,,0.0,0.0,0.8763750791549683,13.600783348083496,24.023822784423828,6.687315940856934,14.68098258972168,4.086626052856445,1.67164409160614,0.4653219878673553,0.0,0.0,,,,,0.1220526471734047,0.4622038304805755,0.1265162974596023,,0.045799620449543,0.383629709482193,0.0465068891644477,,0.0,0.4979041814804077,0.0,,,0.0,0.5745007991790771,0.0,,0.7490053772926331,0.0003430329961702,0.0003977011947426,0.000759752409067,1.90181872312678e-05,48.86008071899414,3.1483302116394043,,
Argentina,1893,ARG,3712318.0,,,,1.6708849668502808,-0.0140960002318024,-0.83656907081604,26.55497932434082,0.8461759686470032,3.2913804054260254,7.153207302093506,,,0.4500921070575714,,,1.6708849668502808,0.4500921070575714,,,,,16.38890266418457,666.239501953125,16.38890266418457,,0.0,717.8801879882812,0.0,,,,,,0.0,0.0,0.855301022529602,13.533099174499512,24.88409423828125,6.703114986419678,15.23624038696289,4.104238986968994,1.7242048978805542,0.4644550383090973,0.0,0.0,,,,,0.1225726306438446,0.4757194221019745,0.1272877901792526,,0.0489237681031227,0.3866127133369446,0.0497241504490375,,0.0,0.500608503818512,0.0,,,0.0,0.5898258090019226,0.0,,0.7541142702102661,0.0003584180085454,0.0004126875428482,0.0007909002015367,1.9794644686044197e-05,50.239166259765625,3.1751492023468018,,
Argentina,1894,ARG,3836189.0,,,,1.9472039937973025,0.2763189971446991,16.53728485107422,27.78192138671875,1.22694194316864,4.62038516998291,7.242063045501709,,,0.5075881481170654,,,1.9472039937973025,0.5075881481170654,,,,,18.336105346679688,694.0213623046875,18.336105346679688,,0.0,743.7149658203125,0.0,,,,,,0.0,0.0,0.911261022090912,13.545525550842283,25.834718704223636,6.7344746589660645,15.794733047485352,4.117298126220703,1.790416240692139,0.4667174220085144,0.0,0.0,,,,,0.1378817707300186,0.4860421121120453,0.1428472697734832,,0.0525223053991794,0.3898048400878906,0.0534225553274154,,0.0,0.503512978553772,0.0,,,0.0,0.6002877950668335,0.0,,0.7592262625694275,0.0003743380366358,0.0004281689180061,0.0008231078973039,2.0600917196134105e-05,51.96319580078125,3.495769500732422,,
Argentina,1895,ARG,3964194.0,,,,2.3397459983825684,0.3925420045852661,20.15926742553711,28.546836853027344,0.7649139761924744,2.753281593322754,7.201170444488525,,,0.5902198553085327,,,2.3397459983825684,0.5902198553085327,,,,,20.67585182189941,722.5681762695312,20.67585182189941,,0.0,769.9219970703125,0.0,,,,,,0.0,0.0,0.9917334914207458,13.521695137023926,26.207090377807617,6.610950469970703,16.35188865661621,4.124896049499512,1.86858332157135,0.4713652729988098,0.0,0.0,,,,,0.15640389919281,0.4933750927448272,0.1625207960605621,,0.056790791451931,0.3930646777153015,0.0578144341707229,,0.0,0.5065432786941528,0.0,,,0.0,0.6108782887458801,0.0,,0.7645893692970276,0.00039079025737,0.0004441024793777,0.0008563351002521,2.144239260815084e-05,53.60262298583984,3.9314239025115967,,
Argentina,1896,ARG,4096469.0,,,,2.283951997756958,-0.0557940006256103,-2.384614944458008,29.04818725585937,0.5013520121574402,1.7562389373779297,7.091031074523926,,,0.5575416088104248,,,2.283951997756958,0.5575416088104248,,,,,22.95980453491211,751.6163940429688,22.95980453491211,,0.0,796.6862182617188,0.0,,,,,,0.0,0.0,0.9556848406791688,13.398208618164062,26.764236450195312,6.533489227294922,16.905088424682617,4.12674617767334,1.9570109844207764,0.4777311980724334,0.0,0.0,,,,,0.147785484790802,0.4964897632598877,0.1537762433290481,,0.0604961551725864,0.3962548673152923,0.0616408921778202,,0.0,0.5097142457962036,0.0,,,0.0,0.621663510799408,0.0,,0.7700629234313965,0.0004077669582329,0.0004603247216437,0.000890415336471,2.23236875172006e-05,54.88534927368164,3.914933443069458,,
Argentina,1897,ARG,4233159.0,,,,2.2371959686279297,-0.0467559993267059,-2.0471513271331787,29.252784729003903,0.204595997929573,0.7043361663818359,6.910390853881836,,,0.5284932851791382,,,2.2371959686279297,0.5284932851791382,,,,,25.19700050354004,780.8692016601562,25.19700050354004,,0.0,823.7018432617188,0.0,,,,,,0.0,0.0,0.9226905107498168,13.248477935791016,27.015588760375977,6.381897926330566,17.456554412841797,4.123765468597412,2.054004430770874,0.4852178692817688,0.0,0.0,,,,,0.1382346004247665,0.4880461394786834,0.1439010202884674,,0.0636755749583244,0.3990666270256042,0.0649367719888687,,0.0,0.5126476883888245,0.0,,,0.0,0.6174354553222656,0.0,,0.7753139138221741,0.0004252644721418,0.000476794259157,0.0009253073949366,2.3248663637787104e-05,56.082916259765625,3.905895471572876,,
Argentina,1898,ARG,4374409.0,,,,2.226630926132202,-0.0105649996548891,-0.4722416400909424,29.915111541748047,0.6623280048370361,2.264153957366944,6.838663578033447,,,0.5090129971504211,,,2.226630926132202,0.5090129971504211,,,,,27.42363166809082,810.7843017578125,27.42363166809082,,0.0,851.3903198242188,0.0,,,,,,0.0,0.0,0.900460958480835,13.148457527160645,27.6884822845459,6.32965087890625,18.013809204101562,4.117998600006104,2.1578681468963623,0.4932936429977417,0.0,0.0,,,,,0.13044373691082,0.4905547201633453,0.1357427835464477,,0.0664366409182548,0.401831716299057,0.0678086280822753,,0.0,0.5157838463783264,0.0,,,0.0,0.6305368542671204,0.0,,0.7805241346359253,0.0004432945570442,0.0004936117911711,0.0009611267596483,2.4220409613917585e-05,57.51673126220703,3.9389843940734863,,
Argentina,1899,ARG,4524892.0,,,,2.642508029937744,0.4158769845962524,18.677413940429688,30.546836853027344,0.6317239999771118,2.11172103881836,6.750843048095703,,,0.5839936137199402,,,2.642508029937744,0.5839936137199402,,,,,30.066139221191406,841.3311157226562,30.066139221191406,,0.0,879.294677734375,0.0,,,,,,0.0,0.0,0.972803235054016,13.089655876159668,27.904327392578125,6.166849613189697,18.57423210144043,4.10490083694458,2.2669076919555664,0.5009860396385193,0.0,0.0,,,,,0.1417331993579864,0.4855300784111023,0.1474445909261703,,0.0696906372904777,0.4043625295162201,0.0711879208683967,,0.0,0.5187754034996033,0.0,,,0.0,0.6303190588951111,0.0,,0.7854950428009033,0.0004618635866791,0.0005108990008011,0.000998003873974,2.5241261027986184e-05,59.22927474975586,4.401829719543457,,
Argentina,1900,ARG,4685089.0,21508019000.0,,,2.025777101516724,-0.6167308688163757,-23.338848114013672,60.20408630371094,29.657251358032227,97.08779907226562,12.85014820098877,2.799146175384521,,0.4323881864547729,0.0941870659589767,,2.025777101516724,0.4323881864547729,,,,,32.091915130615234,901.5352172851562,32.091915130615234,,0.0,937.4729614257812,0.0,,,,,,0.0,0.0,0.814979612827301,16.442834854125977,58.17831039428711,12.417759895324709,19.120695114135746,4.081181049346924,2.379427909851074,0.5078725218772888,0.0,0.0,,,,,0.1032041236758232,0.9372298121452332,0.1076027452945709,,0.0711490735411644,0.4203212559223175,0.0727418586611747,,0.0,0.5389168858528137,0.0,,,0.0,1.3042309284210205,0.0,,0.796046793460846,0.0004809430101886,0.0005359083879739,0.0010431641712784,2.631278221087996e-05,77.03614044189453,3.818252086639404,,
Argentina,1901,ARG,4855502.0,22371943000.0,,,2.407749891281128,0.3819728791713714,18.855619430541992,79.40293884277344,19.198848724365234,31.88960647583008,16.353187561035156,3.5492193698883057,,0.4958807528018951,0.1076236367225647,,2.407749891281128,0.4958807528018951,,,,,34.499664306640625,980.9381713867188,34.499664306640625,,0.0,1014.4680786132812,0.0,,,,,,0.0,0.0,0.8815502524375916,18.510967254638672,76.99518585205078,15.857306480407717,19.937129974365234,4.106090545654297,2.534104108810425,0.5219036340713501,0.0,0.0,,,,,0.1188643649220466,1.201059341430664,0.124344415962696,,0.0731998160481453,0.4436661601066589,0.0749115049839019,,0.0,0.5682007074356079,0.0,,,0.0,1.679120659828186,0.0,,0.8102035522460938,0.0005010819295421,0.0005662644398398,0.0010948003036901,2.745395977399312e-05,89.88004302978516,4.280368804931641,,
Argentina,1902,ARG,5036658.0,21914860000.0,,,2.554853916168213,0.1471039950847625,6.109607219696045,91.01250457763672,11.609567642211914,14.621078491210938,18.070018768310547,4.153004169464111,,0.5072518587112427,0.1165808886289596,,2.554853916168213,0.5072518587112427,,,,,37.05451965332031,1071.95068359375,37.05451965332031,,0.0,1102.92578125,0.0,,,,,,0.0,0.0,0.895102322101593,19.592117309570312,88.45764923095703,17.562767028808594,20.753782272338867,4.120546340942383,2.7583577632904053,0.5476563572883606,0.0,0.0,,,,,0.1230095401406288,1.3574411869049072,0.1290135681629181,,0.0753021836280822,0.4705604314804077,0.0771419703960418,,0.0,0.6021382212638855,0.0,,,0.0,1.91145932674408,0.0,,0.8266031742095947,0.0005222807521931,0.0006001140573062,0.001151090953499,2.869612399081234e-05,98.67879486083984,4.50832462310791,,
Argentina,1903,ARG,5229108.0,25056326000.0,,,2.922668933868408,0.3678149878978729,14.39671516418457,99.80329895019533,8.790791511535645,9.65888500213623,19.08610343933105,3.9831578731536874,,0.558923065662384,0.1166439577937126,,2.922668933868408,0.558923065662384,,,,,39.97718811035156,1171.7540283203125,39.97718811035156,,0.0,1199.8065185546875,0.0,,,,,,0.0,0.0,0.9477549195289612,20.215187072753903,96.88062286376952,18.527179718017575,21.568960189819336,4.1247878074646,3.033611536026001,0.5801393985748291,0.0,0.0,,,,,0.1290594190359115,1.4406429529190063,0.1351863741874694,,0.0776672959327697,0.4991908669471741,0.0796419531106948,,0.0,0.6387680768966675,0.0,,,0.0,2.077601194381714,0.0,,0.8439459800720215,0.0005445361020974,0.0006366377929225,0.0012112361146137,3.006224324053619e-05,105.70738983154295,4.955913066864014,,
Argentina,1904,ARG,5428911.0,27744130000.0,,,3.7388648986816406,0.8161960244178772,27.9263973236084,106.8688507080078,7.0655517578125,7.079482078552246,19.685134887695312,3.8519444465637207,,0.6886951923370361,0.1347623765468597,,3.7388648986816406,0.6886951923370361,,,,,43.71605682373047,1278.622802734375,43.71605682373047,,0.0,1302.936279296875,0.0,,,,,,0.0,0.0,1.079920530319214,20.739870071411133,103.1299819946289,18.99644088745117,22.394752502441406,4.125091075897217,3.341287851333618,0.6154618263244629,0.0,0.0,,,,,0.1632510423660278,1.5132594108581543,0.1719465553760528,,0.0813131183385849,0.5288092494010925,0.0834744572639465,,0.0,0.6764872670173645,0.0,,,0.0,2.1611897945404053,0.0,,0.8624471426010132,0.0005678695160895,0.0006757527007721,0.0012751891044899,3.1566916732117534e-05,112.59490203857422,5.862792491912842,,
Argentina,1905,ARG,5636349.0,31406880000.0,,,4.654739856719971,0.9158750176429749,24.49606704711914,112.52960205078124,5.660751819610596,5.296909809112549,19.96498107910156,3.58296012878418,,0.825843095779419,0.1482076495885849,,4.654739856719971,0.825843095779419,,,,,48.370792388916016,1391.15234375,48.370792388916016,,0.0,1410.811279296875,0.0,,,,,,0.0,0.0,1.2177037000656128,21.00414085388184,107.87486267089844,19.13913917541504,23.21439552307129,4.118693828582764,3.6628098487854,0.6498550176620483,0.0,0.0,,,,,0.1907234191894531,1.5533182621002195,0.2005576640367508,,0.0860641524195671,0.558612048625946,0.0884430110454559,,0.0,0.7146709561347961,0.0,,,0.0,2.2455708980560303,0.0,,0.8814067244529724,0.0005922683048993,0.000716961978469,0.0013424466596916,3.3216379961231723e-05,118.3866729736328,6.863402843475342,,
Argentina,1906,ARG,5851713.0,32980648000.0,,,6.213627815246582,1.558887958526611,33.49033737182617,116.63127899169922,4.101679801940918,3.6449790000915527,19.931135177612305,3.5363550186157227,,1.061847686767578,0.1884022355079651,,6.213627815246582,1.061847686767578,,,,,54.58442306518555,1507.78369140625,54.58442306518555,,0.0,1521.2288818359375,0.0,,,,,,0.0,0.0,1.457755446434021,21.20607185363769,110.41764831542967,18.869285583496094,24.05727195739746,4.11115026473999,3.979599952697754,0.6800743341445923,0.0,0.0,,,,,0.2437693774700164,1.571747064590454,0.2561846673488617,,0.0929062440991401,0.5879266262054443,0.0955661013722419,,0.0,0.7520463466644287,0.0,,,0.0,2.2666008472442627,0.0,,0.9006924033164978,0.0006177793256938,0.0007602181285619,0.0014130059862509,3.500850289128721e-05,124.09185028076172,8.530365943908691,,
Argentina,1907,ARG,6075305.0,33673998000.0,,,5.4581379890441895,-0.7554900050163269,-12.15859603881836,120.30950927734376,3.678231954574585,3.1537294387817383,19.803041458129883,3.572772026062012,,0.8984138369560242,0.1620876193046569,,5.4581379890441895,0.8984138369560242,,,,,60.04256057739258,1628.0931396484375,60.04256057739258,,0.0,1636.0802001953125,0.0,,,,,,0.0,0.0,1.2942452430725098,21.06116104125977,114.85137939453124,18.90462684631348,24.880128860473636,4.0952887535095215,4.273080348968506,0.7033524513244629,0.0,0.0,,,,,0.1878910064697265,1.546625733375549,0.1978317946195602,,0.0973814129829406,0.6161496639251709,0.1002783253788948,,0.0,0.7897949814796448,0.0,,,0.0,2.3564627170562744,0.0,,0.9190601110458374,0.0006443375023081,0.0008047104347497,0.0014859806979075,3.693278995342553e-05,127.9529800415039,7.862934589385986,,
Argentina,1908,ARG,6307441.0,36961689000.0,,,5.894651889801025,0.4365139901638031,7.997488975524902,124.01602935791016,3.7065200805664062,3.0808210372924805,19.66186141967773,3.35525894165039,,0.9345552325248718,0.1594800502061844,,5.88732385635376,0.93339341878891,,,,,65.93721008300781,1752.109130859375,65.92988586425781,,0.0,1754.2015380859375,0.0073279999196529,,,,,,0.0,0.0,1.3496334552764893,21.09549903869629,118.1213836669922,18.7273063659668,25.82830238342285,4.094893932342529,4.5246758460998535,0.7173552513122559,0.0073279999196529,0.0011618024436756,,,,,0.2112479358911514,1.6081472635269165,0.2234039157629013,,0.1023115143179893,0.6442801356315613,0.1054689213633537,,0.0,0.827165424823761,0.0004562241956591,,,0.0,2.4001882076263428,0.0056903669610619,,0.938719928264618,0.0006722260732203,0.0008509616018272,0.0015621579950675,3.89703745895531e-05,133.05862426757812,8.512734413146973,,
Argentina,1909,ARG,6532092.0,38819264000.0,,,5.465078830718994,-0.4295729994773865,-7.287502288818359,124.7602310180664,0.7441999912261963,0.6000876426696777,19.09958267211914,3.213874340057373,,0.8366506695747375,0.1407826542854309,,5.454092979431152,0.8349688053131104,,,,,71.40229034423828,1876.8695068359373,71.38397216796875,,0.0,1873.496826171875,0.0183129999786615,,,,,,0.0,0.0,1.265743374824524,20.767412185668945,119.29515075683594,18.26293182373047,26.748167037963867,4.094885349273682,4.7158074378967285,0.7219444513320923,0.0109850000590085,0.001681697089225,,,,,0.1879899948835373,1.5778855085372925,0.1989946961402893,,0.1060094982385635,0.6706573963165283,0.1093973517417907,,0.0,0.8630700707435608,0.0010521170916035,,,0.0,2.3860526084899902,0.0081759225577116,,0.9577580094337464,0.0007013636059127,0.000897881516721,0.0016403391491621,4.109403380425647e-05,135.65463256835938,8.267951965332031,,
Argentina,1910,ARG,6748544.0,41644912000.0,,,6.925233840942383,1.460155010223389,26.717912673950195,138.41392517089844,13.653688430786133,10.943937301635742,20.51019096374512,3.32366943359375,,1.026181936264038,0.1662924438714981,,6.914247035980225,1.024553894996643,,,,,78.32752990722656,2015.283447265625,78.29822540283203,,0.0,2004.9854736328125,0.0293000005185604,,,,,,0.0,0.0,1.476523995399475,21.693988800048828,131.4886932373047,19.4840087890625,27.71980857849121,4.107523918151856,4.8278985023498535,0.7153985500335693,0.0109869996085762,0.0016280548879876,,,,,0.2270365208387375,1.7635878324508667,0.2407606691122055,,0.1112529784440994,0.7004721164703369,0.1149351149797439,,0.0,0.9036688208580016,0.0015546412905678,,,0.0,2.740401029586792,0.0076249102130532,,0.9791258573532104,0.0007318814168684,0.0009491536184214,0.0017243031179532,4.326816997490823e-05,146.40284729003906,9.96438694000244,,
Argentina,1911,ARG,6956048.0,42382158000.0,,,8.444685935974121,1.5194519758224487,21.94080352783203,146.79832458496094,8.384400367736816,6.057488918304443,21.103694915771484,3.463681936264038,,1.2140063047409058,0.1992509663105011,,8.437357902526855,1.2129528522491455,,,,,86.77220916748047,2162.081787109375,86.73558044433594,,0.0,2143.339111328125,0.0366280004382133,,,,,,0.0,0.0,1.681687355041504,22.194799423217773,138.3536376953125,19.88968849182129,28.7440185546875,4.1322340965271,4.892685413360596,0.7033714056015015,0.0073279999196529,0.0010534717002883,,,,,0.2726548612117767,1.8669918775558472,0.2900289297103882,,0.118054062128067,0.7315045595169067,0.1221060529351234,,0.0,0.9457132816314696,0.0017976987874135,,,0.0,2.9031624794006348,0.0047953552566468,,1.0015584230422974,0.0007634396315552,0.0010035312734544,0.0018124424386769,4.547147909761407e-05,154.38807678222656,11.697897911071776,,
Argentina,1912,ARG,7153812.0,45863510000.0,,,8.567420959472656,0.1227350011467933,1.453399658203125,151.98231506347656,5.184000015258789,3.531372547149658,21.24494171142578,3.313796281814575,,1.197602152824402,0.1868025511503219,,8.54543685913086,1.1945291757583618,,,,,95.33963012695312,2314.064208984375,95.28101348876952,,0.0,2286.754150390625,0.0586120001971721,,,,,,0.0,0.0,1.6803648471832275,22.43404006958008,143.41490173339844,20.047338485717773,29.754642486572266,4.159270763397217,4.953991413116455,0.6924967169761658,0.0219839997589588,0.0030730469152331,,,,,0.2632946670055389,1.918670654296875,0.2794017791748047,,0.1242112815380096,0.7624903917312622,0.1285991668701172,,0.0,0.988633155822754,0.002670670626685,,,0.0,3.072758674621582,0.0139882080256938,,1.0242818593978882,0.0007959894719533,0.0010601736139506,0.0019038654863834,4.770240047946572e-05,160.4888916015625,12.021014213562012,,
Argentina,1913,ARG,7341005.0,46315956000.0,,,9.34687328338623,0.7794520258903503,9.097862243652344,158.1094512939453,6.127135753631592,4.031479358673096,21.53784942626953,3.413714408874512,,1.273241639137268,0.2018067687749862,,9.288228034973145,1.265252947807312,,,,,104.6865005493164,2472.173583984375,104.56924438476562,,0.0,2435.5166015625,0.1172569990158081,,,,,,0.0,0.0,1.7729167938232422,22.72445106506348,148.7625732421875,20.26460647583008,30.779476165771484,4.19281530380249,5.011369705200195,0.6826543807983398,0.0586449988186359,0.0079886885359883,,,,,0.2651711106300354,1.941157341003418,0.2812607884407043,,0.1304003149271011,0.7932971119880676,0.1351131796836853,,0.0,1.0323271751403809,0.0049337884411215,,,0.0,3.219782590866089,0.0322301015257835,,1.0466549396514893,0.000829565746244,0.0011191797675564,0.0019987046252936,4.995915514882654e-05,166.82029724121094,13.01499080657959,,
Argentina,1914,ARG,7533097.0,41498755000.0,,,8.294103622436523,-1.0527695417404177,-11.263334274291992,158.18682861328125,0.0773760005831718,0.0489354133605957,20.998910903930664,3.811845302581787,,1.1010217666625977,0.1998639106750488,,8.169474601745605,1.0844775438308716,,,,,112.98060607910156,2630.3603515625,112.73871612548828,,0.0036659999750554,2585.4091796875,0.2382200062274933,,,,,,0.0036659999750554,0.0004866524250246,1.6134017705917358,22.488862991333008,149.89273071289062,19.897890090942383,31.78153419494629,4.21891975402832,5.064372539520264,0.6722829341888428,0.1209629997611045,0.0160575397312641,,,,,0.2593730986118316,2.0216948986053467,0.2749530076980591,,0.1353407800197601,0.823384165763855,0.1402832865715026,,0.0008283217903226,1.0747836828231812,0.0092959720641374,,,0.0121646653860807,3.239721775054932,0.0650327056646347,,1.06998610496521,0.0008641158929094,0.001178877428174,0.0020952331833541,5.223978223511949e-05,169.41079711914062,12.153911590576172,,
Argentina,1915,ARG,7730214.0,41740312000.0,,,5.521729946136475,-2.7723734378814697,-33.425838470458984,160.30601501464844,2.1191840171813965,1.3396739959716797,20.73759078979492,3.840556383132935,,0.7143049240112305,0.132287710905075,,5.283443927764893,0.6834796667098999,,,,,118.50233459472656,2790.666259765625,118.0221710205078,,0.0146639999002218,2740.193603515625,0.4655079841613769,,,,,,0.0109980003908276,0.0014227289939299,1.2379729747772217,22.01645278930664,154.78428649902344,20.023286819458008,32.78019714355469,4.2405290603637695,5.112553596496582,0.6613728404045105,0.2272879928350448,0.0294025503098964,,,,,0.1754026710987091,2.081526279449463,0.1816698759794235,,0.1367966532707214,0.8530011177062988,0.1417286843061447,,0.003090753685683,1.1179674863815308,0.0168651416897773,,,0.0345135442912578,3.3993582725524902,0.1150457933545112,,1.09302818775177,0.0008996356627903,0.0012384552974253,0.0021926329936832,5.454210622701794e-05,170.19189453125,9.569795608520508,,
Argentina,1916,ARG,7932490.0,40529502000.0,,,4.215234756469727,-1.306494951248169,-23.660968780517575,158.92694091796875,-1.3790719509124756,-0.8602738380432129,20.034936904907227,3.921265602111816,,0.5313886404037476,0.1040041148662567,,3.815566062927246,0.4810048341751098,,,,,122.7175750732422,2949.59326171875,121.83773040771484,,0.029331000521779,2894.9052734375,0.8505110144615173,,,,,,0.0146669996902346,0.0018489781068637,1.065189003944397,21.475231170654297,154.7117156982422,19.503549575805664,33.77692031860352,4.258047580718994,5.155465126037598,0.6499176025390625,0.385003000497818,0.0485349483788013,,,,,0.1239690333604812,2.0012013912200928,0.1216890290379524,,0.1363121569156646,0.8802124261856079,0.1410015076398849,,0.00571950385347,1.1596027612686155,0.0285850148648023,,,0.0382183939218521,3.406738042831421,0.1789086759090423,,1.1143784523010254,0.0009361285483464,0.0012976372381672,0.0022906295489519,5.686375516233966e-05,170.35206604003906,8.449601173400879,,
Argentina,1917,ARG,8140058.0,37239178000.0,,,2.4113519191741943,-1.8038829565048216,-42.79436492919922,161.1129913330078,2.1860480308532715,1.3755083084106443,19.79261016845703,4.326437950134277,,0.2962327897548675,0.0647530928254127,,1.8434319496154783,0.2264642268419265,,,,,125.1289291381836,3110.7060546875,123.68115997314452,,0.0549790002405643,3053.60693359375,1.3927830457687378,,,,,,0.0256479997187852,0.003150837495923,0.8382723927497864,21.218515396118164,158.70164489746094,19.49637794494629,34.765220642089844,4.270881175994873,5.192659854888916,0.6379143595695496,0.5422719717025757,0.0666177049279213,,,,,0.067801296710968,2.0099596977233887,0.0564496517181396,,0.133708506822586,0.9066050052642822,0.1379224359989166,,0.0099359638988971,1.2017083168029783,0.0433249175548553,,,0.0633141323924064,3.5589439868927,0.226546049118042,,1.1351418495178225,0.0009735808125697,0.0013574236072599,0.0023902065586298,5.9202153352089226e-05,172.71995544433594,6.8235859870910645,,
Argentina,1918,ARG,8354021.0,44097686000.0,,,1.569275975227356,-0.8420760035514832,-34.92132568359375,160.9116973876953,-0.2012960016727447,-0.1249432563781738,19.261587142944336,3.648983001708984,,0.1878467798233032,0.0355863571166992,,0.9390680193901062,0.1124090999364852,,,,,126.6981964111328,3271.617919921875,124.62023162841795,,0.0842909961938858,3212.949462890625,1.9936790466308596,,,,,,0.0293119996786117,0.0035087293945252,0.7408204674720764,20.99859619140625,159.34242248535156,19.07373809814453,35.782955169677734,4.283321380615234,5.223691463470459,0.6252906322479248,0.6008960008621216,0.0719289556145668,,,,,0.0447586476802825,2.0309722423553467,0.0292008072137832,,0.1304963529109954,0.931981921195984,0.1341584622859954,,0.0142901847139,1.242813229560852,0.0576247498393058,,,0.0802648738026619,3.60763955116272,0.2452409267425537,,1.1562808752059937,0.0010120412334799,0.0014179549179971,0.0024915505200624,6.155452138045803e-05,175.42269897460938,6.18882942199707,,
Argentina,1919,ARG,8579951.0,45710112000.0,,,3.4100348949432373,1.840759038925171,117.29988861083984,165.19053649902344,4.278848171234131,2.659130096435547,19.253087997436523,3.613873243331909,,0.3974422514438629,0.0746013224124908,,2.7871549129486084,0.3248451054096222,,,,,130.10824584960938,3436.808349609375,127.40738677978516,,0.1136030033230781,3374.72998046875,2.587246894836426,,,,,,0.0293119996786117,0.0034163366071879,0.9611555337905884,21.144136428833008,161.780517578125,18.85564613342285,36.8104248046875,4.290283679962158,5.248111724853516,0.611671507358551,0.5935680270195007,0.069180816411972,,,,,0.1121311411261558,2.224385023117065,0.1024630963802337,,0.1299385875463485,0.958756685256958,0.1332567036151886,,0.0180954001843929,1.2836185693740845,0.0693042427301406,,,0.0772424712777137,3.6892104148864746,0.2170975655317306,,1.1797951459884644,0.0010515236062929,0.0014807112747803,0.0025961527135223,6.391789065673947e-05,181.4156494140625,8.24666690826416,,
Argentina,1920,ARG,8818354.0,49054496000.0,,,5.60890007019043,2.1988649368286133,64.48218536376953,185.82534790039065,20.63479995727539,12.491512298583984,21.07256507873535,3.788141012191773,,0.6360483765602112,0.1143401861190795,,4.839459896087647,0.5487940311431885,,,,,135.71713256835938,3622.634033203125,132.24684143066406,,0.1502429991960525,3554.9462890625,3.320046901702881,,,,,,0.0366399995982646,0.0041549704037606,1.210466980934143,22.187763214111328,180.2164459228516,20.4365177154541,37.84955596923828,4.2921342849731445,5.265474319458008,0.597104012966156,0.7328000068664551,0.0830994099378585,,,,,0.1581415981054306,2.23254132270813,0.154486209154129,,0.1309033930301666,0.9876625537872314,0.1339302211999893,,0.0224415510892868,1.3280370235443115,0.0810912474989891,,,0.0878964886069297,3.7727978229522714,0.202969804406166,,1.2028510570526123,0.0010920782806351,0.0015494062099605,0.0027077735867351,6.628908158745617e-05,195.6595458984375,10.674325942993164,,
Argentina,1921,ARG,9069751.0,50306036000.0,,,4.760871887207031,-0.8480280041694641,-15.119325637817385,199.35690307617188,13.5315523147583,7.281863689422607,21.98041534423828,3.962882041931152,,0.5249176025390625,0.0946381837129592,,3.786247968673706,0.4174588620662689,,,,,140.47801208496094,3821.99072265625,136.0330810546875,,0.1978749930858612,3749.54248046875,4.247038841247559,,,,,,0.0476320013403892,0.0052517428994178,1.1071908473968506,22.48665428161621,194.59603881835935,21.45549964904785,38.925254821777344,4.291767120361328,5.266213893890381,0.5806348919868469,0.9269919991493224,0.1022069975733757,,,,,0.1528372764587402,2.461010456085205,0.1416953653097152,,0.1315431743860244,1.019498586654663,0.1341347992420196,,0.0280881654471158,1.3751214742660522,0.0945576429367065,,,0.1361211240291595,3.903148412704468,0.2333404272794723,,1.2277826070785522,0.0011332646245136,0.0016213491326197,0.0028232743497937,6.86605999362655e-05,203.94834899902344,10.04194450378418,,
Argentina,1922,ARG,9334686.0,54296928000.0,,,6.055771827697754,1.2948999404907229,27.198802947998047,207.4532165527344,8.096320152282715,4.061222076416016,22.22390937805176,3.8207173347473145,,0.64873868227005,0.1115306615829467,,4.645840167999268,0.4976964294910431,,,,,146.53378295898438,4029.444091796875,140.67892456054688,,0.2601319849491119,3950.93994140625,5.594714164733887,,,,,,0.0622569993138313,0.0066694263368844,1.2400490045547483,22.7046012878418,201.3974456787109,21.575170516967773,40.02396774291992,4.287661075592041,5.244729995727539,0.5618539452552795,1.3476749658584597,0.144372820854187,,,,,0.1854915022850036,2.493036985397339,0.1675121784210205,,0.1331434845924377,1.051496148109436,0.135023295879364,,0.034936498850584,1.4226009845733645,0.1134879067540168,,,0.1552271693944931,3.9828715324401855,0.3074724674224853,,1.252390742301941,0.0011751289712265,0.0016964059323072,0.0029425574466586,7.102244853740558e-05,211.94032287597656,11.575468063354492,,
Argentina,1923,ARG,9613722.0,60309591000.0,,,7.343099117279053,1.2873270511627195,21.25785446166992,213.82760620117188,6.374383926391602,3.072690963745117,22.24191665649414,3.545499086380005,,0.763814389705658,0.1217567324638366,,5.741236209869385,0.5971918106079102,,,,,153.8768768310547,4243.271484375,146.42018127441406,,0.3371089994907379,4157.42431640625,7.11959981918335,,,,,,0.0769769996404647,0.0080069927498698,1.3632012605667114,22.68030548095703,206.4844970703125,21.47810173034668,41.12671661376953,4.277917861938477,5.206528663635254,0.5415725708007812,1.5248860120773315,0.1586155742406845,,,,,0.1983015686273574,2.410369634628296,0.182277962565422,,0.135264441370964,1.082241773605347,0.1364099234342575,,0.0422913320362567,1.4696015119552612,0.1314713805913925,,,0.1465499103069305,3.99532151222229,0.3140634596347809,,1.2753567695617676,0.0012176823802292,0.0017737312009558,0.0030647804960608,7.336708949878812e-05,218.0421600341797,13.105438232421877,,
Argentina,1924,ARG,9901098.0,64989056000.0,,,9.863517761230469,2.520418882369995,34.32364654541016,220.79812622070312,6.97052812576294,3.259885311126709,22.30036735534668,3.39746618270874,,0.996204435825348,0.151771992444992,,7.657790184020996,0.7734283804893494,,,,,163.7404022216797,4464.06982421875,154.07797241210938,,0.4653489887714386,4368.35888671875,9.197088241577148,,,,,,0.1282400041818618,0.0129520995542407,1.6044899225234983,22.628515243530277,210.93460083007807,21.304162979125977,42.24717712402344,4.266918182373047,5.157111167907715,0.5208625197410583,2.0774879455566406,0.2098239958286285,,,,,0.2654235661029815,2.5005314350128174,0.2426459491252899,,0.1393817812204361,1.1134792566299438,0.1394442617893219,,0.0543111488223075,1.516746163368225,0.1558958441019058,,,0.2147747725248336,4.124726295471191,0.4290688037872314,,1.2984410524368286,0.0012609405675902,0.0018532783724367,0.0031899083405733,7.568948058178648e-05,224.04714965820312,15.886211395263672,,
Argentina,1925,ARG,10197065.0,64706426000.0,,,10.156537055969238,0.2930189967155456,2.970731258392334,225.28463745117188,4.486512184143066,2.031946182250977,22.09308624267578,3.481642484664917,,0.9960255026817322,0.1569633483886718,,7.269304752349853,0.7128821015357971,,,,,173.8969268798828,4689.35400390625,161.34725952148438,,0.6302289962768555,4583.48681640625,11.919440269470217,,,,,,0.1648799926042556,0.0161693580448627,1.609439492225647,22.60440826416016,215.1280975341797,21.09706115722656,43.3395881652832,4.250202178955078,5.101982593536377,0.5003383159637451,2.7223520278930664,0.2669740617275238,,,,,0.2715192139148712,2.506090879440308,0.230502501130104,,0.1434594094753265,1.144020438194275,0.141971081495285,,0.068447858095169,1.562956929206848,0.1860949248075485,,,0.2579363882541656,4.098575115203857,0.5385212898254395,,1.321380615234375,0.0013048582477495,0.0019352636300027,0.00331810885109,7.798704609740525e-05,230.4986267089844,16.41156005859375,,
Argentina,1926,ARG,10501879.0,67810632000.0,,,10.32332992553711,0.1667930036783218,1.6422271728515625,226.6813201904297,1.3966879844665527,0.619971752166748,21.584835052490234,3.342858076095581,,0.9829983711242676,0.1522376388311386,,6.515194892883301,0.6203837394714355,,,,,184.22027587890625,4916.03564453125,167.86245727539062,,0.9234439730644226,4799.8447265625,15.434359550476074,,,,,,0.2932150065898895,0.0279202423989772,1.6015087366104126,22.309335708618164,216.3580017089844,20.601837158203125,44.44013214111328,4.23163652420044,5.046645641326904,0.4805469214916229,3.5149199962615967,0.3346943855285644,,,,,0.2807230949401855,2.534554243087769,0.2112549245357513,,0.1475010365247726,1.1737127304077148,0.1438015550374984,,0.093287706375122,1.607860803604126,0.2233141362667083,,,0.4240581393241882,4.10840368270874,0.6940034627914429,,1.3444020748138428,0.0013494077138602,0.0020184856839478,0.0034481529146432,8.025968418223783e-05,234.2899475097656,16.818849563598633,,
Argentina,1927,ARG,10815805.0,72643125000.0,,,12.499040603637695,2.175710916519165,21.075666427612305,231.82640075683597,5.145071983337402,2.26973295211792,21.43404006958008,3.191305637359619,,1.1556274890899658,0.1720608919858932,,8.383240699768066,0.7750917077064514,,,,,196.7193145751953,5147.86181640625,176.24569702148438,,1.1836589574813845,5019.17236328125,19.28994369506836,,,,,,0.260215014219284,0.024058774113655,1.7787935733795166,22.10523223876953,219.32736206054688,20.278413772583008,45.54464721679688,4.210934638977051,4.996604442596436,0.4619725048542022,3.855583906173706,0.3564768433570862,,,,,0.3114679157733917,2.497006416320801,0.2491749674081802,,0.1526054143905639,1.202409029006958,0.1467534899711609,,0.1110472604632377,1.652158260345459,0.258382648229599,,,0.3423093557357788,4.160841941833496,0.695767879486084,,1.3662877082824707,0.00139463506639,0.0021033925004303,0.0035805373918265,8.25097959022969e-05,239.0858917236328,19.23908424377441,,
Argentina,1928,ARG,11139114.0,77168880000.0,0.116296999156475,0.0104404175654053,12.190790176391602,-0.3082509934902191,-2.466195821762085,233.55685424804688,1.7304480075836182,0.7464408874511719,20.967273712158203,3.0265679359436035,,1.094412922859192,0.1579754650592804,,7.736317157745361,0.6945181488990784,,,,0.116296999156475,208.91009521484372,5381.4189453125,183.9820098876953,,1.480443000793457,5240.53857421875,23.331335067749023,,,,,,0.2967840135097503,0.0266434121876955,1.7200857400894165,21.659273147583008,221.36605834960935,19.872861862182617,46.63396072387695,4.186505317687988,4.957363128662109,0.4450410306453705,4.041391849517822,0.362810879945755,,,,0.3268328905105591,0.3050511181354522,2.5051724910736084,0.2338965237140655,0.0450662523508071,0.1571893393993377,1.2301735877990725,0.1490891873836517,,0.1288990378379821,1.6953003406524658,0.2904349863529205,,,0.3592007756233215,4.1558027267456055,0.712027907371521,,1.3873202800750732,0.0014402704546228,0.0021888078190386,0.0037138203624635,8.474223432131112e-05,241.26510620117188,19.160232543945312,,
Argentina,1929,ARG,11443159.0,80691912000.0,0.1744460016489029,0.015244566835463,12.606969833374023,0.4161799848079681,3.4138917922973637,234.85655212402344,1.2997119426727295,0.556480884552002,20.52375221252441,2.910534143447876,,1.101703643798828,0.156235858798027,,7.7975640296936035,0.6814171075820923,,,,0.2907429933547973,221.5170745849609,5616.275390625,191.7795867919922,,1.938442945480347,5462.7880859375,27.5082950592041,,,,,,0.4580000042915344,0.0400239117443561,1.733417272567749,21.368919372558597,222.2495880126953,19.422048568725582,47.75313568115234,4.173072814941406,4.93442440032959,0.4312117099761963,4.176959991455078,0.3650180995464325,,,,0.4731028974056244,0.2939914166927337,2.428546667098999,0.221277579665184,0.0985801443457603,0.1614653766155243,1.2560926675796509,0.1510933488607406,,0.154899001121521,1.7369534969329834,0.3178335726261139,,,0.4451150298118591,4.129150390625,0.6718626618385315,,1.4068890810012815,0.0014864284312352,0.0022751986980438,0.0038485915865749,8.696434088051319e-05,244.52793884277344,19.83576774597168,,
Argentina,1930,ARG,11726853.0,77359688000.0,0.1889829933643341,0.0161154065281152,12.338452339172363,-0.2685180008411407,-2.129918336868286,188.69656372070312,-46.15999984741211,-19.65454864501953,16.090980529785156,2.4392104148864746,,1.052153706550598,0.1594945937395095,,7.690381050109863,0.6557924151420593,,,,0.4797259867191314,233.8555145263672,5804.97216796875,199.469970703125,,2.3927791118621826,5639.14599609375,31.51304817199707,,,,,,0.4543359875679016,0.0387432165443897,1.688246726989746,18.793821334838867,176.3581085205078,15.038826942443848,48.84341812133789,4.165091514587402,4.933291912078857,0.420683354139328,4.004752159118652,0.3415027260780334,,,,0.5314323306083679,0.3117270767688751,2.0082316398620605,0.2391101270914077,0.1451552510261535,0.1656789928674698,1.2715733051300049,0.153268501162529,,0.176504373550415,1.7625523805618286,0.3405077755451202,,,0.4359195530414581,3.2430336475372314,0.6676990389823914,,1.422573804855347,0.0015329516027122,0.002350230468437,0.0039723678492009,8.918593812268227e-05,220.3923797607422,19.79781913757324,,
Argentina,1931,ARG,11989069.0,71992139000.0,0.2653029859066009,0.0221287403255701,12.465657234191896,0.1272049993276596,1.0309696197509766,158.08116149902344,-30.615392684936523,-16.22467041015625,13.185441970825195,2.19581151008606,,1.0397518873214722,0.1731530278921127,,6.568786144256592,0.5478979349136353,,,,0.7450289726257324,246.3211669921875,5963.05322265625,206.03875732421875,,2.9570350646972656,5784.76171875,36.580360412597656,,,,,,0.5642560124397278,0.0470642037689685,1.6814676523208618,16.979692459106445,145.61550903320312,12.145689010620115,49.93724060058594,4.165230751037598,4.968505382537842,0.4144196510314941,5.067311763763428,0.4226610064506531,,,,0.8587443828582764,0.3522050082683563,1.7441266775131226,0.2318507730960846,0.2061588019132614,0.1702416837215423,1.280772686004639,0.1549427658319473,,0.2041393965482711,1.7773762941360474,0.3719319999217987,,,0.6074550747871399,2.635903596878052,0.8729119896888733,,1.4360095262527466,0.001579746720381,0.0024171783588826,0.0040883482433855,9.142338967649266e-05,203.5707092285156,20.15923118591309,,
Argentina,1932,ARG,12228636.0,69624828000.0,0.2471310049295425,0.0202092044055461,12.897623062133787,0.4319660067558288,3.46524715423584,141.6168670654297,-16.464303970336914,-10.415095329284668,11.58075714111328,2.033999443054199,,1.054706573486328,0.1852445900440216,,6.1285719871521,0.5011656284332275,,,,0.9921600222587584,259.21881103515625,6104.67041015625,212.16732788085935,,3.7264750003814697,5913.48046875,42.33283996582031,,,,,,0.7694399952888489,0.0629211664199829,1.7043594121932983,16.078245162963867,128.71925354003906,10.52605152130127,51.04753875732422,4.174426555633545,5.046422481536865,0.4126725494861603,5.752480030059815,0.4704105854034424,,,,1.0007704496383667,0.4039861857891083,1.617013931274414,0.2429688274860382,0.2569829821586609,0.1752879619598388,1.2869809865951538,0.1565814018249511,,0.2424895316362381,1.7863788604736328,0.4073907136917114,,,0.8721845746040344,2.3128750324249268,1.0346451997756958,,1.448761820793152,0.0016268732724711,0.0024804587010294,0.0042010280303657,9.369593317387626e-05,196.6150054931641,20.841989517211918,,
Argentina,1933,ARG,12444339.0,72859956000.0,0.2544699907302856,0.0204486548900604,13.524040222167969,0.6264169812202454,4.856836795806885,130.4998016357422,-11.117063522338867,-7.850098609924316,10.486680030822754,1.7911045551300049,,1.0867624282836914,0.185616910457611,,6.251066207885742,0.5023220777511597,,,,1.2466299533843994,272.74285888671875,6235.169921875,218.4183807373047,,4.760008811950684,6030.45703125,48.31780624389648,,,,,,1.033534049987793,0.0830525457859039,1.7461144924163818,15.314437866210938,116.97576141357422,9.399917602539062,52.167728424072266,4.192085266113281,5.16027307510376,0.4146682918071747,5.984969139099121,0.4809390902519226,,,,1.067450761795044,0.4021801352500915,1.468999266624451,0.2368898540735244,0.3041161298751831,0.1803325563669204,1.290327072143555,0.1581154763698578,,0.2924421429634094,1.7918318510055542,0.439301073551178,,,1.1367690563201904,2.118779420852661,0.9850552678108216,,1.4597526788711548,0.0016743243904784,0.0025404649786651,0.0043108090758323,9.60197430686094e-05,190.57806396484372,21.72924041748047,,
Argentina,1934,ARG,12663847.0,78659586000.0,0.2798399925231933,0.0220975503325462,14.660483360290527,1.136443018913269,8.4031343460083,123.44794464111328,-7.05185604095459,-5.4037275314331055,9.74806022644043,1.569394826889038,,1.1576642990112305,0.1863788515329361,,7.001347064971924,0.5528609752655029,,,,1.5264699459075928,287.4033203125,6358.61767578125,225.4197235107422,,6.009432792663574,6139.244140625,54.44768142700195,,,,,,1.2494239807128906,0.0986607000231742,1.82625150680542,14.799710273742676,108.78746032714844,8.5903959274292,53.2885627746582,4.207928657531738,5.303286552429199,0.418773740530014,6.129871845245361,0.4840450286865234,,,,0.9814007878303528,0.4009775221347809,1.3373743295669556,0.2430626451969146,0.3481646478176117,0.1855405420064926,1.2912088632583618,0.1598506271839141,,0.3474409282207489,1.7944339513778689,0.4676660299301147,,,1.225504755973816,1.951542854309082,0.9523822069168092,,1.4681705236434937,0.0017221446614712,0.0025984803214669,0.0044190329499542,9.840795974014328e-05,187.4212646484375,23.127370834350582,,
Argentina,1935,ARG,12887227.0,82125024000.0,0.3562529981136322,0.027643883600831,14.432186126708984,-0.2282969951629638,-1.557224988937378,116.60337829589844,-6.844567775726318,-5.544495582580566,9.047980308532717,1.4198276996612549,,1.1198829412460327,0.1757343262434005,,6.771669864654541,0.5254559516906738,,,,1.8827229738235476,301.83551025390625,6475.22119140625,232.19140625,,7.064940929412842,6241.4150390625,60.696434020996094,,,,,,1.055508017539978,0.0819034203886985,1.7913988828659058,14.245232582092283,102.1711883544922,7.928097724914551,54.33454513549805,4.2161545753479,5.468695163726807,0.4243499934673309,6.248754978179932,0.484879732131958,,,,1.11128830909729,0.3762555122375488,1.247459888458252,0.2258451282978058,0.4001612663269043,0.1901490092277526,1.290393948554993,0.1612246036529541,,0.3837552666664123,1.795374870300293,0.4920912384986877,,,0.9477115869522096,1.853774070739746,0.9030520915985109,,1.4749749898910522,0.0017701883334666,0.0026542211417108,0.0045252800919115,0.0001008706676657,183.58155822753903,23.086164474487305,,
Argentina,1936,ARG,13114548.0,82689360000.0,0.4106740057468414,0.0313143841922283,15.31679630279541,0.8846099972724915,6.129419803619385,112.2169952392578,-4.386384010314941,-3.761798143386841,8.556679725646973,1.3570910692214966,,1.1679240465164185,0.1852329820394516,,7.208056926727295,0.5496230125427246,,,,2.2933969497680664,317.1522827148437,6587.43798828125,239.3994598388672,,7.977276802062988,6338.3154296875,67.48216247558594,,,,,,0.912335991859436,0.0695667117834091,1.843469500541687,13.828485488891602,96.9001922607422,7.388755798339844,55.439579010009766,4.227334499359131,5.649726867675781,0.4307984709739685,6.7857279777526855,0.5174198746681213,,,,1.0601814985275269,0.3639984726905823,1.138938307762146,0.2192417681217193,0.4503680765628814,0.1946385502815246,1.2874773740768433,0.162519484758377,,0.405651718378067,1.7941163778305054,0.515609860420227,,,0.7267763614654541,1.7166141271591189,0.9006255865097046,,1.4797035455703735,0.001818579272367,0.0027083798777312,0.0046303737908601,0.0001034148954204,181.35433959960935,24.17626953125,,
Argentina,1937,ARG,13345878.0,88696750000.0,0.5123220086097717,0.0383880324661731,16.408021926879883,1.0912259817123413,7.12437629699707,108.95447540283205,-3.2625200748443604,-2.907329797744751,8.163904190063477,1.2283929586410522,,1.229444980621338,0.184990108013153,,7.854981899261475,0.5885698795318604,,,,2.8057188987731934,333.5603332519531,6696.392578125,247.2544403076172,,8.841791152954102,6430.86181640625,74.65837097167969,,,,,,0.8645139932632446,0.0647776052355766,1.9103602170944212,13.43997573852539,92.54644775390624,6.934459209442139,56.56819534301758,4.238626480102539,5.839614868164063,0.4375594556331634,7.176202774047852,0.5377092957496643,,,,1.255570888519287,0.3648892343044281,1.076343297958374,0.2266301214694976,0.510101854801178,0.1992107033729553,1.2833813428878784,0.1639932990074157,,0.41961669921875,1.791778802871704,0.5357823371887207,,,0.6149721741676331,1.6449960470199585,0.8476240634918213,,1.4830617904663086,0.0018673815065994,0.0027610503602772,0.0047344765625894,0.000106044630229,179.36827087402344,25.495433807373047,,
Argentina,1938,ARG,13581288.0,89082484000.0,0.6143320202827454,0.0452337078750133,16.175168991088867,-0.2328529953956604,-1.4191389083862305,105.74403381347656,-3.210439920425415,-2.946591377258301,7.786009311676025,1.187035083770752,,1.190989375114441,0.1815751791000366,,7.223369121551514,0.5318618416786194,,,,3.420051097869873,349.7354736328125,6802.13671875,254.47781372070312,,9.681035041809082,6520.4306640625,82.1565933227539,,,,,,0.83924400806427,0.061794139444828,1.8757784366607664,13.081695556640623,89.56886291503906,6.595019817352295,57.68285751342773,4.247230052947998,6.031588077545166,0.4441101551055908,7.498223781585693,0.5520996451377869,,,,1.5947965383529663,0.382426381111145,1.068610906600952,0.2235931754112243,0.5810955762863159,0.2037247717380523,1.2793840169906616,0.1652435511350631,,0.4316864609718323,1.7885010242462158,0.5567193627357483,,,0.6193835735321045,1.5808545351028442,0.9112914204597472,,1.4863276481628418,0.0019165106350556,0.0028123660013079,0.0048376373015344,0.0001087608252419,177.66627502441406,25.475488662719727,,
Argentina,1939,ARG,13825464.0,92462208000.0,0.5560449957847595,0.0402189046144485,16.484649658203125,0.3094809949398041,1.913309097290039,102.8118667602539,-2.9321680068969727,-2.7728915214538574,7.436413288116455,1.1119338274002075,,1.1923397779464722,0.1782852709293365,,6.871196746826172,0.496995747089386,,,,3.976095914840698,366.22015380859375,6904.94873046875,261.3489990234375,,10.567723274230955,6606.7578125,90.32730865478516,,,,,,0.8866879940032959,0.0641344115138053,1.8823153972625728,12.825977325439451,86.32721710205078,6.244073867797852,58.8245735168457,4.254798889160156,6.218875885009766,0.4498132169246673,8.170720100402832,0.5909906625747681,,,,1.5593228340148926,0.3687732219696045,1.0173619985580444,0.1999893635511398,0.6369788646697998,0.2079134285449981,1.2744966745376587,0.1660018265247345,,0.4432882368564605,1.7845934629440308,0.5785846710205078,,,0.627382218837738,1.5318198204040527,0.956199049949646,,1.4881584644317627,0.0019660028629004,0.0028629293665289,0.0049404934979975,0.0001115613558795,177.32508850097656,26.02388381958008,,
Argentina,1940,ARG,14078649.0,93982977000.0,0.5343629717826843,0.0379555597901344,15.647854804992676,-0.8367949724197388,-5.076205730438232,76.2450942993164,-26.566768646240234,-25.84017562866211,5.415654182434082,0.8112649917602539,,1.1114599704742432,0.1664966940879821,,5.152440071105957,0.3659754693508148,,,,4.510458946228027,381.8680114746094,6981.19384765625,266.50146484375,,11.483935356140137,6667.35498046875,99.37215423583984,,,,,,0.9162120223045348,0.0650781169533729,1.8031885623931885,11.303077697753906,60.59724426269531,4.304194450378418,59.92771530151367,4.256638526916504,6.394710540771484,0.4542133808135986,9.044839859008787,0.6424508690834045,,,,1.7001354694366455,0.3203467428684234,0.7173937559127808,0.1357511729001999,0.6879451870918274,0.2109472304582595,1.2637782096862793,0.1652897149324417,,0.4525761306285858,1.773448824882507,0.6017903685569763,,,0.5968040227890015,1.0550751686096191,1.003888487815857,,1.4863532781600952,0.0020157576072961,0.0029047240968793,0.0050349230878055,0.0001144410707638,159.13206481933594,25.386459350585938,,
Argentina,1941,ARG,14341093.0,98812122000.0,0.5778509974479675,0.0402933731675148,13.940459251403809,-1.7073960304260254,-10.911375045776367,58.77118682861328,-17.473907470703125,-22.91807556152344,4.09809684753418,0.5947771072387695,,0.9720638990402222,0.1410804539918899,,2.6857120990753174,0.1872738748788833,,,,5.0883097648620605,395.8084411621094,7039.96484375,269.1871643066406,,12.498863220214844,6712.18603515625,109.03411865234376,,,,,,1.0149279832839966,0.070770613849163,1.6701200008392334,10.24172592163086,44.83072662353516,3.126032829284668,61.31452941894531,4.275443077087402,6.7620344161987305,0.4715145826339721,9.661968231201172,0.6737260818481445,,,,1.3347450494766235,0.278859943151474,0.5396684408187866,0.0691131651401519,0.7280088663101196,0.2127722799777984,1.2497789859771729,0.1630262732505798,,0.4644824862480163,1.7578282356262207,0.6257306337356567,,,0.6613492965698242,0.7609843611717224,1.059035062789917,,1.4817183017730713,0.0020662825554609,0.0029402105137705,0.0051239794120192,0.0001174861972685,146.87753295898438,23.951345443725582,,
Argentina,1942,ARG,14613051.0,99962902000.0,0.5307499766349792,0.0363202728331089,13.479180335998535,-0.4612790048122406,-3.308922052383423,46.79270935058594,-11.978480339050291,-20.38155174255371,3.202117681503296,0.4681007266044616,,0.9224069714546204,0.1348418295383453,,1.3853679895401,0.094803474843502,,,,5.619060039520264,409.2876586914063,7086.75732421875,270.5725402832031,,13.65333652496338,6745.49951171875,119.44270324707033,,,,,,1.1544740200042725,0.0790029391646385,1.6278475522994995,9.537487030029297,33.31352615356445,2.279710531234741,62.72459030151367,4.292367935180664,7.475692272186279,0.5115764141082764,10.408588409423828,0.7122802734375,,,,1.3830140829086304,0.270529180765152,0.429770827293396,0.0354263670742511,0.7621012330055237,0.214278906583786,1.2342298030853271,0.1600742191076278,,0.4778954684734344,1.739648699760437,0.6530993580818176,,,0.6952612996101379,0.5641288161277771,1.2053847312927246,,1.4763790369033811,0.0021175809670239,0.0029713602270931,0.0052097938023507,0.000120852710097,139.37179565429688,23.78782081604004,,
Argentina,1943,ARG,14894786.0,99170082000.0,0.4723339974880218,0.0317113660275936,14.076889991760254,0.5977100133895874,4.434323310852051,38.31883239746094,-8.473875999450684,-18.109394073486328,2.572633981704712,0.3863950967788696,,0.9450884461402892,0.141946941614151,,1.549468994140625,0.1040276139974594,,,,6.091393947601318,423.3645324707031,7125.07666015625,272.1219787597656,,14.81085968017578,6769.7412109375,130.34027099609375,,,,,,1.1575230360031128,0.0777133032679557,1.656976342201233,9.16075611114502,24.24193954467773,1.6275453567504885,64.13019561767578,4.305546283721924,8.456766128540039,0.5677668452262878,10.897563934326172,0.7316361665725708,,,,1.3584964275360107,0.2773622274398803,0.3493192493915558,0.039459966123104,0.7889584898948669,0.215911716222763,1.2176408767700195,0.1573358476161956,,0.4872199296951294,1.719757914543152,0.678318977355957,,,0.6328724026679993,0.4112775921821594,1.1760923862457275,,1.4707684516906738,0.0021696360781788,0.0030001185368746,0.0052944156341254,0.0001246610190719,136.447509765625,24.680307388305664,,
Argentina,1944,ARG,15181952.0,110433870000.0,0.5342400074005127,0.035189151763916,13.951807975769045,-0.1250820010900497,-0.8885622024536133,30.70489883422852,-7.61393404006958,-19.869953155517575,2.022460460662842,0.2780387699604034,,0.9189732670783995,0.1263363063335418,,1.648800015449524,0.1086026355624198,,,,6.62563419342041,437.31634521484375,7155.78125,273.7707824707031,,15.943036079406738,6786.49462890625,140.97686767578125,,,,,,1.1321760416030884,0.0745738074183464,1.636824607849121,8.783361434936523,16.753089904785156,1.103487253189087,65.53521728515625,4.316652774810791,9.626336097717283,0.6340644359588623,10.636591911315918,0.7006076574325562,,,,2.357224225997925,0.2702536880970001,0.2794262766838074,0.0426144823431968,0.8336811661720276,0.2173057496547699,1.2003469467163086,0.1548256278038025,,0.4924532175064087,1.6988701820373535,0.6950160264968872,,,0.572961151599884,0.2875541150569916,0.9952030777931212,,1.4647175073623655,0.0022224129643291,0.0030263217631727,0.0053777308203279,0.0001289960200665,133.34857177734375,24.850191116333008,,
Argentina,1945,ARG,15474655.0,106852770000.0,0.5378739833831787,0.0347583852708339,13.665986061096191,-0.2858220040798187,-2.048635482788086,24.05760383605957,-6.647294044494629,-21.64896774291992,1.554645538330078,0.2251472175121307,,0.8831205368041992,0.1278954744338989,,2.0445120334625244,0.1321200430393219,,,,7.16350793838501,450.9823303222656,7179.8388671875,275.8153076171875,,16.983612060546875,6796.88623046875,151.01988220214844,,,,,,1.0405759811401367,0.0672438889741897,1.6025521755218506,8.46844482421875,10.391616821289062,0.6715249419212341,66.87982177734375,4.32189416885376,10.905485153198242,0.7047320604324341,10.043024063110352,0.6489982604980469,,,,2.3400421142578125,0.3186056017875671,0.2369576841592788,0.0681532174348831,0.8760236501693726,0.219419777393341,1.1842145919799805,0.153379738330841,,0.4916839301586151,1.6768587827682495,0.708024263381958,,,0.4801912307739258,0.1772288531064987,0.9603301286697388,,1.4604542255401611,0.0022758422419428,0.0030503065790981,0.0054600560106337,0.0001339070731773,131.04624938964844,24.79894256591797,,
Argentina,1946,ARG,15773001.0,116403144000.0,0.5633140206336975,0.0357138141989707,13.702418327331545,0.0364320017397403,0.2665877342224121,18.55798721313477,-5.499616146087647,-22.86019897460937,1.17656672000885,0.1594285815954208,,0.8687261343002319,0.1177151948213577,,3.0411200523376465,0.1928054094314575,,,,7.7268218994140625,464.6847229003906,7198.39697265625,278.8564147949219,,17.950908660888672,6801.74169921875,160.15057373046875,,,,,,0.9672960042953492,0.0613260604441165,1.5914509296417236,8.175029754638672,4.855569362640381,0.3078405559062958,68.25712585449219,4.327466011047363,12.215293884277344,0.7744432687759399,9.130687713623049,0.5788808465003967,,,,1.5515670776367188,0.2973263263702392,0.1778238862752914,0.0939774438738823,0.9047418236732484,0.2211283147335052,1.1671847105026243,0.152329683303833,,0.48806032538414,1.6542726755142212,0.7137410044670105,,,0.4321423172950744,0.0833199918270111,0.8237491846084595,,1.454835057258606,0.0023299749009311,0.0030721349176019,0.0055415178649127,0.0001394079445162,128.94476318359375,25.101957321166992,,
Argentina,1947,ARG,16077098.0,129321504000.0,0.6725119948387146,0.0418304353952407,14.514932632446287,0.8125150203704834,5.929720401763916,14.528416633605955,-4.029571056365967,-21.71340560913086,0.9036716222763062,0.112343393266201,,0.9028329253196716,0.1122391298413276,,3.25445294380188,0.2024278938770294,,,,8.399333953857422,479.1996765136719,7212.92529296875,282.1108703613281,,18.94776725769043,6801.7548828125,169.74168395996094,,,,,,0.9968599677085876,0.0620049722492694,1.628424048423767,7.9402899742126465,0.0134835205972194,0.0008386787376366,69.63512420654297,4.331324577331543,13.476844787597656,0.8382635116577148,9.591108322143556,0.5965695977210999,,,,1.5588772296905518,0.2810137569904327,0.1327591389417648,0.089823767542839,0.936195969581604,0.2225649654865265,1.1491496562957764,0.1511165648698806,,0.4826346933841705,1.6313499212265017,0.7166734337806702,,,0.4021338522434234,0.0002333500306122,0.7694622278213501,,1.4480222463607788,0.0023848046548664,0.0030921946745365,0.0056224763393402,0.0001454769371775,127.65681457519533,26.18033218383789,,
Argentina,1948,ARG,16387059.0,136522204000.0,0.6178280115127563,0.0377021878957748,17.391620635986328,2.8766870498657227,19.81880569458008,13.111078262329102,-1.4173389673233032,-9.755635261535645,0.8000873327255249,0.0960362330079078,,1.0613020658493042,0.1273904144763946,,5.814767837524414,0.354839026927948,,,,9.017162322998049,496.59130859375,7226.0361328125,287.9256591796875,,19.71354484558105,6797.474609375,179.93492126464844,,,,,,0.7657759785652161,0.0467305332422256,1.788248896598816,7.8982086181640625,-4.28054141998291,-0.2612147629261017,70.99655151367188,4.33247709274292,14.61121940612793,0.891631543636322,10.19324779510498,0.6220303177833557,,,,1.196528077125549,0.3192363083362579,0.1173498854041099,0.1554448753595352,0.9503634572029114,0.2249506562948227,1.1311047077178955,0.1512016057968139,,0.468697190284729,1.6082414388656616,0.7181536555290222,,,0.273367166519165,-0.0747724696993827,0.7437328696250916,,1.4409675598144531,0.002440326847136,0.0031119284685701,0.0057043121196329,0.0001520567748229,129.42840576171875,29.304140090942383,,
Argentina,1949,ARG,16700599.0,134649165000.0,0.7159540057182312,0.042869959026575,15.364625930786133,-2.026993989944458,-11.65500259399414,6.977143287658691,-6.133934497833252,-46.784366607666016,0.4177780449390411,0.0518172048032283,,0.9200044870376588,0.1141085922718048,,3.598047971725464,0.2154442518949508,,,,9.733116149902344,511.9559020996094,7233.01318359375,291.5237121582031,,20.849384307861328,6789.08740234375,189.84971618652344,,,,,,1.1358399391174316,0.0680119320750236,1.6501153707504272,7.553424835205078,-8.387482643127441,-0.5022264719009399,72.39450073242188,4.334844589233398,15.53949737548828,0.9304754734039308,9.91478443145752,0.59367835521698,,,,1.2303975820541382,0.2952446043491363,0.064084880053997,0.1014313548803329,0.9665449857711792,0.2265695631504058,1.113224983215332,0.1502914279699325,,0.4626524448394775,1.5849452018737793,0.7205156683921814,,,0.3780339956283569,-0.1475807726383209,0.7662538886070251,,1.4343221187591553,0.002496558940038,0.0031291365157812,0.0057847499847412,0.0001590546453371,126.14672088623048,27.55791664123535,,
Argentina,1950,ARG,17018032.0,136328020367.0,0.777737021446228,0.0457007586956024,29.921192169189453,14.55656623840332,94.7407684326172,41.15160751342773,34.17446517944336,489.8059387207031,2.4181180000305176,0.3018572926521301,,1.7582051753997805,0.2194793969392776,,3.561408042907715,0.2092726081609726,,,,10.510852813720703,541.8771362304688,7274.1650390625,295.0851135253906,,20.849384307861328,6800.3173828125,215.4317626953125,,,,,,0.0,0.0,2.478358030319214,9.130858421325684,11.230416297912598,0.6599127054214478,73.57758331298828,4.323507308959961,16.182762145996094,0.9509185552597046,25.58204841613769,1.5032318830490112,,,,1.1625432968139648,0.5045387148857117,0.3270039558410644,0.0917899385094642,0.9787549376487732,0.2336784303188324,1.098286509513855,0.1491441875696182,,0.4290309548377991,1.5632827281951904,0.7721312046051025,,,0.0,0.1687761098146438,1.6485583782196045,,1.4279916286468506,0.0025531186256557,0.0031586911063641,0.0058781518600881,0.0001663421862758,155.3892364501953,42.17677688598633,,
Argentina,1951,ARG,17356467.0,141645225769.0,0.77046799659729,0.0443908311426639,34.96291732788086,5.04172420501709,16.850006103515625,56.44663238525391,15.295023918151855,37.1675033569336,3.2521960735321045,0.3985071182250976,,2.0144028663635254,0.2468344122171402,,5.4703521728515625,0.3151765763759613,,,,11.281320571899414,576.8400268554688,7330.61181640625,300.5554504394531,,22.26735115051269,6821.80126953125,242.7358856201172,,,,,,1.4179680347442627,0.0816968083381652,2.74610447883606,9.730291366577148,21.483718872070312,1.2377933263778689,75.35008239746094,4.341325759887695,16.818872451782227,0.9690262079238892,27.304128646850582,1.5731385946273804,,,,1.0169049501419067,0.5478662848472595,0.4156908690929413,0.1339411437511444,0.9812690615653992,0.242093339562416,1.0845729112625122,0.1488367021083831,,0.4220633208751678,1.542696833610535,0.8194694519042969,,,0.3407050669193268,0.2984951734542846,1.5872869491577148,,1.4211379289627075,0.0026111989282071,0.0031932378187775,0.0059783528558909,0.0001739161816658,168.8834686279297,47.66267013549805,,
Argentina,1952,ARG,17698882.0,134416825232.0,0.766834020614624,0.0433266907930374,36.09870529174805,1.1357879638671875,3.2485485076904297,65.1815185546875,8.734888076782227,15.474594116210938,3.6828043460845943,0.4849208295345306,,2.0396037101745605,0.2685579359531402,,4.507176876068115,0.2546588480472564,,,,12.048154830932615,612.938720703125,7395.79345703125,305.0626220703125,,23.80272483825684,6850.88427734375,272.02520751953125,,,,,,1.535372018814087,0.0867496579885482,2.7689731121063232,9.958909034729004,29.08281517028809,1.6432007551193235,76.8916015625,4.344432830810547,17.735055923461914,1.002043843269348,29.28932380676269,1.6548686027526855,,,,0.949683666229248,0.5581381916999817,0.4751215577125549,0.1118390709161758,0.9791962504386902,0.2504454255104065,1.0724488496780396,0.1481127887964248,,0.4159193634986877,1.5242785215377808,0.8652147650718689,,,0.34341761469841,0.4010750949382782,1.610105276107788,,1.4146500825881958,0.0026702980976551,0.003230000147596,0.006082200910896,0.0001819027675082,176.2615509033203,49.00772857666016,,
Argentina,1953,ARG,18041299.0,141635212660.0,0.8177139759063721,0.0453245639801025,35.13473892211914,-0.9639639854431152,-2.670353651046753,69.13841247558594,3.9568960666656494,6.070578098297119,3.832230567932129,0.4881442487239837,,1.947461724281311,0.2480649948120117,,3.1143999099731445,0.1726261526346206,,,,12.86586856842041,648.073486328125,7464.931640625,308.1770324707031,,24.997188568115234,6884.88818359375,302.03338623046875,,,,,,1.1944639682769775,0.0662072077393531,2.6707205772399902,10.007482528686523,34.00368118286133,1.8847689628601076,78.35710906982422,4.343207836151123,18.866455078125,1.0457371473312378,30.00815963745117,1.6633037328720093,,,,0.9131810069084167,0.5282593965530396,0.4926262497901916,0.076688565313816,0.9747178554534912,0.2577955424785614,1.0608839988708496,0.1467317193746566,,0.4033464789390564,1.5070855617523191,0.9048806428909302,,,0.2517150342464447,0.4605285823345184,1.5483614206314087,,1.408132553100586,0.0027302426751703,0.0032675235997885,0.0061881649307906,0.0001903988450067,180.5479888916016,48.18326950073242,,
Argentina,1954,ARG,18381211.0,147492474117.0,0.8430699706077576,0.0458658561110496,36.7503547668457,1.615615963935852,4.598343372344971,74.62226104736328,5.4838480949401855,7.931697368621826,4.059703350067139,0.5059394836425781,,1.999343514442444,0.2491676658391952,,3.7222530841827393,0.2025031447410583,,,,13.708938598632812,684.8237915039062,7539.5537109375,311.8992919921875,,26.206188201904297,6922.759765625,333.0093994140625,,,,,,1.2089990377426147,0.0657736286520958,2.7218334674835205,10.113462448120115,37.87190628051758,2.0603597164154053,79.90139770507812,4.3469061851501465,20.14821434020996,1.0961309671401978,30.97603225708008,1.685200810432434,,,,0.8679482340812683,0.5412635803222656,0.5112314820289612,0.0918241441249847,0.9673994183540344,0.2652503252029419,1.0497136116027832,0.1456920504570007,,0.3912069499492645,1.4899144172668457,0.9398421049118042,,,0.2411458045244217,0.4851121008396148,1.5079129934310913,,1.401444911956787,0.0027911919169127,0.0033061832655221,0.0062968470156192,0.0001994721533264,185.89768981933597,50.03059768676758,,
Argentina,1955,ARG,18716036.0,158009443968.0,0.9231079816818236,0.0493217669427394,39.55998611450195,2.8096320629119877,7.645177841186523,80.55824279785156,5.935976028442383,7.954692840576172,4.30423641204834,0.5098318457603455,,2.113694906234741,0.2503646910190582,,3.2096641063690186,0.171492725610733,,,,14.632046699523926,724.3837890625,7620.1123046875,315.10894775390625,,27.43362808227539,6963.75830078125,367.2091979980469,,,,,,1.2274399995803833,0.0655822604894638,2.850925922393799,10.313581466674805,40.99825668334961,2.1905417442321777,81.71415710449219,4.365997314453125,21.515474319458008,1.1495742797851562,34.19977569580078,1.8272980451583865,,,,0.8592192530632019,0.5314272046089172,0.5218120813369751,0.0731783807277679,0.9597758054733276,0.2727099061012268,1.0386056900024414,0.144236221909523,,0.3786013424396515,1.4733887910842896,0.9732030034065248,,,0.2242956012487411,0.5128585696220398,1.4872456789016724,,1.393900752067566,0.0028538347687572,0.0033466224558651,0.006409618537873,0.0002091611531795,193.0293731689453,53.3580322265625,,
Argentina,1956,ARG,19049973.0,162343214718.0,1.0212340354919434,0.053608164191246,44.29673767089844,4.736748218536377,11.973583221435549,88.15393829345703,7.595695972442627,9.428823471069336,4.627509593963623,0.5430096983909607,,2.325291156768799,0.2728585600852966,,3.8142240047454834,0.2002220153808593,,,,15.653281211853027,768.6806030273438,7708.26611328125,318.92315673828125,,28.738012313842773,7007.61474609375,405.3660888671875,,,,,,1.3043839931488037,0.0684716999530792,3.081664800643921,10.630257606506348,43.857200622558594,2.302218437194824,83.6013412475586,4.388528347015381,22.90337562561035,1.2022786140441897,38.15689468383789,2.0029895305633545,,,,0.876689076423645,0.5588594079017639,0.5514134168624878,0.0827686265110969,0.9538779258728028,0.2810012698173523,1.0282161235809326,0.1429664194583892,,0.3668703436851501,1.4578055143356323,1.0075948238372805,,,0.2221203595399856,0.544091522693634,1.5268663167953491,,1.3867192268371582,0.0029182103462517,0.0033898546826094,0.0065275402739644,0.0002194751723436,202.50613403320312,58.70563125610352,,
Argentina,1957,ARG,19383045.0,170709725537.0,1.170238971710205,0.0603743642568588,47.6077766418457,3.311039924621582,7.474684715270996,93.39982604980467,5.245887756347656,5.950832366943359,4.8186354637146,0.5471265912055969,,2.456155776977539,0.2788814604282379,,3.3598880767822266,0.1733416020870208,,,,16.82352066040039,816.288330078125,7801.666015625,322.2830810546875,,30.1962833404541,7053.4072265625,446.9854736328125,,,,,,1.4582719802856443,0.0752344131469726,3.226069211959839,10.851895332336426,45.79205322265625,2.3624796867370605,85.37545013427734,4.404645919799805,24.247058868408203,1.2509416341781616,41.61937713623047,2.147205352783203,,,,0.9556750655174256,0.5815772414207458,0.5672239661216736,0.0716152414679527,0.9540026783943176,0.2897346317768097,1.018308401107788,0.1414967328310012,,0.3560892641544342,1.4424844980239868,1.0433076620101929,,,0.2254988551139831,0.5530339479446411,1.5933605432510376,,1.3797152042388916,0.0029840434435755,0.0034352117218077,0.0066496492363512,0.0002303942892467,210.3427734375,62.531044006347656,,
Argentina,1958,ARG,19714264.0,181174414304.0,1.221119046211243,0.061940886080265,44.19251251220703,-3.4152638912200928,-7.173752784729004,91.68458557128906,-1.7152400016784668,-1.8364489078521729,4.650672435760498,0.5060570240020752,,2.24165153503418,0.2439224869012832,,3.781248092651367,0.1918026506900787,,,,18.044639587402344,860.4808349609375,7893.3505859375,326.0643310546875,,31.67654037475586,7100.8994140625,484.69537353515625,,,,,,1.480255961418152,0.0750855356454849,2.973778486251831,10.642908096313477,47.49207305908203,2.4090209007263184,86.13336181640625,4.369088172912598,25.481664657592773,1.2925496101379397,37.70988845825195,1.9128224849700928,,,,0.9415383338928224,0.5250065326690674,0.5513222813606262,0.0794136449694633,0.9531488418579102,0.296559989452362,1.0083872079849243,0.1402254551649093,,0.3448413908481598,1.4282100200653076,1.0638068914413452,,,0.2097116112709045,0.578295111656189,1.3867827653884888,,1.372067928314209,0.0030492921359837,0.0034794348757714,0.0067705963738262,0.0002418693911749,209.81710815429688,58.62585067749024,,
Argentina,1959,ARG,20049604.0,169428730363.0,1.170238971710205,0.0583671890199184,48.94879913330078,4.756288051605225,10.762655258178713,99.12134552001952,7.436759948730469,8.111238479614258,4.943805694580078,0.5850326418876648,,2.441384792327881,0.2889049649238586,,3.729952096939087,0.1860361993312835,,,,19.21487808227539,909.4296264648438,7992.47216796875,329.7942810058594,,33.14946746826172,7151.07177734375,527.2710571289062,,,,,,1.4729280471801758,0.0734641924500465,3.193366289138794,10.878971099853516,50.17254257202149,2.502420663833618,88.01966094970703,4.390094757080078,26.54233741760254,1.3238335847854614,42.575679779052734,2.1235172748565674,,,,0.8057011365890503,0.5527744293212891,0.5648623108863831,0.0752927511930465,0.9426425099372864,0.304147720336914,0.998662531375885,0.1388709545135498,,0.3333585262298584,1.4135864973068235,1.0880532264709473,,,0.1942510455846786,0.5771757960319519,1.469295620918274,,1.3637224435806274,0.0031162018422037,0.0035260694567114,0.0068960930220782,0.0002538221306167,218.1190490722656,64.02572631835938,,
Argentina,1960,ARG,20386055.0,182678462533.0,1.3047080039978027,0.0640000253915786,48.76449966430664,-0.1843000054359436,-0.376516580581665,81.53670501708984,-17.584640502929688,-17.74051856994629,3.999631404876709,0.4463399946689605,,2.392051935195923,0.2669417262077331,,3.9058239459991455,0.1915929317474365,,,,20.51958656311035,958.194091796875,8074.0087890625,333.7001037597656,,35.51274871826172,7183.84423828125,568.461669921875,,,,,,2.3632800579071045,0.1159263029694557,3.1283202171325684,10.249455451965332,32.77220916748047,1.6075797080993652,89.19690704345703,4.375388145446777,27.36421775817871,1.3423007726669312,41.19068908691406,2.0205326080322266,,,,0.8289448618888855,0.5194923877716064,0.4796976745128631,0.075718879699707,0.9344927072525024,0.3107023537158966,0.9878696203231812,0.1375284045934677,,0.3294713497161865,1.3990178108215332,1.1020969152450562,,,0.2831571400165558,0.4306145012378692,1.3202271461486816,,1.3551713228225708,0.0031834023538976,0.0035676728002727,0.0070172203704714,0.0002661449834704,208.9459686279297,63.77410888671875,,
Argentina,1961,ARG,20726280.0,195762238500.0,1.4355419874191284,0.0692619234323501,51.126708984375,2.3622078895568848,4.844117164611816,115.61417388916016,34.07747268676758,41.79402542114258,5.578144073486328,0.5905846953392029,,2.466757535934448,0.2611673474311828,,3.539423942565918,0.1707698702812194,,,,21.955127716064453,1009.32080078125,8189.62255859375,337.2395324707031,,39.54314804077149,7248.33154296875,610.5830688476562,,,,,,4.030399799346924,0.1944584250450134,3.2055160999298096,11.270537376403809,64.48746490478516,3.111386299133301,92.54254150390624,4.4649858474731445,28.121828079223636,1.3568198680877686,42.12134552001953,2.0322673320770264,,,,0.87456214427948,0.5430352091789246,0.6782820224761963,0.0715875998139381,0.9303242564201356,0.3175851106643677,0.9815451502799988,0.1362115889787674,,0.3391108512878418,1.3909083604812622,1.1123937368392944,,,0.4568963348865509,0.8451655507087708,1.2728954553604126,,1.3495323657989502,0.0032547668088227,0.003618529299274,0.0071521047502756,0.0002788090205285,233.5963134765625,66.43842315673828,,
Argentina,1962,ARG,21072543.0,192596954205.0,1.4464449882507324,0.0686412155628204,53.6401252746582,2.513416051864624,4.916048049926758,121.99193572998048,6.37775993347168,5.516421794891357,5.789141654968262,0.633405327796936,,2.545498371124268,0.2785097062587738,,2.0078721046447754,0.0952838063240051,,,,23.40157127380371,1062.9609375,8311.6142578125,339.2474060058594,,44.65076446533203,7316.68310546875,655.6612548828125,,,,,,5.107615947723389,0.2423825114965438,3.293598890304565,11.171470642089844,68.351806640625,3.243643045425415,93.01940155029295,4.414246559143066,27.838727951049805,1.3210901021957395,45.07819366455078,2.139190912246704,,,,0.8201456665992737,0.5503108501434326,0.722459614276886,0.0407393053174018,0.9226628541946412,0.324510395526886,0.9764057993888856,0.1343481540679931,,0.3535671234130859,1.385051965713501,1.121797800064087,,,0.527744472026825,0.9575228095054626,1.266860008239746,,1.34385883808136,0.0033244108781218,0.0036701157223433,0.0072858720086514,0.0002913455828092,235.4113006591797,69.40450286865234,,
Argentina,1963,ARG,21421702.0,187954618378.0,1.253828048706055,0.0585307367146015,50.03266143798828,-3.607464075088501,-6.725311279296875,120.2925262451172,-1.6994080543518066,-1.393049955368042,5.615451335906982,0.6400083303451538,,2.335606098175049,0.2661954164505005,,2.3046560287475586,0.1075851023197174,,,,24.65539932250977,1112.99365234375,8431.9072265625,341.5520324707031,,50.48018646240234,7386.943359375,696.3059692382812,,,,,,5.829423904418945,0.2721270322799682,3.0496068000793457,10.608968734741213,70.25987243652344,3.2798454761505127,87.87995147705078,4.102379322052002,26.93259048461914,1.2572572231292725,40.644752502441406,1.897363305091858,,,,0.674170970916748,0.4873258471488952,0.6985584497451782,0.0451191700994968,0.9056864976882936,0.3294585049152374,0.9708966612815856,0.1325789839029312,,0.3691259026527405,1.3801851272583008,1.118545413017273,,,0.5568005442619324,1.0104490518569946,1.068569898605347,,1.3351070880889893,0.0033809116575866,0.0037207547575235,0.0074051404371857,0.0003034740511793,227.2621612548828,65.32776641845703,,
Argentina,1964,ARG,21769451.0,207332560152.0,1.4390820264816284,0.0661055743694305,55.670040130615234,5.637380123138428,11.267399787902832,132.73611450195312,12.443592071533203,10.344446182250977,6.097357273101807,0.6402087807655334,,2.5572550296783447,0.2685060203075409,,2.5573039054870605,0.1174721419811248,,,,26.094484329223636,1168.6636962890625,8564.6435546875,344.1093444824219,,56.946720123291016,7464.00927734375,741.5131225585938,,,,,,6.46653413772583,0.2970462739467621,3.2868151664733887,11.015475273132324,77.06607818603516,3.540102243423462,92.2545394897461,4.237797737121582,28.28496360778809,1.2992961406707764,45.207122802734375,2.0766313076019287,,,,0.6980747580528259,0.5142980813980103,0.7591693997383118,0.0490542612969875,0.8910715579986572,0.3351971805095672,0.9667181372642516,0.1309223026037216,,0.3840331733226776,1.37744402885437,1.1174877882003784,,,0.5608482360839844,1.1571625471115112,1.1014466285705566,,1.32791006565094,0.0034436355344951,0.0037744613364338,0.0075343083590269,0.0003162115463055,239.8008270263672,71.55216217041016,,
Argentina,1965,ARG,22112634.0,226284876533.0,1.631793975830078,0.0737946480512619,58.80485153198242,3.1348118782043457,5.631053447723389,189.4360198974609,56.699893951416016,42.716251373291016,8.56686782836914,0.8371572494506836,576.6212768554688,2.659332752227783,0.2598708868026733,178.9951629638672,2.601439952850342,0.1176449656486511,,,,27.72627639770508,1227.468505859375,8754.080078125,346.7107849121094,,64.1941146850586,7594.64013671875,788.83740234375,,14857.009765625,1.451831936836243,,,7.247392177581787,0.3277489244937897,3.391231775283813,12.741049766540527,130.63116455078125,5.907535552978516,99.6069107055664,4.504525184631348,29.898645401000977,1.3521069288253784,47.32422256469727,2.140144109725952,,,328.5276184082031,0.7539570331573486,0.519909143447876,1.0705002546310425,0.0491850338876247,0.8816352486610413,0.3410011827945709,0.968750536441803,0.1293099373579025,,0.3997326791286468,1.385227918624878,1.1147311925888062,,,0.5888996720314026,2.045771360397339,1.073247313499451,,1.3247811794281006,0.0035187590401619,0.0038430159911513,0.007691450882703,0.0003296757349744,281.7381896972656,74.98906707763672,,
Argentina,1966,ARG,22453898.0,227834517023.0,1.7226510047912598,0.0767194628715515,63.07266616821289,4.267816066741943,7.257592678070068,192.44027709960935,3.004256010055542,1.5859007835388184,8.57046127319336,0.8446493148803711,567.3778686523438,2.8089852333068848,0.2768354415893554,185.95919799804688,2.5867838859558105,0.1152042299509048,,,,29.44892883300781,1290.5411376953125,8946.5205078125,349.2975769042969,2.3449599742889404,72.04239654541016,7724.0078125,837.4073486328125,,15105.384765625,1.4886891841888428,2.3449599742889404,0.1044344305992126,7.848288059234619,0.349528968334198,3.537829160690308,12.821677207946776,129.3675994873047,5.761476039886475,102.92056274414062,4.583638668060303,31.031923294067383,1.382028341293335,48.56998443603516,2.163098096847534,,,339.1747741699219,0.739309549331665,0.5316923260688782,1.0823556184768677,0.0483513064682483,0.8718175888061523,0.3470849692821502,0.9709425568580629,0.1277261525392532,0.1433678567409515,0.4140548408031463,1.3937814235687256,1.1088011264801023,,1.622067928314209,0.5857018828392029,2.186319589614868,1.020619511604309,,1.3220620155334473,0.0035979992244392,0.0039123413152992,0.0078539904206991,0.0003436502593103,287.8966369628906,79.43805694580078,,
Argentina,1967,ARG,22799063.0,233929091015.0,1.7555559873580933,0.0770012363791465,65.47598266601562,2.403316020965576,3.810393810272217,253.09527587890625,60.655006408691406,31.518877029418945,11.101126670837402,1.0819315910339355,725.1343383789062,2.8718717098236084,0.2798967063426971,187.59292602539065,2.938857078552246,0.1289025396108627,,,,31.20448303222656,1356.01708984375,9199.615234375,352.2364196777344,5.140904903411865,80.25067901611328,7911.62744140625,887.1846923828125,,15309.0615234375,1.4920430183410645,2.795944929122925,0.1226342096924781,8.208277702331543,0.3600269556045532,3.596555471420288,14.324167251586914,187.61929321289065,8.229254722595215,106.94496154785156,4.690761089324951,32.32965469360352,1.4180256128311155,49.77734756469727,2.1833066940307617,,,349.0322570800781,0.7318440675735474,0.5350494384765625,1.3689781427383425,0.0558519698679447,0.8625363707542419,0.3530741035938263,0.9787718057632446,0.1263693273067474,0.2814763188362121,0.426132321357727,1.4117143154144287,1.1007497310638428,,1.4655108451843262,0.5727642774581909,3.001655101776123,0.9809232950210572,,1.3223992586135864,0.0036828014999628,0.0039966888725757,0.0080376993864774,0.0003582091885618,326.5776062011719,81.99809265136719,,
Argentina,1968,ARG,23150580.0,243886485849.0,2.0642731189727783,0.0891672298312187,69.00921630859375,3.5332319736480717,5.396223068237305,195.54928588867188,-57.54600143432617,-22.736888885498047,8.4468412399292,0.8018044829368591,541.9212646484375,2.9808850288391118,0.2829563021659851,191.24368286132807,2.3669440746307373,0.1022412404417991,,,,33.26875686645508,1425.0264892578125,9395.1640625,354.6033630371094,8.017145156860352,89.3923568725586,8038.16748046875,939.7447509765624,,15586.841796875,1.4795589447021484,2.8762400150299072,0.1242405176162719,9.141679763793944,0.3948791027069092,3.711202621459961,12.588621139526367,126.54005432128906,5.465956211090088,107.2707748413086,4.633610725402832,31.99078941345215,1.381856918334961,52.5600814819336,2.2703568935394287,,,360.8444213867188,0.8086538314819336,0.5347365736961365,1.0167698860168457,0.0444942861795425,0.8589850068092346,0.3589799106121063,0.9795337319374084,0.1248360201716423,0.3948927819728851,0.4383678436279297,1.4182814359664917,1.0911225080490112,,1.4113032817840576,0.5860987305641174,1.9999598264694212,0.9507633447647096,,1.3188905715942385,0.0037656689528375,0.0040652165189385,0.0082035008817911,0.0003726155264303,291.43389892578125,85.91648864746094,,
Argentina,1969,ARG,23508716.0,264721484806.0,2.147861957550049,0.0913644954562187,77.24887084960938,8.239656448364258,11.93993091583252,172.0404815673828,-23.5088005065918,-12.021928787231444,7.318157196044922,0.6498924493789673,461.3450012207031,3.2859673500061035,0.2918118834495544,207.1511383056641,2.590447902679444,0.1101909577846527,,,,35.41661834716797,1502.275146484375,9567.2041015625,357.1938171386719,10.849416732788086,98.49739837646484,8132.958984375,1000.3179931640624,,15862.65625,1.4086905717849731,2.8322720527648926,0.1204775273799896,9.105039596557615,0.3873048722743988,4.040903568267822,11.69973373413086,94.7916030883789,4.03218936920166,102.69916534423828,4.368557453155518,30.71027183532715,1.3063355684280396,60.57324600219727,2.576629400253296,,,372.9106750488281,0.7937427759170532,0.5613282918930054,0.8310193419456482,0.0469430871307849,0.8547243475914001,0.3657597303390503,0.976395845413208,0.1233516484498977,0.4770562350749969,0.4456732869148254,1.4176462888717651,1.0860639810562134,,1.1606018543243408,0.532857358455658,1.3657660484313965,1.0131911039352417,,1.3108292818069458,0.0038365633226931,0.0041289990767836,0.0083520077168941,0.000386445201002,275.0456848144531,94.99645233154295,,
Argentina,1970,ARG,23878330.0,278897355187.0,2.344113111495972,0.0981690511107444,82.64800262451172,5.399127960205078,6.989264488220215,161.2289581298828,-10.811519622802734,-6.284290313720703,6.752103805541992,0.5780942440032959,456.1106262207031,3.4612135887146,0.2963384091854095,233.80804443359372,3.2866079807281494,0.1376397758722305,,,,37.7607307434082,1584.9232177734375,9728.43359375,360.48040771484375,13.65970516204834,108.7785873413086,8211.5400390625,1064.243896484375,,14803.654296875,1.2674431800842283,2.810287952423096,0.1176919862627983,10.281184196472168,0.4305654466152191,4.20124626159668,11.333002090454102,78.58097076416016,3.290890455245972,103.34538269042967,4.327998638153076,31.366697311401367,1.3136051893234253,63.92580795288086,2.677147388458252,,,353.4865417480469,0.8132749795913696,0.5547166466712952,0.7468173503875732,0.0576713383197784,0.8520286679267883,0.3723742365837097,0.9714466333389282,0.1220839917659759,0.53525710105896,0.4552977681159973,1.414845585823059,1.0760383605957031,,1.0118168592453003,0.5740675926208496,1.1746612787246704,0.9402214288711548,,1.3015549182891846,0.0039065154269337,0.0041901990771293,0.0084972847253084,0.0004005705122835,270.6131591796875,100.3187484741211,,
Argentina,1971,ARG,24257212.0,292438888324.0,2.738831043243408,0.1129079088568687,88.85015869140625,6.202159881591797,7.504308223724365,157.84848022460938,-3.3804800510406494,-2.0966947078704834,6.507280349731445,0.5397657155990601,421.2194519042969,3.662834882736206,0.3038247227668762,237.09706115722656,2.9275360107421875,0.1206872388720512,,,,40.49956512451172,1673.7734375,9886.28125,363.407958984375,16.50296974182129,119.79989624023438,8280.5380859375,1133.56298828125,,15448.671875,1.2814359664916992,2.843264102935791,0.117213137447834,11.02131175994873,0.4543519616127014,4.416730880737305,11.27922534942627,68.99832916259766,2.844445943832397,105.05742645263672,4.330976963043213,31.315338134765625,1.2909702062606812,69.3192138671875,2.857674598693848,,,374.74169921875,0.9037304520606996,0.5730839967727661,0.7293192744255066,0.0513597838580608,0.8553377985954285,0.3794283270835876,0.9663244485855104,0.1207445785403251,0.5743234753608704,0.4638851583003998,1.4117995500564575,1.0683414936065674,,0.8844487071037292,0.56999272108078,1.123861312866211,0.962629497051239,,1.2931510210037231,0.0039765699766576,0.0042519974522292,0.008643239736557,0.000414672656916,273.6025695800781,107.13758087158205,,
Argentina,1972,ARG,24644332.0,301570151738.0,2.704533100128174,0.109742596745491,90.07261657714844,1.222455978393555,1.3758659362792969,153.4352569580078,-4.4132161140441895,-2.7958571910858154,6.225986003875732,0.5087879300117493,404.3644409179688,3.65490198135376,0.2986788153648376,237.3780670166016,2.857919931411743,0.1159666255116462,,,,43.204097747802734,1763.8460693359375,10039.716796875,366.2658996582031,19.247303009033203,132.26849365234375,8343.9013671875,1202.8602294921875,,15396.9658203125,1.258241057395935,2.744335889816284,0.1113576963543891,12.468591690063477,0.5059415698051453,4.412827968597412,11.26419162750244,63.36265182495117,2.571084260940552,109.57943725585938,4.446435928344727,32.5399055480957,1.320380926132202,69.29723358154297,2.8118932247161865,,,379.4479370117188,0.8418622016906738,0.5551614761352539,0.6770396828651428,0.0502157397568225,0.8544816374778748,0.3856624364852905,0.9600552320480348,0.1194356456398963,0.5976723432540894,0.4744601249694824,1.4071569442749023,1.0563485622406006,,0.7910699248313904,0.6075279116630554,0.9841843843460084,0.8924644589424133,,1.2849130630493164,0.0040528876706957,0.0043130074627697,0.0087952213361859,0.000429326260928,277.59844970703125,108.7511978149414,,
Argentina,1973,ARG,25046007.0,319937928734.0,2.5786221027374268,0.1029554158449173,93.98442840576172,3.911815881729126,4.342961311340332,153.6618194580078,0.2265599966049194,0.1476526260375976,6.1351823806762695,0.4802863299846649,387.58685302734375,3.752471685409546,0.2937583327293396,237.0603790283203,2.87990403175354,0.1149845570325851,,,,45.78271865844727,1857.8304443359373,10193.37890625,369.1457824707031,22.376359939575195,146.4554901123047,8403.578125,1274.0701904296875,,15829.1806640625,1.2391709089279177,3.129055976867676,0.1249323263764381,14.187007904052734,0.5664379000663757,4.4922380447387695,11.320472717285156,59.67739868164063,2.382711172103882,112.82545471191406,4.504728317260742,33.525962829589844,1.33857524394989,71.2098388671875,2.8431613445281982,,,396.457763671875,0.758059024810791,0.550347626209259,0.6586010456085205,0.0491375885903835,0.8484036922454834,0.3915902972221374,0.9534763097763062,0.1181173250079155,0.6176941990852356,0.4868800342082977,1.4024289846420288,1.043555736541748,,0.7780120968818665,0.6440669298171997,0.954187273979187,0.8663324117660522,,1.2769118547439575,0.0041330154053866,0.0043747839517891,0.0089522236958146,0.0004444239311851,283.5326538085937,112.51262664794922,,
Argentina,1974,ARG,25461352.0,340686393609.0,2.6867380142211914,0.1055222079157829,95.49219512939452,1.5077600479125977,1.6042709350585938,152.23394775390625,-1.4278719425201416,-0.9292304515838624,5.979020595550537,0.4468448162078857,369.2508544921875,3.750476121902466,0.2802935242652893,231.62094116210935,3.367216110229492,0.132248118519783,,,,48.46945571899414,1953.3226318359373,10345.61328125,372.5130004882813,25.4394645690918,161.3789520263672,8460.3203125,1345.521728515625,,16192.30078125,1.210138916969299,3.0631039142608643,0.120304062962532,14.92347240447998,0.5861225128173828,4.4864115715026855,11.111766815185549,56.74176788330078,2.228544950485229,113.14964294433594,4.443976402282715,33.35895919799805,1.3101801872253418,71.45166015625,2.806279182434082,,,412.2778625488281,0.7888004779815674,0.5617877244949341,0.6530587673187256,0.0574836507439613,0.8448649048805237,0.3974772095680237,0.9470656514167786,0.1170017570257186,0.6337759494781494,0.4990544319152832,1.3971784114837646,1.0335172414779663,,0.782623291015625,0.661342978477478,0.898808479309082,0.8821966052055359,,1.2691501379013062,0.0042108567431569,0.0044362139888107,0.0091065168380737,0.0004594463971443,282.92059326171875,114.2301025390625,,
Argentina,1975,ARG,25874106.0,337656029605.0,2.72917103767395,0.1054788529872894,94.8604507446289,-0.6317440271377563,-0.6615638732910156,149.12176513671875,-3.112191915512085,-2.044349908828736,5.763359069824219,0.4416380822658539,370.42333984375,3.6662309169769287,0.2809381186962127,235.63645935058597,3.594383955001831,0.1389181911945343,,,,51.19862747192383,2048.18310546875,10494.7353515625,376.1073913574219,29.34162330627441,177.10118103027344,8514.5810546875,1414.434326171875,,15558.8447265625,1.1922523975372314,3.9021599292755127,0.1508133262395858,15.722224235534668,0.607643187046051,4.391001224517822,10.969338417053224,54.26131057739258,2.097127914428711,115.51497650146484,4.46450138092041,34.0500373840332,1.3159887790679932,68.91251373291016,2.663377523422241,,,402.5711975097656,0.8029897212982178,0.5583811402320862,0.645214319229126,0.0597240962088108,0.8425227999687195,0.4028536975383758,0.940811574459076,0.1159391477704048,0.6744145750999451,0.5121756792068481,1.3920619487762451,1.0235155820846558,,1.1588466167449951,0.7014884352684021,0.8861164450645447,0.860855221748352,,1.262240648269653,0.0042900531552731,0.0044966735877096,0.0092615066096186,0.0004747800703626,283.82183837890625,113.61322021484376,,
Argentina,1976,ARG,26282282.0,336841121953.0,2.860208034515381,0.1088264733552932,99.71804809570312,4.857600212097168,5.120790004730225,151.667236328125,2.5454719066619877,1.7069697380065918,5.770702362060547,0.4502634108066559,358.7939758300781,3.794116735458374,0.296038806438446,235.89959716796875,3.2426400184631348,0.1233774125576019,,,,54.05883407592773,2147.901123046875,10646.40234375,379.3500061035156,34.6251106262207,193.56719970703125,8566.5302734375,1486.300048828125,,16083.609375,1.2549357414245603,5.283487796783447,0.201028510928154,16.46601676940918,0.6265063881874084,4.512607097625732,11.052733421325684,51.94918441772461,1.9765857458114624,118.26715850830078,4.499881744384766,35.19924545288086,1.3392765522003174,71.86569213867188,2.7343780994415283,,,422.7139587402344,0.8033102750778198,0.5582538843154907,0.6339868307113647,0.0520793944597244,0.8403524160385132,0.4081281423568725,0.9343696236610411,0.1147365421056747,0.729546844959259,0.5240437388420105,1.3868144750595093,1.0133676528930664,,1.3361334800720217,0.6980056166648865,0.8572075366973877,0.847908616065979,,1.255561113357544,0.0043712500482797,0.0045583792962133,0.0094202607870101,0.000490631267894,290.49102783203125,118.6016082763672,,
Argentina,1977,ARG,26701815.0,357157949062.0,3.0098979473114014,0.112722598016262,100.72888946533205,1.0108399391174316,1.0136961936950684,151.47740173339844,-0.1898240000009536,-0.1251578330993652,5.6729254722595215,0.4241188168525696,343.12957763671875,3.772361040115357,0.2820289731025696,228.17303466796875,2.703933954238892,0.101264052093029,,,,57.06873321533203,2248.630126953125,10797.87890625,382.053955078125,40.03297805786133,210.4722900390625,8617.279296875,1559.0020751953125,,16532.896484375,1.236031174659729,5.407866954803467,0.2025280743837356,16.905080795288086,0.6331060528755188,4.521376609802246,11.03320026397705,50.7485237121582,1.9005645513534544,122.7224578857422,4.596034526824951,35.51752853393555,1.3301540613174438,72.70211029052734,2.722740411758423,,,441.4583435058594,0.8075713515281677,0.5486908555030823,0.6064401865005493,0.0424144938588142,0.8385571837425232,0.4128660559654236,0.9273350238800048,0.1133684366941452,0.7807353138923645,0.5348867774009705,1.3802379369735718,1.0029815435409546,,1.4175740480422974,0.7009552121162415,0.7665835022926331,0.8292317986488342,,1.2492098808288574,0.0044581303372979,0.0046197888441383,0.0095845451578497,0.0005066257435828,294.6064758300781,120.72896575927734,,
Argentina,1978,ARG,27132162.0,341466738351.0,3.1753060817718506,0.1170310750603675,102.58340454101562,1.854519963264465,1.8411040306091309,151.24078369140625,-0.236624002456665,-0.1562118530273437,5.574225425720215,0.442915141582489,340.25897216796875,3.78087854385376,0.3004199266433716,230.79042053222656,3.836071014404297,0.1413846462965011,,,,60.24404144287109,2351.213623046875,10949.1201171875,385.8900146484375,46.283538818359375,226.89739990234372,8665.9365234375,1631.8983154296875,,16382.3017578125,1.3017001152038574,6.250560760498047,0.2303746044635772,16.425125122070312,0.6053746938705444,4.529350280761719,10.64570426940918,48.657371520996094,1.793346643447876,117.8989486694336,4.345357894897461,34.697296142578125,1.2788254022598269,72.8963394165039,2.686713218688965,,,444.4872741699219,0.798038125038147,0.5392104983329773,0.5910466313362122,0.058924663811922,0.836319088935852,0.4171304404735565,0.9201036691665648,0.1123366430401802,0.8388059735298157,0.5416417717933655,1.3735902309417725,0.9916105270385742,,1.6019315719604492,0.6462165117263794,0.7412878274917603,0.7981010675430298,,1.241360068321228,0.004533746279776,0.0046811439096927,0.0097371414303779,0.0005222508916631,288.8409729003906,122.89105987548828,,
Argentina,1979,ARG,27568894.0,365906443800.0,3.359793901443481,0.1218690201640129,110.64904022216795,8.065631866455078,7.862508296966553,158.72384643554688,7.48305606842041,4.947781562805176,5.757352352142334,0.433782547712326,333.6164245605469,4.013546466827393,0.302397072315216,232.56956481933597,3.6017119884490967,0.1306440532207489,,,,63.60383224487305,2461.8623046875,11107.84375,389.4917297363281,52.88240432739258,244.91329956054688,8714.01171875,1710.9713134765625,,17257.400390625,1.3002434968948364,6.5988640785217285,0.2393590360879898,18.015888214111328,0.6534860730171204,4.787267684936523,10.713822364807127,48.07479095458984,1.7438056468963623,117.55523681640624,4.2640533447265625,34.52277374267578,1.2522363662719729,79.07278442382812,2.8681883811950684,,,475.7674560546875,0.832243025302887,0.5671811103820801,0.6257736086845398,0.0529672726988792,0.8361027240753174,0.4221500158309936,0.9139609932899476,0.1111842319369316,0.899674654006958,0.5496414303779602,1.368508219718933,0.984477698802948,,1.8322066068649288,0.6752417087554932,0.8209733366966248,0.8572210073471069,,1.2338730096817017,0.0046050632372498,0.0047456710599362,0.009888531640172,0.0005377974594011,295.3682556152344,131.97967529296875,,
Argentina,1980,ARG,28011597.0,371076968671.0,3.6007089614868164,0.1285435110330581,108.69522094726562,-1.9538159370422363,-1.7657756805419922,156.63558959960938,-2.088255882263184,-1.3156533241271973,5.591812133789063,0.422110766172409,330.9563293457031,3.8803651332855225,0.2929182648658752,229.662841796875,2.865247964859009,0.1022879183292388,,,,67.20454406738281,2570.5576171875,11264.4794921875,392.3569946289063,59.03792572021485,264.47906494140625,8761.951171875,1787.4791259765625,,16895.919921875,1.275427222251892,6.155519962310791,0.2197489887475967,19.56575965881348,0.6984878182411194,4.646297931671143,10.342133522033691,47.94036102294922,1.7114468812942505,115.90200805664062,4.137643814086914,33.94033432006836,1.2116529941558838,76.50798034667969,2.73129677772522,,,473.28167724609375,0.8865334391593933,0.5600019693374634,0.6164060235023499,0.0410200729966163,0.8386589288711548,0.4265903532505035,0.9078670740127563,0.1098125502467155,0.9530848860740662,0.5591493248939514,1.3631891012191772,0.9783294200897216,,1.9451425075531008,0.7136844396591187,0.798831045627594,0.8584371209144592,,1.2262507677078247,0.0046707680448889,0.0048086526803672,0.0100325029343366,0.0005530817434191,289.6996765136719,130.1502227783203,,
Argentina,1981,ARG,28463956.0,349782000000.0,3.3627450466156006,0.1181404665112495,102.00861358642578,-6.686607837677002,-6.151705741882324,147.86285400390625,-8.772735595703125,-5.600732803344727,5.194739818572998,0.422728568315506,322.233154296875,3.583782196044922,0.2916348576545715,222.3043670654297,2.956847906112671,0.1038804277777671,,,,70.56729125976562,2672.566162109375,11412.3427734375,395.3138122558594,64.18218231201172,284.9644775390625,8807.8056640625,1857.53857421875,,16121.060546875,1.311871886253357,5.144256114959717,0.1807287782430648,20.485424041748047,0.7196969985961914,4.336572647094727,9.768831253051758,45.85422897338867,1.6109576225280762,113.42816925048828,3.984975576400757,33.62376022338867,1.1812750101089478,70.05934143066406,2.4613354206085205,,,458.8691711425781,0.8278771638870239,0.5403068661689758,0.5982393026351929,0.0425878316164016,0.8381386995315552,0.4300450384616852,0.9018197059631348,0.1085311397910118,0.9979222416877748,0.569204568862915,1.3579916954040527,0.9715632796287536,,2.168948173522949,0.7413195371627808,0.7856351137161255,0.8258399963378906,,1.218175768852234,0.0047250534407794,0.0048676491715013,0.0101609257981181,0.0005682234186679,278.0595703125,123.43600463867188,,
Argentina,1982,ARG,28924268.0,338761500000.0,2.8517370223999023,0.0985932275652885,103.38813018798828,1.3795119524002075,1.3523459434509275,148.76702880859375,0.9041759967803956,0.6114959716796875,5.14332914352417,0.4391497671604156,316.28668212890625,3.5744423866271973,0.3051944375038147,219.80870056152344,2.6601579189300537,0.091969758272171,,,,73.41902160644531,2775.954345703125,11561.109375,397.9739685058594,69.77730560302734,308.21337890625,8853.1845703125,1926.57080078125,,16261.6044921875,1.388454794883728,5.595126152038574,0.1934405416250229,23.248903274536133,0.8037853837013245,4.330549716949463,9.523999214172363,45.3788948059082,1.568886637687683,111.50567626953124,3.855090856552124,33.46515274047852,1.1569921970367432,69.03221130371094,2.3866536617279053,,,470.3550109863281,0.7057942152023315,0.5519997477531433,0.6131866574287415,0.0376419872045517,0.8320783972740173,0.4336130321025848,0.8963902592658997,0.107181929051876,1.046581506729126,0.5841231942176819,1.353445291519165,0.965859591960907,,2.375016212463379,0.8605928421020508,0.8203645348548889,0.834099292755127,,1.2100287675857544,0.0047745155170559,0.0049264188855886,0.0102842282503843,0.0005832937313243,275.4747314453125,125.25797271728516,,
Argentina,1983,ARG,29391334.0,350706600000.0,2.8575870990753174,0.0972254946827888,105.18211364746094,1.7939839363098145,1.7351984977722168,150.72438049316406,1.957360029220581,1.3157248497009275,5.1281914710998535,0.4297734200954437,307.05670166015625,3.5786776542663574,0.2999148368835449,214.27769470214844,2.1910719871521,0.0745482295751571,,,,76.276611328125,2881.13671875,11711.833984375,400.1650695800781,74.97285461425781,334.4769287109375,8898.7265625,1995.2449951171875,,16701.12109375,1.399654984474182,5.195551872253418,0.1767715662717819,26.263551712036133,0.8935815095901489,4.347257137298584,9.53140640258789,45.54227066040039,1.549513578414917,113.72802734375,3.869440793991089,33.86922836303711,1.1523542404174805,68.67435455322266,2.3365509510040283,,,490.8682556152344,0.6914493441581726,0.556466817855835,0.6091934442520142,0.0301416963338851,0.8257863521575928,0.4371362626552582,0.8909844160079956,0.1057026386260986,1.0897198915481567,0.6025715470314026,1.3483697175979614,0.960722804069519,,2.440964698791504,0.9574337005615234,0.7798529267311096,0.8359940648078918,,1.203952431678772,0.0048383087851107,0.0049861068837344,0.0104229617863893,0.0005985459429211,280.1407775878906,127.7716827392578,,
Argentina,1984,ARG,29863090.0,357844347000.0,2.6577539443969727,0.0889979600906372,106.49176025390624,1.309648036956787,1.245129108428955,151.3248291015625,0.6004480123519897,0.3983736038208008,5.067286491394043,0.4228789210319519,307.3247985839844,3.5659992694854736,0.2975924015045166,216.27354431152344,2.1471779346466064,0.0719007328152656,,,,78.93436431884766,2987.628173828125,11863.1591796875,402.312255859375,82.12156677246094,361.7783203125,8943.5595703125,2062.481689453125,,16488.375,1.3760000467300415,7.148709774017334,0.239382803440094,27.301403045654297,0.9142189621925354,4.332090377807617,9.464009284973145,44.83307266235352,1.5012871026992798,114.52108001708984,3.834870576858521,34.07149124145508,1.1409231424331665,67.2367172241211,2.25149917602539,,,492.3938293457031,0.6311206221580505,0.5473114848136902,0.5846710205078125,0.0283040516078472,0.8172983527183533,0.4402955174446106,0.8850696682929993,0.1041821539402008,1.162081599235535,0.6186330318450928,1.3420974016189575,0.9552049040794371,,3.8279004096984863,0.91861230134964,0.6978127956390381,0.8161077499389648,,1.196743130683899,0.0048953681252896,0.0050464649684727,0.0105557227507233,0.0006138893077149,282.6245422363281,129.36959838867188,,
Argentina,1985,ARG,30336448.0,334171440000.0,2.3630220890045166,0.0778938233852386,100.56929779052734,-5.922463893890381,-5.561429023742676,145.09217834472656,-6.232656002044678,-4.1187286376953125,4.782767295837402,0.4341848790645599,298.48681640625,3.3151309490203857,0.3009511828422546,206.8933563232422,2.773546934127808,0.0914262309670448,,,,81.2973861694336,3088.197509765625,12008.2509765625,405.0857849121094,88.3098373413086,390.58734130859375,8988.0830078125,2122.917236328125,,16023.3798828125,1.4546198844909668,6.188270092010498,0.2039879560470581,28.808982849121094,0.9496491551399232,4.06174898147583,9.06315803527832,44.52287673950195,1.4676364660263062,113.6505126953125,3.74633526802063,33.587913513183594,1.1071802377700806,60.43547821044922,1.9921739101409912,,,486.0924377441406,0.5550379157066345,0.4992304444313049,0.5387231111526489,0.03405287489295,0.8062254786491394,0.4419947266578674,0.8782474994659424,0.1027335599064827,1.218367099761963,0.634379506111145,1.3351788520812988,0.9470208287239076,,3.4104816913604736,0.9324200749397278,0.6559304594993591,0.7327632904052734,,1.1871812343597412,0.0049366257153451,0.0051039741374552,0.0106696151196956,0.0006290148594416,274.9440002441406,123.21903228759766,,
Argentina,1986,ARG,30811982.0,358634675000.0,2.837852001190185,0.0921022221446037,104.19874572753906,3.629447937011719,3.6089062690734863,148.15951538085938,3.0673439502716064,2.1140694618225098,4.8085036277771,0.4131209850311279,290.6753234863281,3.381760597229004,0.2905428409576416,204.42832946777344,3.3928639888763428,0.1101150810718536,,,,84.13523864746094,3192.396240234375,12156.4111328125,408.4786682128906,93.11334228515624,421.5517883300781,9032.0439453125,2185.117431640625,,16542.5234375,1.421245574951172,4.80350399017334,0.1558972746133804,30.96446418762207,1.0049487352371216,4.117065906524658,8.954137802124023,43.96078109741211,1.4267430305480957,111.57483673095705,3.621150970458984,33.1019401550293,1.0743204355239868,62.20006561279297,2.0186972618103027,,,509.70794677734375,0.6423615217208862,0.5098273754119873,0.5410962700843811,0.0410685501992702,0.7993476986885071,0.4439225494861603,0.8716282844543457,0.1014680713415145,1.2552549839019775,0.6527126431465149,1.3280115127563477,0.9391948580741882,,2.8310885429382324,1.027147889137268,0.6331380605697632,0.7325761318206787,,1.1769903898239136,0.0049673342145979,0.0051630651578307,0.0107743209227919,0.0006439215503633,275.89471435546875,126.8549575805664,,
Argentina,1987,ARG,31291764.0,367893625000.0,3.227910041809082,0.1031552553176879,114.93594360351562,10.737199783325195,10.304534912109377,158.4803466796875,10.32083225250244,6.966030597686768,5.064602851867676,0.4307776391506195,297.5260009765625,3.673041343688965,0.3124162554740906,215.777099609375,3.7775840759277344,0.1207213476300239,,,,87.36315155029297,3307.332275390625,12314.8916015625,412.2562561035156,97.89119720458984,458.25042724609375,9075.587890625,2251.5712890625,,17022.38671875,1.447865605354309,4.77785587310791,0.1526873260736465,36.69862365722656,1.1727886199951172,4.409264087677002,9.093217849731444,43.54440307617188,1.3915611505508425,109.59307861328124,3.502297878265381,32.85050201416016,1.049813151359558,66.45396423339844,2.1236886978149414,,,532.6605224609375,0.7041971683502197,0.5445603132247925,0.5741181373596191,0.0441862493753433,0.7953768968582153,0.4467920064926147,0.8658540844917297,0.1002768948674202,1.2912888526916504,0.6752268075942993,1.3217854499816897,0.933340549468994,,2.93103551864624,1.118326187133789,0.6701257228851318,0.7745819091796875,,1.1663368940353394,0.004986329935491,0.0052270567975938,0.0108721014112234,0.0006587150855921,284.5428161621094,137.97364807128906,,
Argentina,1988,ARG,31780534.0,360921156000.0,3.106343984603882,0.0977436080574989,121.46444702148438,6.528503894805908,5.68011999130249,162.98753356933594,4.507184028625488,2.8439998626708984,5.128533363342285,0.4515876471996307,301.0578308105469,3.82197642326355,0.3365401029586792,224.3596343994141,4.023192882537842,0.1265929937362671,,,,90.46949768066406,3428.796630859375,12477.8779296875,416.2794189453125,103.76110076904295,500.4829406738281,9117.111328125,2317.8037109375,,17035.044921875,1.5000029802322388,5.8699049949646,0.1847012639045715,42.232540130615234,1.328880786895752,4.5720696449279785,9.201995849609377,41.5230827331543,1.3065571784973145,111.857177734375,3.5196757316589355,32.96385955810547,1.0372341871261597,66.23246002197266,2.084057569503784,,,541.3828125,0.6445652842521667,0.554157555103302,0.5805342793464661,0.0455296263098716,0.7890380620956421,0.4498796761035919,0.8603309988975525,0.099124938249588,1.3360049724578855,0.7019186615943909,1.3160325288772583,0.9266499280929564,,3.162165641784668,1.2291271686553955,0.674439549446106,0.74507737159729,,1.156442165374756,0.0050093121826648,0.0052935355342924,0.0109764067456126,0.0006735596107318,292.4443054199219,145.3028106689453,,
Argentina,1989,ARG,32270958.0,338520796000.0,2.2995049953460693,0.0712561756372451,117.06697845458984,-4.397471904754639,-3.620380163192749,158.18870544433594,-4.798831939697266,-2.944296598434448,4.901890754699707,0.4672938883304596,302.977783203125,3.627626419067383,0.3458191454410553,224.2176055908203,4.143983840942383,0.1284121721982956,,,,92.7689971923828,3545.86376953125,12636.06640625,420.4234313964844,110.02288055419922,545.0921630859375,9158.2333984375,2377.55615234375,,16179.04296875,1.54233717918396,6.261775970458984,0.1940374970436096,44.60919952392578,1.382332682609558,4.372326850891113,8.956183433532715,41.12173080444336,1.2742643356323242,112.81892395019533,3.495989322662353,32.65242385864258,1.0118207931518557,59.75251007080078,1.8515877723693848,,,522.1132202148438,0.4673095643520355,0.5273236632347107,0.5613304376602173,0.0469424426555633,0.7757987380027771,0.4520716369152069,0.8546320199966431,0.0980506017804145,1.3896175622940063,0.7276910543441772,1.3106533288955688,0.9173923134803772,,4.147618770599365,1.23743999004364,0.6875600814819336,0.6611703038215637,,1.1477718353271484,0.0050429757684469,0.0053581814281642,0.011089420877397,0.0006882638554088,289.02459716796875,141.09918212890625,,
Argentina,1990,ARG,32755907.0,338751144000.0,1.8615909814834597,0.0568322241306304,112.18829345703124,-4.8786797523498535,-4.167425632476807,153.08982849121094,-5.098879814147949,-3.223288059234619,4.6736555099487305,0.4519241452217102,298.05731201171875,3.4249789714813232,0.3311820328235626,218.42431640625,3.140048027038574,0.0958620384335517,115.5429458618164,3.527392625808716,0.3410850167274475,94.6305923461914,3658.052001953125,12789.1572265625,423.5634460449219,114.80806732177734,588.3053588867188,9199.134765625,2436.744384765625,,15680.392578125,1.5162324905395508,4.785183906555176,0.1460861414670944,43.21321487426758,1.3192495107650757,4.165850162506104,8.748767852783203,40.90152359008789,1.248676300048828,113.8532257080078,3.4758074283599854,33.21465301513672,1.0140049457550049,59.188255310058594,1.8069491386413572,,,513.62548828125,0.3779711425304413,0.4935227036476135,0.536005973815918,0.0362601093947887,0.7600611448287964,0.4532391726970672,0.8485936522483826,0.0968273654580116,1.4045034646987915,0.7475549578666687,1.3056151866912842,0.908009707927704,,1.863478660583496,1.140135645866394,0.7016818523406982,0.6435996890068054,,1.1393427848815918,0.0050775115378201,0.0054210047237575,0.0112017374485731,0.0007032213616184,286.5738220214844,136.45620727539062,3.3546478748321533,2.990194320678711
Argentina,1991,ARG,33230293.0,376057930424.0,2.168031930923462,0.0652426406741142,117.7269287109375,5.538631916046143,4.9369096755981445,202.3717803955078,49.28195190429688,32.1915283203125,6.089978694915772,0.5381398797035217,387.3450317382813,3.5427591800689697,0.3130553066730499,225.3325042724609,2.938528060913086,0.0884291902184486,123.9981460571289,3.731479167938232,0.3297314941883087,96.79862213134766,3775.779052734375,12991.529296875,426.5019836425781,118.9117431640625,635.5892944335938,9283.779296875,2497.977294921875,,15722.361328125,1.3893036842346191,4.10368013381958,0.1234921440482139,47.28392028808594,1.4229161739349363,4.28863000869751,9.539297103881836,84.64484405517578,2.5472195148468018,113.1363296508789,3.404614210128784,33.15617752075195,0.9977696537971495,61.23276901245117,1.842679142951965,,,522.4586791992188,0.4295738637447357,0.5073213577270508,0.6996216177940369,0.0342721864581108,0.7471863031387329,0.4547506868839264,0.845788300037384,0.0956248268485069,1.4078325033187866,0.7699559926986694,1.3070173263549805,0.8984963297843933,,1.5078184604644775,1.2276690006256104,1.4797279834747314,0.6341102123260498,,1.1321110725402832,0.0051073213107883,0.0054978760890662,0.0113233495503664,0.0007181524997577,316.9936218261719,142.51243591308594,6.271215915679932,5.326917171478272
Argentina,1992,ARG,33693532.0,416679827242.0,2.474472045898437,0.0734405666589737,121.51416778564452,3.787240028381348,3.216969966888428,177.64100646972656,-24.73076820373535,-12.220459938049316,5.272258281707764,0.4263249635696411,317.0244445800781,3.606453895568848,0.2916247844696045,216.85850524902344,3.107071876525879,0.0922156795859336,131.40309143066406,3.89995002746582,0.3153574466705322,99.2730941772461,3897.29296875,13169.1689453125,429.6090698242188,122.90916442871094,683.8917846679688,9339.90625,2561.60986328125,,16630.447265625,1.3447699546813965,3.997423887252808,0.1186406910419464,48.302513122558594,1.4335840940475464,4.3797526359558105,9.175477981567385,56.12683868408203,1.6658046245574951,115.23143768310548,3.4199869632720947,33.99892807006836,1.009063959121704,63.63268661499024,1.8885728120803835,,,560.3385009765625,0.4705020487308502,0.5395731925964355,0.6235572099685669,0.0371607132256031,0.7363922595977783,0.4569906294345855,0.8417416214942932,0.0945490002632141,1.4149876832962036,0.7910822629928589,1.3039634227752686,0.8920118808746338,,1.6670253276824951,1.2380921840667725,0.9404790997505188,0.6950855255126953,,1.1247320175170898,0.0051327664405107,0.0055698943324387,0.0114361234009265,0.000733463151846,309.1542663574219,147.56932067871094,9.888919830322266,8.138079643249512
Argentina,1993,ARG,34152719.0,444780261628.0,2.7809128761291504,0.0814258158206939,118.0209732055664,-3.493191957473755,-2.8747200965881348,163.40858459472656,-14.232416152954102,-8.011895179748535,4.784643650054932,0.3673917353153229,282.3081359863281,3.45568323135376,0.2653467059135437,203.89553833007807,2.5282390117645264,0.0740274563431739,126.60022735595705,3.706885576248169,0.2846354246139526,102.05400848388672,4015.314208984375,13332.578125,432.1372985839844,127.6615219116211,724.6990966796875,9385.2939453125,2628.76220703125,,16948.30078125,1.301385521888733,4.752356052398682,0.1391501575708389,40.8072395324707,1.1948460340499878,4.24266242980957,8.734333992004395,45.38761520385742,1.3289605379104614,114.46736145019533,3.351632595062256,33.62261962890625,0.9844785332679749,67.1522216796875,1.9662336111068728,,,578.83056640625,0.506019115447998,0.5187764167785645,0.5737023949623108,0.0298492405563592,0.7273687720298767,0.4585960209369659,0.8369490504264832,0.0933650061488151,1.4313955307006836,0.8011445999145508,1.299895167350769,0.8870628476142883,,2.0445499420166016,1.0181944370269775,0.791650116443634,0.7321181297302246,,1.1167594194412231,0.0051504615694284,0.0056375386193394,0.0115366047248244,0.0007486043032258,298.3012390136719,144.89846801757812,8.579248428344727,7.269257068634033
Argentina,1994,ARG,34613492.0,472926751991.0,3.087352991104126,0.0891950726509094,118.50676727294922,0.4857920110225677,0.4116177558898926,163.00917053222656,-0.3994239866733551,-0.2444326877593994,4.709411144256592,0.3446816504001617,266.7138366699219,3.4237160682678223,0.2505816519260406,193.8994903564453,3.5613009929656982,0.1028876528143882,127.08208465576172,3.67146110534668,0.2687141001224518,105.141357421875,4133.82080078125,13495.587890625,435.6985778808594,129.63958740234375,767.3759765625,9429.7958984375,2695.965087890625,,17657.16796875,1.2923275232315063,1.9780659675598145,0.0571472533047199,42.67698669433594,1.232958197593689,4.234849452972412,8.650222778320312,44.50239562988281,1.2856950759887695,116.1800765991211,3.356496810913086,34.6646842956543,1.001478910446167,67.20306396484375,1.9415279626846316,,,611.17626953125,0.5261843204498291,0.5158165693283081,0.5498983860015869,0.0418300107121467,0.7192931175231934,0.4600590467453003,0.8317050337791443,0.0924341827630996,1.4043021202087402,0.8120542168617249,1.2941057682037354,0.8823586106300354,,0.6321176290512085,1.0563156604766846,0.6673116087913513,0.7307670712471008,,1.10860276222229,0.0051710247062146,0.0057044434361159,0.0116396825760602,0.0007642147829756,299.4143981933594,146.5829315185547,8.57532024383545,7.236144065856934
Argentina,1995,ARG,35070016.0,461601030169.0,2.759852886199951,0.0786955133080482,125.41549682617188,6.908728122711182,5.829823017120361,170.7030029296875,7.693840026855469,4.719877243041992,4.867491722106934,0.3698063790798187,270.6772155761719,3.576145887374878,0.2716967463493347,198.86654663085935,3.7409439086914062,0.1066707223653793,131.46153259277344,3.748544931411743,0.2847947180271148,107.90121459960938,4259.236328125,13666.291015625,439.4395446777344,132.52639770507812,820.5700073242188,9475.083984375,2758.79931640625,,17982.642578125,1.3662264347076416,2.8868119716644287,0.0823156759142875,53.19395065307617,1.516792893409729,4.456057071685791,8.795750617980957,45.28751754760742,1.291345715522766,118.1110382080078,3.367863893508911,34.789894104003906,0.9920125603675842,62.83393478393555,1.7916711568832395,,,630.6515502929688,0.444990873336792,0.5333053469657898,0.5729303956031799,0.0427124425768852,0.7081283926963806,0.4619271755218506,0.8270390629768372,0.0915271490812301,1.3868443965911863,0.8314202427864075,1.2892132997512815,0.8762971758842468,,0.8899903297424316,1.2674740552902222,0.7213592529296875,0.6768052577972412,,1.100846290588379,0.0051910043694078,0.0057744993828237,0.011745385825634,0.0007798816659487,308.4671325683594,156.2740020751953,6.046031951904297,4.820801258087158
Argentina,1996,ARG,35513795.0,489406483416.0,2.718040943145752,0.0765347927808761,131.44554138183594,6.03004789352417,4.808056354522705,177.6565704345703,6.953567981719971,4.073488712310791,5.002466678619385,0.3630041480064392,269.5423889160156,3.7012531757354736,0.2685815393924713,199.4305419921875,3.1143150329589844,0.0876931026577949,136.98489379882812,3.857230663299561,0.2799000442028045,110.61925506591795,4390.68212890625,13843.947265625,442.5538635253906,134.67715454101562,878.111572265625,9521.2939453125,2824.72021484375,,18559.109375,1.3467423915863037,2.1507439613342285,0.0605608038604259,57.54154968261719,1.6202590465545654,4.547484397888184,8.782964706420898,46.211029052734375,1.3012135028839111,114.3120574951172,3.2188069820404053,35.214622497558594,0.9915758967399596,65.92089080810547,1.8562052249908447,,,659.1044311523438,0.4290115535259247,0.542413055896759,0.577269971370697,0.0346922986209392,0.6969863176345825,0.463988333940506,0.8224724531173706,0.0904839932918548,1.3597551584243774,0.851902186870575,1.2840713262557983,0.8707876801490784,,0.617057740688324,1.313254714012146,0.7063931822776794,0.689395010471344,,1.0920004844665527,0.0051979995332658,0.005847627762705,0.0118413669988513,0.000795739761088,311.9164123535156,161.4984130859375,5.539351940155029,4.21418046951294
Argentina,1997,ARG,35947790.0,531526379817.0,3.232943058013916,0.0899344012141227,136.61700439453125,5.171463966369629,3.934299945831299,187.91531372070312,10.25873565673828,5.774474143981934,5.227450847625732,0.3535389900207519,280.8975830078125,3.800428628921509,0.2570277154445648,204.2163848876953,2.806623935699463,0.0780750066041946,145.7698974609375,4.055045127868652,0.2742477357387543,113.85218811035156,4527.298828125,14031.8623046875,445.3604736328125,136.88267517089844,939.6154174804688,9572.5927734375,2891.588134765625,,18609.810546875,1.258604645729065,2.2055280208587646,0.0613536462187767,61.503902435302734,1.7109230756759644,4.65885591506958,8.888813018798828,51.29830932617188,1.4270225763320925,114.31558227539062,3.180044651031494,35.45566940307617,0.9863101243972778,66.86799621582031,1.8601421117782595,,,668.9815673828125,0.4907104671001434,0.5603576898574829,0.5799866318702698,0.0314386673271656,0.688764750957489,0.4664088487625122,0.8178930282592773,0.089425578713417,1.3347512483596802,0.8742916584014893,1.2771761417388916,0.86551433801651,,0.628750205039978,1.3993878364562988,0.6396603584289551,0.689203679561615,,1.082499861717224,0.0051965001039206,0.0059240763075649,0.0119322827085852,0.0008117064135149,319.5331726074219,167.47557067871094,9.1528959274292,6.699675559997559
Argentina,1998,ARG,36372862.0,554567078807.0,3.4681930541992188,0.0953511148691177,139.5052947998047,2.8882880210876465,2.1141529083251958,197.5121307373047,9.596816062927246,5.106985569000244,5.430205821990967,0.3561555445194244,284.4942321777344,3.8354225158691406,0.2515571415424347,200.9418487548828,3.154704093933105,0.0867323577404022,148.94146728515625,4.094851493835449,0.2685725092887878,117.32038879394533,4666.80419921875,14229.375,448.5151977539063,138.57554626464844,1001.229248046875,9630.6005859375,2961.163818359375,,19087.2265625,1.2518901824951172,1.6928709745407104,0.0465421453118324,61.61382293701172,1.6939504146575928,4.673045158386231,8.833573341369629,58.0068359375,1.5947834253311155,110.73585510253906,3.044463634490967,35.348670959472656,0.9718419313430786,69.57569885253906,1.912846326828003,,,694.257080078125,0.5282079577445984,0.5741971731185913,0.6353334188461304,0.0363068655133247,0.6826308369636536,0.4690408706665039,0.8146438002586365,0.0885147079825401,1.3085168600082395,0.8946326375007629,1.2733759880065918,0.8610262870788574,,0.5053622722625732,1.3866041898727417,0.8540166020393372,0.7083677053451538,,1.0744452476501465,0.0051969182677567,0.0060029816813766,0.0120275253430008,0.0008276248699985,321.3023376464844,169.97203063964844,9.436176300048828,6.764027118682861
Argentina,1999,ARG,36794687.0,538270560194.0,3.330697059631348,0.0905211418867111,148.34457397460938,8.839280128479004,6.336164474487305,202.28927612304688,4.777152061462402,2.418661117553711,5.4977850914001465,0.3758133947849273,286.7122497558594,4.031684875488281,0.2755948007106781,210.2543792724609,2.788304090499878,0.0757800713181495,149.5149383544922,4.063492774963379,0.2777691185474396,120.65108489990234,4815.1484375,14431.6640625,451.3034973144531,140.45892333984375,1068.848388671875,9684.544921875,3033.886962890625,,19175.2734375,1.3107686042785645,1.8833760023117063,0.0511860847473144,67.6191177368164,1.8377413749694824,4.887889862060547,9.02424144744873,53.944705963134766,1.4661004543304443,113.88709259033205,3.0952048301696777,35.71656036376953,0.9706988334655762,72.72306823730469,1.976455807685852,,,705.5481567382812,0.4840799570083618,0.5972539782524109,0.6442409753799438,0.0316525660455226,0.6749880313873291,0.4721635282039642,0.8116346001625061,0.0875430628657341,1.2864075899124146,0.9174562096595764,1.2694941759109497,0.8570902943611145,,0.5734686255455017,1.4744150638580322,0.8220950961112976,0.7225925922393799,,1.0676968097686768,0.0052044070325791,0.0060851396992802,0.0121332556009292,0.0008437090436927,332.0441589355469,179.848388671875,1.170367956161499,0.7889523506164551
Argentina,2000,ARG,37213986.0,536480965694.0,2.6571080684661865,0.0714007914066314,143.3548126220703,-4.989759922027588,-3.3636271953582764,197.9246368408203,-4.364639759063721,-2.157622575759888,5.3185553550720215,0.3689313232898712,281.2889099121094,3.852175712585449,0.2672132551670074,203.73471069335935,2.3596770763397217,0.0634083375334739,142.70909118652344,3.834824085235596,0.2660095989704132,123.30818939208984,4958.50341796875,14629.587890625,453.6631774902344,141.92469787597656,1138.28662109375,9739.1142578125,3101.321044921875,,18907.802734375,1.3115744590759275,1.465783953666687,0.0393879860639572,69.43824768066406,1.8659180402755735,4.6782708168029785,8.865817070007324,54.569820404052734,1.4663792848587036,113.9166030883789,3.061123371124268,37.133148193359375,0.9978277683258056,67.43399047851562,1.8120604753494265,,,703.6347045898438,0.3699855208396911,0.5619227290153503,0.6252111792564392,0.0257701240479946,0.663206934928894,0.4743541777133941,0.8083735704421997,0.0864650085568428,1.259954571723938,0.9389547109603882,1.2664448022842407,0.851574182510376,,0.4241563379764557,1.4687150716781616,0.8879260420799255,0.6603650450706482,,1.0609705448150637,0.0052151107229292,0.0061656953766942,0.0122412368655204,0.000860431115143,329.9324035644531,174.09710693359375,-0.6457279920578003,-0.4504404067993164
Argentina,2001,ARG,37624817.0,514867255248.0,2.3481171131134038,0.0624087303876876,135.00396728515625,-8.350848197937012,-5.825299263000488,186.68142700195312,-11.243215560913086,-5.68055534362793,4.96165657043457,0.3625816702842712,271.5995178222656,3.588162899017334,0.2622112333774566,196.41490173339844,2.007817029953003,0.0533641651272773,130.8163604736328,3.4768636226654053,0.2540778517723083,125.65631103515624,5093.5078125,14816.2705078125,455.6709899902344,143.43124389648438,1203.09375,9790.7919921875,3165.6552734375,,18268.28125,1.3349863290786743,1.5065410137176514,0.0400411523878574,64.80706787109375,1.722455382347107,4.406026363372803,8.479994773864746,51.67745971679688,1.373494029045105,113.0917739868164,3.0057759284973145,36.62186050415039,0.9733431935310364,64.33441925048828,1.7098932266235352,,,687.3407592773438,0.3127703368663788,0.5254505276679993,0.5992271900177002,0.0218041222542524,0.649605929851532,0.4755799770355224,0.8048341870307922,0.0853497460484504,1.2366524934768677,0.9548299312591552,1.2641878128051758,0.8453686833381653,,0.4509578049182892,1.3581503629684448,0.9463516473770142,0.6256039142608643,,1.054263710975647,0.0052288561128079,0.006241955794394,0.0123477345332503,0.0008769229752942,319.0582275390625,165.7759246826172,-4.187607765197754,-3.1018407344818115
Argentina,2002,ARG,38029345.0,460558541367.0,1.72809100151062,0.04544098675251,124.93011474609376,-10.073856353759766,-7.461893558502197,310.1719665527344,123.49054718017578,66.1504135131836,8.156122207641602,0.6734691262245178,471.27777099609375,3.285097599029541,0.2712578475475311,189.81982421875,1.5791840553283691,0.0415254049003124,82.3431625366211,2.165253162384033,0.1787897795438766,127.3843994140625,5218.4375,15126.4423828125,457.2501831054688,144.94082641601562,1265.71142578125,9976.0341796875,3223.15087890625,,17306.400390625,1.429028034210205,1.509590983390808,0.0396954230964183,62.61775970458984,1.646564245223999,4.088662624359131,10.364839553833008,185.2418670654297,4.8710246086120605,116.58631134033205,3.0656933784484863,37.230613708496094,0.978996992111206,57.495487213134766,1.511871576309204,,,658.1510620117188,0.2218333184719085,0.4756464064121246,0.9585331082344056,0.0163982789963483,0.6330455541610718,0.475581556558609,0.8074891567230225,0.0841280370950698,1.215797781944275,0.9668230414390564,1.278050422668457,0.8377484083175659,,0.4672047197818756,1.2743630409240725,3.039893388748169,0.5598745346069336,,1.0510934591293335,0.0052533829584717,0.0063501927070319,0.0124972648918628,0.0008936889353208,394.1680603027344,155.48915100097656,-42.586952209472656,-34.088619232177734
Argentina,2003,ARG,38424283.0,503104157615.0,2.219749927520752,0.0577694587409496,134.42098999023438,9.490880012512209,7.596945762634277,385.6901245117188,75.51814270019531,24.347187042236328,10.037665367126465,0.7666208148002625,547.2662353515625,3.4983344078063965,0.2671832144260406,190.73361206054688,2.4804608821868896,0.0645545125007629,117.69994354248048,3.063165664672852,0.2339474707841873,129.60415649414062,5352.8583984375,15512.1318359375,459.7306213378906,146.2382354736328,1334.7796630859375,10227.3037109375,3282.505859375,,18341.46875,1.4008188247680664,1.2974079847335815,0.0337653160095214,69.06818389892578,1.7975139617919922,4.31301212310791,11.86098289489746,251.2691345214844,6.539331912994385,123.98936462402344,3.226849317550659,41.07594680786133,1.0690101385116575,59.35518646240234,1.5447311401367188,,,704.7577514648438,0.2588826417922973,0.4861045479774475,1.1027940511703491,0.0236989017575979,0.6177537441253662,0.4758402407169342,0.8129014372825623,0.082986332476139,1.1923315525054932,0.9813784956932068,1.2980661392211914,0.8304242491722107,,0.3777695894241333,1.355289101600647,3.4320714473724365,0.563096821308136,,1.049588322639465,0.0052887378260493,0.0064810961484909,0.012682020664215,0.0009121865732595,455.749755859375,165.72439575195312,-16.72104835510254,-12.439312934875488
Argentina,2004,ARG,38815915.0,550306327169.0,2.886733055114746,0.0743698328733444,157.2351531982422,22.814159393310547,16.972171783447266,452.83392333984375,67.14380645751953,17.408740997314453,11.666192054748535,0.8228760957717896,602.8485717773438,4.050790786743164,0.2857229709625244,209.32394409179688,2.531824111938477,0.0652264431118965,139.9241180419922,3.604812860488892,0.2542658448219299,132.4908905029297,5510.09375,15964.9658203125,462.262451171875,147.328857421875,1417.6922607421875,10522.9013671875,3350.3193359375,,19351.779296875,1.3649797439575195,1.09062397480011,0.028097340837121,82.91265869140625,2.136047840118408,4.8696370124816895,13.073559761047363,295.5987548828125,7.615400791168213,125.18741607666016,3.225156784057617,41.37654113769531,1.0659685134887695,67.81330871582031,1.7470492124557495,,,751.156982421875,0.3222053647041321,0.5495806336402893,1.29182231426239,0.0234137810766696,0.6056495308876038,0.4776691794395447,0.821540355682373,0.0818457826972007,1.1686875820159912,1.0035455226898191,1.3247491121292114,0.8247849941253662,,0.3194058239459991,1.5769845247268677,4.587289810180664,0.6207410097122192,,1.0499213933944702,0.0053250179626047,0.0066346116364002,0.0128904497250914,0.0009308195440098,507.4621887207031,189.0194091796875,-17.3110408782959,-11.009650230407717
Argentina,2005,ARG,39216786.0,601050418142.0,3.3804030418396,0.0861978605389595,161.7279510498047,4.492799758911133,2.857375144958496,472.5110473632813,19.677120208740234,4.345333576202393,12.048693656921388,0.786142110824585,593.3334350585938,4.123947143554688,0.2690755128860473,203.0822296142578,3.667664051055908,0.093522809445858,147.47364807128906,3.760472536087036,0.2453598529100418,135.8712921142578,5671.82177734375,16437.4765625,465.93011474609375,148.24166870117188,1499.65966796875,10833.6845703125,3422.118896484375,,20306.78515625,1.3249584436416626,0.9127960205078124,0.0232756454497575,81.96734619140625,2.090108633041382,4.880094528198242,13.216758728027344,310.7830810546875,7.924746036529541,123.06153869628906,3.1379811763763428,41.00724792480469,1.0456554889678955,71.79974365234375,1.830842137336731,,,796.3668212890625,0.3496571779251098,0.5463975667953491,1.3298907279968262,0.0318968892097473,0.5948150753974915,0.479388564825058,0.8306679129600525,0.080849178135395,1.1444666385650637,1.0226486921310425,1.3537659645080566,0.8201888799667358,,0.263393759727478,1.5246082544326782,5.2398786544799805,0.6509316563606262,,1.050260305404663,0.0053586321882903,0.0067941402085125,0.0131020592525601,0.0009492862154729,518.3187866210938,191.3816375732422,-14.25430393218994,-8.813754081726074
Argentina,2006,ARG,39622113.0,652296814311.0,3.796710968017578,0.0958230346441268,174.34165954589844,12.613712310791016,7.799339294433594,478.3675231933594,5.856480121612549,1.2394428253173828,12.073246002197266,0.7333586812019348,572.1696166992188,4.400110244750977,0.2672735154628753,208.5279541015625,3.968029022216797,0.1001468300819397,155.71719360351562,3.930058002471924,0.2387214004993438,139.66799926757812,5846.16357421875,16915.84375,469.8981323242188,149.0407257080078,1583.5267333984375,11137.7109375,3504.02978515625,,21100.81640625,1.2817155122756958,0.7990530133247375,0.0201668441295623,83.86719512939453,2.1166763305664062,5.158466339111328,13.362709045410156,304.0258483886719,7.673135757446289,125.4551773071289,3.1662919521331787,42.32917404174805,1.0683220624923706,81.91065216064453,2.067296504974365,,,836.0589599609375,0.3625257313251495,0.5698529481887817,1.3060197830200195,0.0326957106590271,0.5846318602561951,0.4816689193248749,0.839306652545929,0.0798560306429863,1.1206510066986084,1.0405913591384888,1.3813416957855225,0.8179753422737122,,0.2305582761764526,1.5163099765777588,5.038762092590332,0.735090970993042,,1.0511101484298706,0.0054010800085961,0.0069570122286677,0.0133264400064945,0.0009683482348918,529.458740234375,204.3893280029297,-18.62446403503418,-10.682738304138184
Argentina,2007,ARG,40016767.0,714725198062.0,4.180575847625732,0.1044706031680107,173.76358032226562,-0.5780799984931946,-0.331580638885498,336.0146179199219,-142.35289001464844,-29.758060455322266,8.396845817565918,0.4701312482357025,386.6343383789063,4.342269420623779,0.2431194484233856,199.94061279296875,3.7592639923095694,0.0939422249794006,161.21234130859375,4.028619766235352,0.2255584895610809,143.84857177734375,6019.92724609375,17251.857421875,473.6574096679688,149.73529052734375,1670.704345703125,11299.9619140625,3581.981201171875,,21717.796875,1.2159582376480105,0.6945859789848328,0.0173573736101388,87.17755126953125,2.178525686264038,5.005804061889648,10.90884780883789,162.25103759765625,4.054576396942139,122.57025146484376,3.0629723072052,44.55063629150391,1.1132992506027222,77.95159912109375,1.9479734897613523,,,869.0759887695312,0.3712110817432403,0.551643431186676,0.9058838486671448,0.0295436233282089,0.5750238299369812,0.4834389686584472,0.8405097723007202,0.0787910893559455,1.0976271629333496,1.057995080947876,1.3918098211288452,0.8148965239524841,,0.2029466778039932,1.5196630954742432,2.9008591175079346,0.696972668170929,,1.04846453666687,0.0054414365440607,0.007078337483108,0.013508184812963,0.0009884105529636,436.5368347167969,200.31610107421875,-12.551247596740724,-7.223174571990967
Argentina,2008,ARG,40424151.0,747157417513.0,4.243143081665039,0.1049655452370643,187.5955352783203,13.831952095031738,7.960212230682373,277.9472961425781,-58.06732940673828,-17.281192779541016,6.8757734298706055,0.3720063269138336,316.1827087402344,4.640679836273193,0.2510789930820465,213.4018402099609,3.97544002532959,0.0983431935310363,178.50848388671875,4.415886878967285,0.2389168292284011,148.09170532226562,6207.52294921875,17529.806640625,477.63287353515625,150.33470153808594,1760.82421875,11390.3134765625,3670.63916015625,,21746.203125,1.1765549182891846,0.5993959903717041,0.0148276705294847,90.11974334716795,2.2293541431427,5.268406391143799,10.005910873413086,90.35175323486328,2.235093355178833,120.00199127197266,2.968571662902832,43.27806091308594,1.07059907913208,88.65780639648438,2.193189144134521,,,879.07177734375,0.3730572760105133,0.585327684879303,0.7314271330833435,0.0302322432398796,0.5662404298782349,0.4859956204891205,0.8385269641876221,0.0777516514062881,1.075708508491516,1.0748674869537354,1.3927299976348877,0.8144198060035706,,0.179628774523735,1.5260305404663086,1.5182565450668335,0.7956125140190125,,1.0439064502716064,0.0054722456261515,0.0071869567036628,0.013667101971805,0.0010078998748213,404.4804382324219,212.9708709716797,-9.087056159973145,-4.843961715698242
Argentina,2009,ARG,40854832.0,705920838368.0,4.0077738761901855,0.0980979204177856,178.37844848632812,-9.217087745666504,-4.913276672363281,515.9622802734375,238.0150146484375,85.63314819335938,12.629161834716797,0.7309067249298096,605.4800415039062,4.366153240203857,0.252689003944397,209.32650756835935,3.3048598766326904,0.0808927565813064,162.83636474609375,3.985730886459351,0.2306722700595855,152.0994873046875,6385.90087890625,18045.767578125,480.9377136230469,151.02801513671875,1848.81689453125,11727.8974609375,3753.018798828125,,20858.09765625,1.2071524858474731,0.6933109760284424,0.0169701110571622,87.9928207397461,2.153792381286621,4.972946643829346,13.239301681518556,337.5838623046875,8.263010025024414,114.28247833251952,2.7972817420959477,38.01625061035156,0.9305203557014464,82.37968444824219,2.016400098800659,,,852.1541137695312,0.3423674702644348,0.5660468935966492,1.356088638305664,0.025415800511837,0.556649386882782,0.4879230856895447,0.8477781414985657,0.076666809618473,1.055841088294983,1.0902105569839478,1.4226402044296265,0.813035786151886,,0.210966408252716,1.5261471271514893,5.165926933288574,0.7558049559593201,,1.0435878038406372,0.0054895770736038,0.0073619498871266,0.0138765471056103,0.0010250196792185,540.8894653320312,203.1688995361328,-15.54207992553711,-8.712981224060059
Argentina,2010,ARG,41288694.0,785785170150.0,4.353361129760742,0.105437122285366,186.1212921142578,7.742847919464111,4.340684413909912,430.3167419433594,-85.64556884765625,-16.59918975830078,10.422144889831545,0.5476264357566833,487.7394104003906,4.507802963256836,0.2368602752685547,210.95785522460935,4.081696033477783,0.0988574773073196,177.82156372070312,4.306786060333252,0.2262979447841644,156.45285034179688,6572.0224609375,18476.0859375,485.0194091796875,151.6404571533203,1935.745361328125,11972.0927734375,3843.1640625,,21368.263671875,1.1227848529815674,0.61244797706604,0.014833309687674,86.92839813232422,2.1053802967071533,5.107879638671875,11.609238624572754,244.1954498291016,5.914341926574707,105.47767639160156,2.554638385772705,39.06522750854492,0.9461483359336852,90.14539337158205,2.183294773101806,,,882.2677001953125,0.3477643430233001,0.5586263537406921,1.0802342891693115,0.0293262712657451,0.5474988222122192,0.4896782338619232,0.8520485162734985,0.0756392553448677,1.0355274677276611,1.1011738777160645,1.440869927406311,0.8127499222755432,,0.1802691966295242,1.4007651805877686,3.74657678604126,0.8010293245315552,,1.039286494255066,0.0054870131425559,0.0075127137824893,0.0140423383563756,0.0010426117805764,479.3302917480469,210.89767456054688,-8.299728393554688,-4.459311485290527
Argentina,2011,ARG,41730655.0,837742673804.0,4.694683074951172,0.1124996244907379,189.88381958007807,3.762527942657471,2.0215511322021484,422.9067687988281,-7.409952163696289,-1.7219781875610352,10.134199142456056,0.5048170685768127,466.0767822265625,4.5502238273620605,0.226661279797554,209.26702880859372,4.825488090515137,0.1156341284513473,198.8144989013672,4.764231204986572,0.237321674823761,161.1475372314453,6761.90625,18898.9921875,489.8449096679688,152.5120849609375,2028.3310546875,12205.115234375,3930.070556640625,,21743.625,1.0831198692321775,0.8716239929199219,0.0208868999034166,92.58561706542967,2.2186474800109863,5.143470764160156,11.499309539794922,233.02296447753903,5.583975791931152,104.44051361083984,2.5027287006378174,40.15353775024414,0.9622071981430054,86.90641784667969,2.0825557708740234,,,907.375732421875,0.3491127490997314,0.5507073402404785,1.0346964597702026,0.0328170247375965,0.5385826230049133,0.4912068843841553,0.8554276823997498,0.074679285287857,1.0167444944381714,1.1133750677108765,1.4576997756958008,0.8117137551307678,,0.2446657866239547,1.449066162109375,3.645223617553711,0.7683932781219482,,1.034298300743103,0.0054837055504322,0.0076636993326246,0.0142080998048186,0.0010606941068544,479.8737182617188,214.6403961181641,8.930671691894531,4.703229427337647
Argentina,2012,ARG,42161718.0,829147409948.0,4.533281803131104,0.1075212806463241,191.71456909179688,1.8307520151138303,0.9641408920288086,342.980224609375,-79.92655944824219,-18.899333953857425,8.134873390197754,0.4136541187763214,363.2757568359375,4.54712438583374,0.231218934059143,203.05911254882807,5.0784010887146,0.1204505264759063,198.99093627929688,4.719706535339356,0.2399946451187133,165.68081665039062,6953.62060546875,19241.970703125,494.9233093261719,153.64288330078125,2123.714111328125,12356.3818359375,4015.659423828125,,22393.107421875,1.138677954673767,1.13080096244812,0.0268205627799034,95.38307189941406,2.262314558029175,5.142171859741211,10.212148666381836,151.265625,3.5877482891082764,107.5315399169922,2.550454616546631,39.68828201293945,0.9413346648216248,85.5890121459961,2.030017375946045,,,944.1318969726562,0.329129695892334,0.5484652519226074,0.8237418532371521,0.0341570377349853,0.5293651223182678,0.492624819278717,0.8548414707183838,0.073781132698059,0.9993619322776794,1.1254342794418335,1.464081645011902,0.8102585673332214,,0.302305668592453,1.4622256755828855,2.2637362480163574,0.7486323714256287,,1.027584671974182,0.005482692271471,0.0077912961132824,0.014352555386722,0.0010785667691379,430.561767578125,216.80279541015625,7.276368141174316,3.795417308807373
Argentina,2013,ARG,42582453.0,849088398588.0,4.568103790283203,0.1072766780853271,189.52484130859372,-2.189728021621704,-1.1421799659729004,292.8446044921875,-50.13561630249024,-14.617639541625977,6.877119064331055,0.3448929488658905,290.1034545898437,4.450773239135742,0.223209798336029,187.7508087158203,4.840051174163818,0.1136630401015281,203.7494659423828,4.784822463989258,0.2399626225233078,170.24893188476562,7143.1455078125,19534.81640625,499.7633666992188,154.93417358398438,2215.052001953125,12459.701171875,4103.14697265625,,23705.74609375,1.1888619661331177,1.2912960052490234,0.0303246024996042,91.33809661865234,2.144970178604126,5.046851634979248,9.47511863708496,103.3197784423828,2.4263463020324707,109.2967300415039,2.5667080879211426,41.10335922241211,0.9652652144432068,87.4873046875,2.05453896522522,,,1009.4488525390624,0.3169358968734741,0.5372655987739563,0.7040321826934814,0.0323680937290191,0.5200130343437195,0.4937132596969604,0.8521052598953247,0.0728781074285507,0.9833272099494934,1.134325385093689,1.4653514623641968,0.8091095685958862,,0.3380204439163208,1.389570713043213,1.6349306106567385,0.7596608996391296,,1.0206059217453003,0.0054867295548319,0.0079052625223994,0.0144890686497092,0.0010970768053084,403.4737854003906,214.90733337402344,14.224623680114746,7.505414009094238
Argentina,2014,ARG,43024071.0,827750786191.0,4.4786481857299805,0.1040963307023048,188.5391845703125,-0.9856640100479126,-0.5200684070587158,366.3091735839844,73.4645767211914,25.08653450012207,8.514052391052246,0.4425355792045593,368.8884887695313,4.382179260253906,0.2277728915214538,189.86676025390625,5.536411762237549,0.1286817342042923,191.6923370361328,4.455467224121094,0.2315821945667266,174.72756958007812,7331.68505859375,19901.126953125,505.2997741699219,156.32244873046875,2307.89599609375,12637.470703125,4187.43896484375,,23080.28515625,1.1996458768844604,1.3882629871368408,0.0322671234607696,92.84390258789062,2.1579525470733643,4.971621990203857,10.446447372436523,177.76998901367188,4.131872653961182,110.42225646972656,2.5665225982666016,41.18979263305664,0.9573661684989928,84.29196166992188,1.9591814279556277,,,993.0078125,0.3000867664813995,0.5316100120544434,0.8747555017471313,0.0368728265166282,0.5104246139526367,0.4946199655532837,0.8525115251541138,0.0721066445112228,0.968547224998474,1.1432029008865356,1.4751380681991575,0.807325005531311,,0.3617413938045501,1.4056662321090698,2.7733609676361084,0.7290536165237427,,1.01506507396698,0.0054897898808121,0.00803938601166,0.0146448016166687,0.0011156256077811,449.4486999511719,213.89942932128903,3.1531519889831543,1.6724120378494265
Argentina,2015,ARG,43477011.0,850356641236.0,4.635950088500977,0.1066299155354499,191.8087921142578,3.269615888595581,1.7341852188110352,303.1791381835937,-63.13004684448242,-17.234086990356445,6.973320484161377,0.3565317392349243,300.1796875,4.411729335784912,0.2255627661943435,189.9111785888672,5.46668815612793,0.1257374435663223,206.1723480224609,4.742100238800049,0.2424539923667907,179.363525390625,7523.4931640625,20204.3046875,510.7664489746094,157.53994750976562,2401.430419921875,12748.8408203125,4274.392578125,,23230.486328125,1.187727689743042,1.2175120115280151,0.0280035808682441,93.53459167480467,2.151357412338257,5.0064568519592285,9.499269485473633,111.37032318115234,2.5615909099578857,109.9660415649414,2.52929162979126,40.85638427734375,0.9397238492965698,86.95404815673828,2.0000007152557373,,,1009.9921264648438,0.3217922747135162,0.5417788028717041,0.7232990264892578,0.0373025014996528,0.5028064846992493,0.4957200884819031,0.8502323031425476,0.0713936984539032,0.953569233417511,1.151164412498474,1.4769105911254885,0.8058039546012878,,0.3193946182727813,1.3900244235992432,1.710067868232727,0.7387754917144775,,1.008370280265808,0.0054882369004189,0.0081574516370892,0.0147797130048275,0.0011340244673192,412.9998779296875,217.665771484375,14.36355209350586,7.488473892211914
Argentina,2016,ARG,43900312.0,832669278245.0,4.132608890533447,0.0941362082958221,190.0204925537109,-1.7883039712905884,-0.9323358535766602,297.87921142578125,-5.299935817718506,-1.7481207847595217,6.785355091094971,0.3577401340007782,296.1845397949219,4.328454494476318,0.22820645570755,188.9394378662109,4.191616058349609,0.0954803228378295,190.40847778320312,4.337292194366455,0.2286723852157592,183.49612426757807,7713.51416015625,20502.18359375,514.9580688476562,158.3811798095703,2497.731689453125,12856.7001953125,4358.94677734375,,22909.21484375,1.2078285217285156,0.8412320017814636,0.0191623233258724,96.30091094970705,2.193627119064331,4.914881229400635,9.44361400604248,107.85870361328124,2.4569005966186523,111.82038116455078,2.5471432209014893,43.59527206420898,0.9930514693260192,84.55413055419922,1.9260483980178835,,,1005.7216796875,0.2799590826034546,0.5368897914886475,0.7306443452835083,0.0292649529874324,0.4939513802528381,0.4966582655906677,0.8482152223587036,0.070566825568676,0.9375778436660768,1.1589128971099854,1.4801862239837646,0.803713321685791,,0.2264370024204254,1.3926681280136108,2.006093740463257,0.7105231285095215,,1.0030221939086914,0.0054977075196802,0.0082741593942046,0.014925523661077,0.0011536565143615,414.5776062011719,215.7648162841797,0.3879840075969696,0.2041800767183303
Argentina,2017,ARG,44288898.0,856142153676.0,4.527687072753906,0.1022307425737381,187.0680084228516,-2.9524800777435303,-1.5537679195404053,267.747802734375,-30.13140869140625,-10.115313529968262,6.045483112335205,0.3127375245094299,268.5566711425781,4.223813056945801,0.2185011208057403,187.63314819335935,4.279551982879639,0.0966280996799469,193.2517852783203,4.363436222076416,0.2257239520549774,188.0238037109375,7900.58203125,20769.93359375,519.2376098632812,159.34100341796875,2594.175537109375,12937.3798828125,4439.80419921875,,22511.015625,1.164512276649475,0.9598199725151062,0.0216717962175607,96.44380950927734,2.1776068210601807,4.809349060058594,8.950509071350098,80.67977905273438,1.821670413017273,115.88998413085938,2.616682529449463,45.99858856201172,1.0386031866073608,80.8571548461914,1.825675368309021,,,996.9880981445312,0.301856517791748,0.5200001001358032,0.6485764384269714,0.0295260269194841,0.4864961504936218,0.4971866607666015,0.8448628783226013,0.0697675570845604,0.9222829341888428,1.1653543710708618,1.4804283380508425,0.8007781505584717,,0.2498150467872619,1.3613134622573853,1.5200321674346924,0.6690541505813599,,0.997326672077179,0.0055154552683234,0.0083797704428434,0.0150695964694023,0.001174370991066,396.4081726074219,213.0007476806641,6.183775901794434,3.3056297302246094
Argentina,2018,ARG,44654876.0,833736983405.0,4.534536838531494,0.1015462875366211,182.48345947265625,-4.584559917449951,-2.450746297836304,295.87225341796875,28.12446403503418,10.504091262817385,6.625754833221436,0.3548748195171356,300.0566101074219,4.08652925491333,0.2188741266727447,185.0642242431641,4.3564958572387695,0.097559243440628,183.6945953369141,4.113651275634766,0.2203267812728881,192.558349609375,8083.0654296875,21065.8046875,523.5941162109375,160.69979858398438,2690.30029296875,13050.7685546875,4515.91259765625,,22081.68359375,1.1826928853988647,1.358780026435852,0.0304284803569316,96.12503814697266,2.152621269226074,4.66885232925415,9.11026096343994,113.38878631591795,2.5392251014709477,115.38678741455078,2.5839684009552,45.20202255249024,1.0122528076171875,76.10860443115234,1.7043739557266235,,,986.0548095703124,0.2931467890739441,0.4967698454856872,0.7109574675559998,0.0295101683586835,0.4790554344654083,0.4971772730350494,0.8426336646080017,0.0689845383167266,0.908892035484314,1.1695549488067627,1.4851067066192627,0.7970489263534546,,0.3362976610660553,1.2955882549285889,2.322577476501465,0.626778244972229,,0.9921498894691468,0.005539009347558,0.0084906537085771,0.0152243906632065,0.0011947266757488,406.8175659179688,208.48703002929688,1.211135983467102,0.6636963486671448
Argentina,2019,ARG,44973469.0,817053926667.0,4.298126220703125,0.095570258796215,180.4276580810547,-2.055792093276977,-1.126563549041748,342.2071533203125,46.33491134643555,15.660440444946287,7.609089851379394,0.4188305735588074,369.6907043457031,4.011868953704834,0.220827117562294,194.9182891845703,2.143397092819214,0.0476591438055038,172.70423889160156,3.8401360511779785,0.2113743424415588,196.85647583007807,8263.4931640625,21408.01171875,525.7374877929688,162.47042846679688,2785.906982421875,13212.5478515625,4592.521484375,,20582.3125,1.1329214572906494,1.7706409692764282,0.0393707901239395,95.6064682006836,2.1258416175842285,4.596436500549316,9.618139266967772,161.77947998046875,3.597220659255981,115.65325927734376,2.571588516235352,46.93900680541992,1.043704390525818,76.60902404785156,1.7034270763397217,,,925.657958984375,0.2660181522369385,0.4865041077136993,0.8152885437011719,0.0145779997110366,0.4708229601383209,0.4969392418861389,0.8421822190284729,0.0679506361484527,0.8969706892967224,1.1725109815597534,1.4952009916305542,0.7933118343353271,,0.4094991385936737,1.262289047241211,3.3102846145629883,0.6215284466743469,,0.9873379468917848,0.0055570928379893,0.0086122285574674,0.0153851862996816,0.0012158646713942,432.5610961914063,206.7176971435547,-7.723423957824707,-4.280620574951172
Argentina,2020,ARG,45191960.0,735814250460.0,3.641663074493408,0.0805820971727371,164.6127166748047,-15.81494426727295,-8.765256881713867,293.6573486328125,-48.54982376098633,-14.18725872039795,6.497999668121338,0.3990916907787323,339.8922119140625,3.64252233505249,0.2237150520086288,190.53016662597656,3.22439193725586,0.0713487938046455,160.07286071777344,3.542065143585205,0.2175451964139938,200.4981384277344,8428.10546875,21701.66796875,528.9619140625,164.4569854736328,2874.99169921875,13341.5927734375,4659.19677734375,,19117.82421875,1.1741713285446167,1.9865649938583372,0.0439583733677864,89.08480834960938,1.971253514289856,4.202359676361084,8.799417495727539,129.04461669921875,2.855477333068848,115.12625122070312,2.547493934631348,48.15571594238281,1.0655815601348877,66.67529296875,1.475379467010498,,,863.9719848632812,0.2242331206798553,0.4682053923606872,0.7401614785194397,0.0226002931594848,0.4616028666496277,0.4963442981243133,0.8406143188476562,0.0671295225620269,0.888321042060852,1.1728790998458862,1.5021268129348757,0.789912223815918,,0.4966396391391754,1.18450927734375,2.857156753540039,0.6098902821540833,,0.9824041724205016,0.0055740475654602,0.0087177762761712,0.0155293745920062,0.0012375505175441,397.6629028320313,189.9128570556641,-4.53985595703125,-2.757901191711426
Argentina,2021,ARG,45312282.0,812324184006.0,4.848045825958252,0.1069918721914291,190.19692993164065,25.58420753479004,15.54206657409668,348.08184814453125,54.42451095581055,18.533336639404297,7.681843280792236,0.428501158952713,367.1024169921875,4.197469711303711,0.2341391891241073,200.59002685546875,4.5103840827941895,0.0995399877429008,182.2754669189453,4.022650241851807,0.2243876010179519,205.34619140625,8618.302734375,22049.751953125,533.4722900390625,166.78175354003906,2968.064453125,13499.4775390625,4744.63818359375,,20925.615234375,1.1672524213790894,2.324760913848877,0.051305316388607,93.07292938232422,2.054033041000366,4.77263069152832,9.653740882873535,157.88491821289062,3.4843733310699463,112.74696350097656,2.488220691680908,48.25636291503906,1.0649731159210205,85.4408187866211,1.885599493980408,,,948.1873779296876,0.2908446788787842,0.5159021019935608,0.8382673263549805,0.030130997300148,0.4552920460700989,0.4967598915100097,0.8405771851539612,0.0664397552609443,0.8817221522331238,1.1731420755386353,1.5119750499725342,0.7889971137046814,,0.5779879093170166,1.1813236474990845,3.390195846557617,0.7421140074729919,,0.9778246879577636,0.0055877328850328,0.0088422605767846,0.0156892742961645,0.0012592816492542,437.4330139160156,216.2587890625,-7.9214558601379395,-4.164870738983154
Argentina,2022,ARG,45407904.0,854914363923.0,5.254691123962402,0.1157219484448432,183.7681427001953,-6.428783893585205,-3.380066156387329,333.00115966796875,-15.080703735351562,-4.332518577575684,7.333550453186035,0.3895140588283539,332.5882873535156,4.047051906585693,0.2149550169706344,183.540283203125,4.730780124664307,0.1041840612888336,183.84576416015625,4.048761367797852,0.2150458246469497,210.6008758544922,8802.0703125,22382.751953125,538.2030639648438,168.976806640625,3057.68505859375,13648.7109375,4826.60498046875,,22049.9375,1.1711599826812744,2.195046901702881,0.0483406372368335,89.62027740478516,1.973671317100525,4.6458516120910645,9.516094207763672,149.2329864501953,3.286498069763184,115.33333587646484,2.539939641952514,50.29621124267578,1.107653260231018,81.96734619140625,1.805133819580078,,,1001.241455078125,0.3328409492969513,0.4896857142448425,0.7869918942451477,0.0306215677410364,0.4511507451534271,0.4966101050376892,0.8397265672683716,0.0657635927200317,0.8748781085014343,1.1726049184799194,1.5205398797988892,0.7870336771011353,,0.5503148436546326,1.155087113380432,3.118511438369751,0.6879391670227051,,0.9726099371910096,0.0056000142358243,0.0089622624218463,0.0158442072570323,0.0012819314142689,432.10589599609375,210.95838928222656,0.0776159986853599,0.0422358289361
Argentina,2023,ARG,45538402.0,,5.036966800689697,0.1106092184782028,178.40699768066406,-5.361152172088623,-2.9173433780670166,323.701416015625,-9.29974365234375,-2.7927041053771973,7.1083173751831055,,322.3280334472656,3.9177262783050537,,177.65005493164062,4.2263689041137695,0.0928089022636413,185.6661071777344,4.077132701873779,,215.6378326416016,8980.4775390625,22706.453125,542.429443359375,171.03060913085938,3145.533935546875,13794.0048828125,4905.84619140625,,22053.052734375,,2.0538129806518555,0.0451006814837455,87.84904479980469,1.929120182991028,4.5185747146606445,9.379297256469728,145.29441833496094,3.190591096878052,114.60221862792967,2.516605854034424,51.35710906982422,1.12777578830719,79.24081420898438,1.7400877475738523,,,1004.2608032226562,0.3270150125026703,0.4683330655097961,0.7556127309799194,0.0270290859043598,0.4471855759620666,0.496015191078186,0.8383960127830505,0.0650373995304107,0.8670459389686584,1.1712467670440674,1.5286449193954468,0.7842532992362976,,0.4992948472499847,1.125859260559082,3.061697244644165,0.6453759670257568,,0.9664194583892822,0.0055966805666685,0.0090798689052462,0.0159816090017557,0.0013050589477643,427.1181945800781,205.7686767578125,7.259119987487793,4.068853855133057
Argentina,2024,ARG,45696153.0,,3.7310359477996826,0.0816487967967987,171.05926513671875,-7.34772777557373,-4.11851978302002,315.46484375,-8.236576080322266,-2.544498443603516,6.903531551361084,,320.8863525390625,3.743406295776367,,173.99905395507812,3.161684036254883,0.0691892802715301,,,,219.36888122558597,9151.537109375,23021.91796875,545.5911254882812,173.56813049316406,3234.702392578125,13938.41015625,4978.306640625,,21513.947265625,,2.537511110305786,0.0555300787091255,89.16838073730469,1.951332449913025,4.348507881164551,9.12509536743164,144.4055633544922,3.160125255584717,114.1239013671875,2.497451066970825,52.29389190673828,1.1443828344345093,72.46065521240234,1.5857058763504028,,,983.1046142578124,0.2533264458179474,0.4431750178337097,0.7305117249488831,0.0200040061026811,0.4414400160312652,0.4949122071266174,0.8367028832435608,0.0641998648643493,0.8617491126060486,1.1695667505264282,1.536838173866272,0.7802814841270447,,0.6104075908660889,1.1132372617721558,3.14917254447937,0.5810520648956299,,0.9599483013153076,0.0055900868028402,0.0091927051544189,0.0161113999783992,0.001328608370386,416.9817504882813,198.7100830078125,,
